ID,Credit_Score
0x160a,Standard
0x160b,Standard
0x160c,Standard
0x160d,Standard
0x1616,Good
0x1617,Good
0x1618,Good
0x1619,Good
0x1622,Good
0x1623,Good
0x1624,Good
0x1625,Good
0x162e,Good
0x162f,Good
0x1630,Good
0x1631,Good
0x163a,Good
0x163b,Good
0x163c,Standard
0x163d,Good
0x1646,Good
0x1647,Good
0x1648,Good
0x1649,Good
0x1652,Good
0x1653,Good
0x1654,Good
0x1655,Good
0x165e,Poor
0x165f,Poor
0x1660,Poor
0x1661,Poor
0x166a,Good
0x166b,Standard
0x166c,Good
0x166d,Standard
0x1676,Good
0x1677,Good
0x1678,Good
0x1679,Good
0x1682,Poor
0x1683,Standard
0x1684,Poor
0x1685,Poor
0x168e,Good
0x168f,Good
0x1690,Good
0x1691,Good
0x169a,Good
0x169b,Good
0x169c,Good
0x169d,Good
0x16a6,Poor
0x16a7,Poor
0x16a8,Poor
0x16a9,Poor
0x16b2,Standard
0x16b3,Standard
0x16b4,Standard
0x16b5,Standard
0x16be,Good
0x16bf,Standard
0x16c0,Standard
0x16c1,Standard
0x16ca,Good
0x16cb,Good
0x16cc,Good
0x16cd,Good
0x16d6,Standard
0x16d7,Standard
0x16d8,Standard
0x16d9,Poor
0x16e2,Good
0x16e3,Good
0x16e4,Good
0x16e5,Good
0x16ee,Poor
0x16ef,Poor
0x16f0,Poor
0x16f1,Poor
0x16fa,Standard
0x16fb,Standard
0x16fc,Standard
0x16fd,Standard
0x1706,Poor
0x1707,Poor
0x1708,Poor
0x1709,Poor
0x1712,Good
0x1713,Good
0x1714,Good
0x1715,Good
0x171e,Standard
0x171f,Standard
0x1720,Standard
0x1721,Standard
0x172a,Poor
0x172b,Poor
0x172c,Poor
0x172d,Poor
0x1736,Good
0x1737,Standard
0x1738,Good
0x1739,Good
0x1742,Poor
0x1743,Poor
0x1744,Poor
0x1745,Poor
0x174e,Standard
0x174f,Standard
0x1750,Standard
0x1751,Standard
0x175a,Good
0x175b,Good
0x175c,Good
0x175d,Good
0x1766,Poor
0x1767,Poor
0x1768,Poor
0x1769,Standard
0x1772,Good
0x1773,Good
0x1774,Good
0x1775,Good
0x177e,Poor
0x177f,Poor
0x1780,Poor
0x1781,Poor
0x178a,Standard
0x178b,Standard
0x178c,Standard
0x178d,Standard
0x1796,Good
0x1797,Good
0x1798,Good
0x1799,Good
0x17a2,Good
0x17a3,Good
0x17a4,Good
0x17a5,Good
0x17ae,Standard
0x17af,Standard
0x17b0,Standard
0x17b1,Standard
0x17ba,Poor
0x17bb,Poor
0x17bc,Poor
0x17bd,Poor
0x17c6,Poor
0x17c7,Standard
0x17c8,Standard
0x17c9,Standard
0x17d2,Poor
0x17d3,Poor
0x17d4,Poor
0x17d5,Poor
0x17de,Good
0x17df,Good
0x17e0,Good
0x17e1,Good
0x17ea,Good
0x17eb,Standard
0x17ec,Good
0x17ed,Standard
0x17f6,Poor
0x17f7,Poor
0x17f8,Poor
0x17f9,Poor
0x1802,Standard
0x1803,Standard
0x1804,Standard
0x1805,Standard
0x180e,Good
0x180f,Good
0x1810,Good
0x1811,Good
0x181a,Good
0x181b,Good
0x181c,Good
0x181d,Poor
0x1826,Poor
0x1827,Poor
0x1828,Poor
0x1829,Poor
0x1832,Poor
0x1833,Poor
0x1834,Poor
0x1835,Poor
0x183e,Good
0x183f,Good
0x1840,Good
0x1841,Good
0x184a,Poor
0x184b,Poor
0x184c,Poor
0x184d,Poor
0x1856,Good
0x1857,Good
0x1858,Good
0x1859,Good
0x1862,Poor
0x1863,Poor
0x1864,Poor
0x1865,Poor
0x186e,Poor
0x186f,Poor
0x1870,Poor
0x1871,Poor
0x187a,Poor
0x187b,Poor
0x187c,Poor
0x187d,Poor
0x1886,Good
0x1887,Standard
0x1888,Good
0x1889,Good
0x1892,Poor
0x1893,Poor
0x1894,Poor
0x1895,Poor
0x189e,Good
0x189f,Good
0x18a0,Good
0x18a1,Good
0x18aa,Good
0x18ab,Good
0x18ac,Good
0x18ad,Good
0x18b6,Poor
0x18b7,Poor
0x18b8,Poor
0x18b9,Poor
0x18c2,Poor
0x18c3,Standard
0x18c4,Poor
0x18c5,Poor
0x18ce,Poor
0x18cf,Poor
0x18d0,Poor
0x18d1,Standard
0x18da,Poor
0x18db,Poor
0x18dc,Poor
0x18dd,Poor
0x18e6,Standard
0x18e7,Good
0x18e8,Standard
0x18e9,Standard
0x18f2,Good
0x18f3,Good
0x18f4,Good
0x18f5,Good
0x18fe,Good
0x18ff,Good
0x1900,Good
0x1901,Good
0x190a,Good
0x190b,Standard
0x190c,Poor
0x190d,Standard
0x1916,Standard
0x1917,Poor
0x1918,Poor
0x1919,Poor
0x1922,Poor
0x1923,Poor
0x1924,Poor
0x1925,Poor
0x192e,Poor
0x192f,Poor
0x1930,Poor
0x1931,Poor
0x193a,Good
0x193b,Good
0x193c,Good
0x193d,Good
0x1946,Poor
0x1947,Poor
0x1948,Poor
0x1949,Poor
0x1952,Good
0x1953,Good
0x1954,Good
0x1955,Good
0x195e,Good
0x195f,Good
0x1960,Good
0x1961,Good
0x196a,Good
0x196b,Good
0x196c,Good
0x196d,Good
0x1976,Standard
0x1977,Poor
0x1978,Poor
0x1979,Poor
0x1982,Good
0x1983,Good
0x1984,Good
0x1985,Good
0x198e,Poor
0x198f,Poor
0x1990,Poor
0x1991,Poor
0x199a,Good
0x199b,Good
0x199c,Good
0x199d,Good
0x19a6,Good
0x19a7,Good
0x19a8,Good
0x19a9,Good
0x19b2,Standard
0x19b3,Standard
0x19b4,Poor
0x19b5,Standard
0x19be,Poor
0x19bf,Poor
0x19c0,Poor
0x19c1,Poor
0x19ca,Good
0x19cb,Good
0x19cc,Good
0x19cd,Good
0x19d6,Standard
0x19d7,Good
0x19d8,Good
0x19d9,Good
0x19e2,Good
0x19e3,Good
0x19e4,Good
0x19e5,Standard
0x19ee,Good
0x19ef,Good
0x19f0,Good
0x19f1,Good
0x19fa,Good
0x19fb,Good
0x19fc,Good
0x19fd,Good
0x1a06,Poor
0x1a07,Poor
0x1a08,Poor
0x1a09,Poor
0x1a12,Poor
0x1a13,Standard
0x1a14,Standard
0x1a15,Standard
0x1a1e,Good
0x1a1f,Good
0x1a20,Good
0x1a21,Good
0x1a2a,Standard
0x1a2b,Standard
0x1a2c,Standard
0x1a2d,Standard
0x1a36,Good
0x1a37,Good
0x1a38,Good
0x1a39,Good
0x1a42,Good
0x1a43,Good
0x1a44,Good
0x1a45,Good
0x1a4e,Good
0x1a4f,Good
0x1a50,Good
0x1a51,Good
0x1a5a,Good
0x1a5b,Good
0x1a5c,Good
0x1a5d,Good
0x1a66,Good
0x1a67,Good
0x1a68,Good
0x1a69,Good
0x1a72,Poor
0x1a73,Poor
0x1a74,Poor
0x1a75,Poor
0x1a7e,Poor
0x1a7f,Poor
0x1a80,Poor
0x1a81,Poor
0x1a8a,Poor
0x1a8b,Standard
0x1a8c,Standard
0x1a8d,Standard
0x1a96,Good
0x1a97,Good
0x1a98,Good
0x1a99,Good
0x1aa2,Good
0x1aa3,Good
0x1aa4,Good
0x1aa5,Good
0x1aae,Poor
0x1aaf,Poor
0x1ab0,Poor
0x1ab1,Poor
0x1aba,Good
0x1abb,Good
0x1abc,Good
0x1abd,Good
0x1ac6,Good
0x1ac7,Good
0x1ac8,Good
0x1ac9,Good
0x1ad2,Standard
0x1ad3,Poor
0x1ad4,Standard
0x1ad5,Poor
0x1ade,Standard
0x1adf,Standard
0x1ae0,Standard
0x1ae1,Standard
0x1aea,Poor
0x1aeb,Poor
0x1aec,Poor
0x1aed,Poor
0x1af6,Poor
0x1af7,Poor
0x1af8,Standard
0x1af9,Poor
0x1b02,Standard
0x1b03,Standard
0x1b04,Standard
0x1b05,Standard
0x1b0e,Good
0x1b0f,Good
0x1b10,Good
0x1b11,Good
0x1b1a,Good
0x1b1b,Good
0x1b1c,Good
0x1b1d,Good
0x1b26,Good
0x1b27,Good
0x1b28,Good
0x1b29,Good
0x1b32,Good
0x1b33,Good
0x1b34,Good
0x1b35,Good
0x1b3e,Good
0x1b3f,Good
0x1b40,Good
0x1b41,Good
0x1b4a,Good
0x1b4b,Good
0x1b4c,Good
0x1b4d,Good
0x1b56,Poor
0x1b57,Poor
0x1b58,Poor
0x1b59,Poor
0x1b62,Standard
0x1b63,Standard
0x1b64,Good
0x1b65,Standard
0x1b6e,Good
0x1b6f,Good
0x1b70,Good
0x1b71,Good
0x1b7a,Poor
0x1b7b,Poor
0x1b7c,Poor
0x1b7d,Poor
0x1b86,Poor
0x1b87,Poor
0x1b88,Poor
0x1b89,Poor
0x1b92,Poor
0x1b93,Poor
0x1b94,Poor
0x1b95,Poor
0x1b9e,Good
0x1b9f,Good
0x1ba0,Good
0x1ba1,Good
0x1baa,Poor
0x1bab,Poor
0x1bac,Poor
0x1bad,Poor
0x1bb6,Poor
0x1bb7,Poor
0x1bb8,Poor
0x1bb9,Poor
0x1bc2,Poor
0x1bc3,Poor
0x1bc4,Poor
0x1bc5,Poor
0x1bce,Standard
0x1bcf,Standard
0x1bd0,Good
0x1bd1,Standard
0x1bda,Good
0x1bdb,Good
0x1bdc,Good
0x1bdd,Good
0x1be6,Poor
0x1be7,Poor
0x1be8,Poor
0x1be9,Poor
0x1bf2,Standard
0x1bf3,Poor
0x1bf4,Standard
0x1bf5,Standard
0x1bfe,Good
0x1bff,Good
0x1c00,Good
0x1c01,Good
0x1c0a,Good
0x1c0b,Good
0x1c0c,Good
0x1c0d,Good
0x1c16,Standard
0x1c17,Standard
0x1c18,Standard
0x1c19,Standard
0x1c22,Poor
0x1c23,Poor
0x1c24,Standard
0x1c25,Poor
0x1c2e,Standard
0x1c2f,Standard
0x1c30,Standard
0x1c31,Standard
0x1c3a,Poor
0x1c3b,Poor
0x1c3c,Poor
0x1c3d,Poor
0x1c46,Poor
0x1c47,Poor
0x1c48,Poor
0x1c49,Poor
0x1c52,Good
0x1c53,Good
0x1c54,Good
0x1c55,Good
0x1c5e,Poor
0x1c5f,Poor
0x1c60,Standard
0x1c61,Poor
0x1c6a,Good
0x1c6b,Good
0x1c6c,Good
0x1c6d,Good
0x1c76,Good
0x1c77,Good
0x1c78,Good
0x1c79,Good
0x1c82,Good
0x1c83,Good
0x1c84,Good
0x1c85,Good
0x1c8e,Good
0x1c8f,Good
0x1c90,Good
0x1c91,Good
0x1c9a,Poor
0x1c9b,Poor
0x1c9c,Poor
0x1c9d,Poor
0x1ca6,Standard
0x1ca7,Standard
0x1ca8,Standard
0x1ca9,Standard
0x1cb2,Standard
0x1cb3,Standard
0x1cb4,Standard
0x1cb5,Standard
0x1cbe,Standard
0x1cbf,Standard
0x1cc0,Standard
0x1cc1,Standard
0x1cca,Poor
0x1ccb,Poor
0x1ccc,Poor
0x1ccd,Poor
0x1cd6,Standard
0x1cd7,Standard
0x1cd8,Standard
0x1cd9,Standard
0x1ce2,Good
0x1ce3,Good
0x1ce4,Good
0x1ce5,Good
0x1cee,Poor
0x1cef,Poor
0x1cf0,Poor
0x1cf1,Poor
0x1cfa,Good
0x1cfb,Good
0x1cfc,Good
0x1cfd,Good
0x1d06,Poor
0x1d07,Poor
0x1d08,Poor
0x1d09,Poor
0x1d12,Good
0x1d13,Good
0x1d14,Good
0x1d15,Good
0x1d1e,Good
0x1d1f,Good
0x1d20,Good
0x1d21,Good
0x1d2a,Good
0x1d2b,Good
0x1d2c,Good
0x1d2d,Good
0x1d36,Standard
0x1d37,Standard
0x1d38,Standard
0x1d39,Standard
0x1d42,Good
0x1d43,Good
0x1d44,Good
0x1d45,Good
0x1d4e,Standard
0x1d4f,Standard
0x1d50,Standard
0x1d51,Standard
0x1d5a,Standard
0x1d5b,Standard
0x1d5c,Standard
0x1d5d,Standard
0x1d66,Standard
0x1d67,Standard
0x1d68,Standard
0x1d69,Standard
0x1d72,Good
0x1d73,Good
0x1d74,Good
0x1d75,Good
0x1d7e,Good
0x1d7f,Good
0x1d80,Good
0x1d81,Good
0x1d8a,Poor
0x1d8b,Poor
0x1d8c,Poor
0x1d8d,Poor
0x1d96,Poor
0x1d97,Poor
0x1d98,Poor
0x1d99,Poor
0x1da2,Poor
0x1da3,Poor
0x1da4,Poor
0x1da5,Poor
0x1dae,Good
0x1daf,Good
0x1db0,Good
0x1db1,Good
0x1dba,Poor
0x1dbb,Poor
0x1dbc,Poor
0x1dbd,Poor
0x1dc6,Good
0x1dc7,Good
0x1dc8,Good
0x1dc9,Good
0x1dd2,Poor
0x1dd3,Poor
0x1dd4,Poor
0x1dd5,Poor
0x1dde,Good
0x1ddf,Good
0x1de0,Standard
0x1de1,Good
0x1dea,Good
0x1deb,Good
0x1dec,Good
0x1ded,Good
0x1df6,Poor
0x1df7,Poor
0x1df8,Poor
0x1df9,Poor
0x1e02,Standard
0x1e03,Standard
0x1e04,Standard
0x1e05,Standard
0x1e0e,Poor
0x1e0f,Poor
0x1e10,Poor
0x1e11,Poor
0x1e1a,Good
0x1e1b,Good
0x1e1c,Good
0x1e1d,Good
0x1e26,Good
0x1e27,Good
0x1e28,Good
0x1e29,Good
0x1e32,Good
0x1e33,Good
0x1e34,Good
0x1e35,Good
0x1e3e,Poor
0x1e3f,Poor
0x1e40,Poor
0x1e41,Poor
0x1e4a,Good
0x1e4b,Good
0x1e4c,Good
0x1e4d,Good
0x1e56,Standard
0x1e57,Standard
0x1e58,Standard
0x1e59,Standard
0x1e62,Standard
0x1e63,Standard
0x1e64,Good
0x1e65,Good
0x1e6e,Standard
0x1e6f,Standard
0x1e70,Standard
0x1e71,Standard
0x1e7a,Good
0x1e7b,Good
0x1e7c,Good
0x1e7d,Good
0x1e86,Standard
0x1e87,Standard
0x1e88,Standard
0x1e89,Standard
0x1e92,Good
0x1e93,Good
0x1e94,Good
0x1e95,Good
0x1e9e,Good
0x1e9f,Good
0x1ea0,Good
0x1ea1,Good
0x1eaa,Poor
0x1eab,Poor
0x1eac,Poor
0x1ead,Poor
0x1eb6,Standard
0x1eb7,Standard
0x1eb8,Good
0x1eb9,Good
0x1ec2,Poor
0x1ec3,Poor
0x1ec4,Poor
0x1ec5,Poor
0x1ece,Good
0x1ecf,Good
0x1ed0,Good
0x1ed1,Good
0x1eda,Poor
0x1edb,Poor
0x1edc,Poor
0x1edd,Poor
0x1ee6,Standard
0x1ee7,Standard
0x1ee8,Poor
0x1ee9,Poor
0x1ef2,Poor
0x1ef3,Poor
0x1ef4,Standard
0x1ef5,Poor
0x1efe,Standard
0x1eff,Good
0x1f00,Standard
0x1f01,Good
0x1f0a,Poor
0x1f0b,Poor
0x1f0c,Poor
0x1f0d,Poor
0x1f16,Good
0x1f17,Good
0x1f18,Good
0x1f19,Good
0x1f22,Good
0x1f23,Good
0x1f24,Good
0x1f25,Good
0x1f2e,Standard
0x1f2f,Standard
0x1f30,Standard
0x1f31,Standard
0x1f3a,Good
0x1f3b,Good
0x1f3c,Standard
0x1f3d,Standard
0x1f46,Good
0x1f47,Good
0x1f48,Good
0x1f49,Good
0x1f52,Good
0x1f53,Good
0x1f54,Good
0x1f55,Standard
0x1f5e,Standard
0x1f5f,Good
0x1f60,Good
0x1f61,Good
0x1f6a,Standard
0x1f6b,Poor
0x1f6c,Standard
0x1f6d,Poor
0x1f76,Good
0x1f77,Good
0x1f78,Good
0x1f79,Good
0x1f82,Poor
0x1f83,Poor
0x1f84,Poor
0x1f85,Poor
0x1f8e,Good
0x1f8f,Good
0x1f90,Good
0x1f91,Good
0x1f9a,Standard
0x1f9b,Standard
0x1f9c,Standard
0x1f9d,Standard
0x1fa6,Good
0x1fa7,Good
0x1fa8,Good
0x1fa9,Good
0x1fb2,Standard
0x1fb3,Standard
0x1fb4,Standard
0x1fb5,Poor
0x1fbe,Good
0x1fbf,Good
0x1fc0,Good
0x1fc1,Good
0x1fca,Standard
0x1fcb,Standard
0x1fcc,Standard
0x1fcd,Standard
0x1fd6,Poor
0x1fd7,Poor
0x1fd8,Poor
0x1fd9,Poor
0x1fe2,Good
0x1fe3,Good
0x1fe4,Good
0x1fe5,Good
0x1fee,Good
0x1fef,Good
0x1ff0,Good
0x1ff1,Good
0x1ffa,Poor
0x1ffb,Poor
0x1ffc,Poor
0x1ffd,Poor
0x2006,Poor
0x2007,Poor
0x2008,Poor
0x2009,Poor
0x2012,Poor
0x2013,Poor
0x2014,Poor
0x2015,Poor
0x201e,Standard
0x201f,Standard
0x2020,Standard
0x2021,Standard
0x202a,Good
0x202b,Good
0x202c,Good
0x202d,Good
0x2036,Poor
0x2037,Poor
0x2038,Poor
0x2039,Poor
0x2042,Poor
0x2043,Poor
0x2044,Poor
0x2045,Poor
0x204e,Poor
0x204f,Poor
0x2050,Poor
0x2051,Poor
0x205a,Poor
0x205b,Poor
0x205c,Poor
0x205d,Poor
0x2066,Standard
0x2067,Standard
0x2068,Standard
0x2069,Standard
0x2072,Good
0x2073,Standard
0x2074,Good
0x2075,Standard
0x207e,Poor
0x207f,Poor
0x2080,Poor
0x2081,Poor
0x208a,Poor
0x208b,Poor
0x208c,Poor
0x208d,Poor
0x2096,Poor
0x2097,Poor
0x2098,Poor
0x2099,Poor
0x20a2,Standard
0x20a3,Standard
0x20a4,Standard
0x20a5,Standard
0x20ae,Good
0x20af,Good
0x20b0,Good
0x20b1,Good
0x20ba,Good
0x20bb,Good
0x20bc,Good
0x20bd,Good
0x20c6,Good
0x20c7,Good
0x20c8,Good
0x20c9,Good
0x20d2,Poor
0x20d3,Poor
0x20d4,Poor
0x20d5,Poor
0x20de,Good
0x20df,Standard
0x20e0,Good
0x20e1,Good
0x20ea,Standard
0x20eb,Standard
0x20ec,Standard
0x20ed,Standard
0x20f6,Standard
0x20f7,Standard
0x20f8,Standard
0x20f9,Standard
0x2102,Poor
0x2103,Poor
0x2104,Poor
0x2105,Poor
0x210e,Poor
0x210f,Poor
0x2110,Poor
0x2111,Poor
0x211a,Good
0x211b,Good
0x211c,Good
0x211d,Good
0x2126,Good
0x2127,Standard
0x2128,Good
0x2129,Good
0x2132,Standard
0x2133,Poor
0x2134,Standard
0x2135,Standard
0x213e,Standard
0x213f,Good
0x2140,Good
0x2141,Good
0x214a,Standard
0x214b,Poor
0x214c,Standard
0x214d,Standard
0x2156,Poor
0x2157,Poor
0x2158,Poor
0x2159,Poor
0x2162,Good
0x2163,Good
0x2164,Good
0x2165,Good
0x216e,Good
0x216f,Good
0x2170,Good
0x2171,Good
0x217a,Standard
0x217b,Standard
0x217c,Standard
0x217d,Standard
0x2186,Standard
0x2187,Standard
0x2188,Standard
0x2189,Standard
0x2192,Poor
0x2193,Good
0x2194,Good
0x2195,Good
0x219e,Standard
0x219f,Standard
0x21a0,Standard
0x21a1,Standard
0x21aa,Standard
0x21ab,Standard
0x21ac,Standard
0x21ad,Standard
0x21b6,Poor
0x21b7,Poor
0x21b8,Poor
0x21b9,Poor
0x21c2,Good
0x21c3,Good
0x21c4,Good
0x21c5,Good
0x21ce,Good
0x21cf,Good
0x21d0,Good
0x21d1,Good
0x21da,Good
0x21db,Good
0x21dc,Good
0x21dd,Good
0x21e6,Standard
0x21e7,Standard
0x21e8,Standard
0x21e9,Standard
0x21f2,Good
0x21f3,Good
0x21f4,Good
0x21f5,Good
0x21fe,Good
0x21ff,Good
0x2200,Good
0x2201,Good
0x220a,Poor
0x220b,Poor
0x220c,Poor
0x220d,Poor
0x2216,Good
0x2217,Good
0x2218,Good
0x2219,Good
0x2222,Standard
0x2223,Poor
0x2224,Standard
0x2225,Standard
0x222e,Good
0x222f,Good
0x2230,Good
0x2231,Good
0x223a,Good
0x223b,Good
0x223c,Good
0x223d,Good
0x2246,Poor
0x2247,Poor
0x2248,Poor
0x2249,Poor
0x2252,Poor
0x2253,Poor
0x2254,Poor
0x2255,Poor
0x225e,Standard
0x225f,Standard
0x2260,Standard
0x2261,Standard
0x226a,Good
0x226b,Good
0x226c,Good
0x226d,Good
0x2276,Standard
0x2277,Standard
0x2278,Standard
0x2279,Standard
0x2282,Poor
0x2283,Poor
0x2284,Poor
0x2285,Poor
0x228e,Poor
0x228f,Poor
0x2290,Poor
0x2291,Poor
0x229a,Poor
0x229b,Poor
0x229c,Poor
0x229d,Poor
0x22a6,Poor
0x22a7,Poor
0x22a8,Poor
0x22a9,Poor
0x22b2,Good
0x22b3,Good
0x22b4,Good
0x22b5,Good
0x22be,Poor
0x22bf,Poor
0x22c0,Poor
0x22c1,Poor
0x22ca,Poor
0x22cb,Poor
0x22cc,Poor
0x22cd,Standard
0x22d6,Good
0x22d7,Good
0x22d8,Good
0x22d9,Good
0x22e2,Poor
0x22e3,Poor
0x22e4,Poor
0x22e5,Poor
0x22ee,Good
0x22ef,Good
0x22f0,Good
0x22f1,Good
0x22fa,Good
0x22fb,Good
0x22fc,Good
0x22fd,Good
0x2306,Standard
0x2307,Standard
0x2308,Standard
0x2309,Standard
0x2312,Good
0x2313,Good
0x2314,Good
0x2315,Good
0x231e,Poor
0x231f,Poor
0x2320,Poor
0x2321,Poor
0x232a,Poor
0x232b,Poor
0x232c,Poor
0x232d,Poor
0x2336,Poor
0x2337,Poor
0x2338,Poor
0x2339,Poor
0x2342,Poor
0x2343,Poor
0x2344,Poor
0x2345,Poor
0x234e,Standard
0x234f,Standard
0x2350,Good
0x2351,Standard
0x235a,Good
0x235b,Good
0x235c,Good
0x235d,Good
0x2366,Good
0x2367,Good
0x2368,Good
0x2369,Good
0x2372,Good
0x2373,Good
0x2374,Good
0x2375,Good
0x237e,Standard
0x237f,Standard
0x2380,Standard
0x2381,Standard
0x238a,Poor
0x238b,Poor
0x238c,Poor
0x238d,Standard
0x2396,Poor
0x2397,Poor
0x2398,Poor
0x2399,Poor
0x23a2,Good
0x23a3,Good
0x23a4,Good
0x23a5,Good
0x23ae,Poor
0x23af,Poor
0x23b0,Poor
0x23b1,Poor
0x23ba,Good
0x23bb,Good
0x23bc,Good
0x23bd,Good
0x23c6,Good
0x23c7,Good
0x23c8,Good
0x23c9,Good
0x23d2,Good
0x23d3,Good
0x23d4,Good
0x23d5,Good
0x23de,Good
0x23df,Good
0x23e0,Good
0x23e1,Good
0x23ea,Good
0x23eb,Standard
0x23ec,Good
0x23ed,Good
0x23f6,Good
0x23f7,Good
0x23f8,Good
0x23f9,Good
0x2402,Good
0x2403,Good
0x2404,Good
0x2405,Good
0x240e,Poor
0x240f,Poor
0x2410,Poor
0x2411,Poor
0x241a,Good
0x241b,Good
0x241c,Good
0x241d,Good
0x2426,Good
0x2427,Good
0x2428,Good
0x2429,Good
0x2432,Poor
0x2433,Poor
0x2434,Poor
0x2435,Poor
0x243e,Standard
0x243f,Poor
0x2440,Standard
0x2441,Standard
0x244a,Good
0x244b,Good
0x244c,Good
0x244d,Good
0x2456,Standard
0x2457,Poor
0x2458,Poor
0x2459,Standard
0x2462,Poor
0x2463,Poor
0x2464,Poor
0x2465,Poor
0x246e,Standard
0x246f,Poor
0x2470,Poor
0x2471,Poor
0x247a,Standard
0x247b,Standard
0x247c,Standard
0x247d,Standard
0x2486,Poor
0x2487,Poor
0x2488,Poor
0x2489,Poor
0x2492,Standard
0x2493,Standard
0x2494,Good
0x2495,Standard
0x249e,Poor
0x249f,Poor
0x24a0,Standard
0x24a1,Poor
0x24aa,Good
0x24ab,Good
0x24ac,Good
0x24ad,Good
0x24b6,Good
0x24b7,Good
0x24b8,Good
0x24b9,Good
0x24c2,Standard
0x24c3,Standard
0x24c4,Standard
0x24c5,Standard
0x24ce,Poor
0x24cf,Poor
0x24d0,Poor
0x24d1,Poor
0x24da,Standard
0x24db,Standard
0x24dc,Standard
0x24dd,Poor
0x24e6,Good
0x24e7,Good
0x24e8,Good
0x24e9,Good
0x24f2,Good
0x24f3,Good
0x24f4,Good
0x24f5,Good
0x24fe,Good
0x24ff,Good
0x2500,Good
0x2501,Good
0x250a,Poor
0x250b,Standard
0x250c,Standard
0x250d,Standard
0x2516,Standard
0x2517,Standard
0x2518,Poor
0x2519,Standard
0x2522,Good
0x2523,Good
0x2524,Good
0x2525,Good
0x252e,Poor
0x252f,Poor
0x2530,Poor
0x2531,Poor
0x253a,Good
0x253b,Good
0x253c,Good
0x253d,Good
0x2546,Good
0x2547,Good
0x2548,Good
0x2549,Good
0x2552,Poor
0x2553,Poor
0x2554,Poor
0x2555,Poor
0x255e,Good
0x255f,Good
0x2560,Good
0x2561,Good
0x256a,Poor
0x256b,Poor
0x256c,Poor
0x256d,Poor
0x2576,Standard
0x2577,Standard
0x2578,Standard
0x2579,Standard
0x2582,Poor
0x2583,Poor
0x2584,Poor
0x2585,Poor
0x258e,Good
0x258f,Good
0x2590,Good
0x2591,Good
0x259a,Standard
0x259b,Standard
0x259c,Standard
0x259d,Standard
0x25a6,Standard
0x25a7,Standard
0x25a8,Standard
0x25a9,Standard
0x25b2,Poor
0x25b3,Poor
0x25b4,Poor
0x25b5,Poor
0x25be,Good
0x25bf,Good
0x25c0,Good
0x25c1,Good
0x25ca,Good
0x25cb,Good
0x25cc,Good
0x25cd,Good
0x25d6,Good
0x25d7,Good
0x25d8,Good
0x25d9,Good
0x25e2,Standard
0x25e3,Standard
0x25e4,Standard
0x25e5,Standard
0x25ee,Standard
0x25ef,Standard
0x25f0,Poor
0x25f1,Standard
0x25fa,Poor
0x25fb,Standard
0x25fc,Standard
0x25fd,Standard
0x2606,Poor
0x2607,Poor
0x2608,Poor
0x2609,Standard
0x2612,Poor
0x2613,Poor
0x2614,Poor
0x2615,Poor
0x261e,Standard
0x261f,Standard
0x2620,Standard
0x2621,Standard
0x262a,Poor
0x262b,Poor
0x262c,Poor
0x262d,Poor
0x2636,Poor
0x2637,Poor
0x2638,Poor
0x2639,Poor
0x2642,Good
0x2643,Good
0x2644,Good
0x2645,Good
0x264e,Good
0x264f,Good
0x2650,Good
0x2651,Good
0x265a,Good
0x265b,Good
0x265c,Good
0x265d,Good
0x2666,Good
0x2667,Good
0x2668,Good
0x2669,Good
0x2672,Poor
0x2673,Poor
0x2674,Poor
0x2675,Poor
0x267e,Good
0x267f,Standard
0x2680,Standard
0x2681,Good
0x268a,Good
0x268b,Standard
0x268c,Standard
0x268d,Standard
0x2696,Standard
0x2697,Standard
0x2698,Standard
0x2699,Standard
0x26a2,Good
0x26a3,Good
0x26a4,Good
0x26a5,Standard
0x26ae,Standard
0x26af,Standard
0x26b0,Poor
0x26b1,Poor
0x26ba,Good
0x26bb,Good
0x26bc,Good
0x26bd,Good
0x26c6,Standard
0x26c7,Poor
0x26c8,Standard
0x26c9,Standard
0x26d2,Poor
0x26d3,Poor
0x26d4,Poor
0x26d5,Poor
0x26de,Poor
0x26df,Poor
0x26e0,Poor
0x26e1,Poor
0x26ea,Poor
0x26eb,Poor
0x26ec,Poor
0x26ed,Poor
0x26f6,Good
0x26f7,Good
0x26f8,Good
0x26f9,Good
0x2702,Poor
0x2703,Poor
0x2704,Poor
0x2705,Poor
0x270e,Good
0x270f,Good
0x2710,Good
0x2711,Good
0x271a,Standard
0x271b,Standard
0x271c,Poor
0x271d,Poor
0x2726,Standard
0x2727,Standard
0x2728,Standard
0x2729,Standard
0x2732,Good
0x2733,Good
0x2734,Good
0x2735,Good
0x273e,Good
0x273f,Good
0x2740,Good
0x2741,Good
0x274a,Standard
0x274b,Standard
0x274c,Standard
0x274d,Standard
0x2756,Poor
0x2757,Poor
0x2758,Poor
0x2759,Poor
0x2762,Good
0x2763,Good
0x2764,Good
0x2765,Good
0x276e,Good
0x276f,Good
0x2770,Good
0x2771,Good
0x277a,Poor
0x277b,Poor
0x277c,Poor
0x277d,Poor
0x2786,Good
0x2787,Good
0x2788,Good
0x2789,Good
0x2792,Standard
0x2793,Standard
0x2794,Standard
0x2795,Standard
0x279e,Good
0x279f,Good
0x27a0,Good
0x27a1,Good
0x27aa,Good
0x27ab,Good
0x27ac,Good
0x27ad,Good
0x27b6,Standard
0x27b7,Standard
0x27b8,Standard
0x27b9,Standard
0x27c2,Standard
0x27c3,Standard
0x27c4,Standard
0x27c5,Standard
0x27ce,Good
0x27cf,Good
0x27d0,Good
0x27d1,Good
0x27da,Poor
0x27db,Poor
0x27dc,Poor
0x27dd,Poor
0x27e6,Good
0x27e7,Good
0x27e8,Good
0x27e9,Good
0x27f2,Poor
0x27f3,Poor
0x27f4,Poor
0x27f5,Poor
0x27fe,Good
0x27ff,Standard
0x2800,Standard
0x2801,Standard
0x280a,Poor
0x280b,Poor
0x280c,Poor
0x280d,Poor
0x2816,Standard
0x2817,Standard
0x2818,Standard
0x2819,Standard
0x2822,Good
0x2823,Good
0x2824,Good
0x2825,Good
0x282e,Poor
0x282f,Poor
0x2830,Poor
0x2831,Poor
0x283a,Poor
0x283b,Poor
0x283c,Poor
0x283d,Poor
0x2846,Standard
0x2847,Standard
0x2848,Standard
0x2849,Standard
0x2852,Poor
0x2853,Standard
0x2854,Standard
0x2855,Poor
0x285e,Good
0x285f,Good
0x2860,Good
0x2861,Good
0x286a,Poor
0x286b,Poor
0x286c,Poor
0x286d,Poor
0x2876,Poor
0x2877,Poor
0x2878,Poor
0x2879,Poor
0x2882,Good
0x2883,Good
0x2884,Good
0x2885,Good
0x288e,Good
0x288f,Good
0x2890,Good
0x2891,Good
0x289a,Poor
0x289b,Poor
0x289c,Standard
0x289d,Poor
0x28a6,Poor
0x28a7,Poor
0x28a8,Poor
0x28a9,Poor
0x28b2,Good
0x28b3,Good
0x28b4,Good
0x28b5,Good
0x28be,Poor
0x28bf,Poor
0x28c0,Poor
0x28c1,Standard
0x28ca,Poor
0x28cb,Poor
0x28cc,Poor
0x28cd,Poor
0x28d6,Poor
0x28d7,Poor
0x28d8,Poor
0x28d9,Poor
0x28e2,Good
0x28e3,Good
0x28e4,Good
0x28e5,Good
0x28ee,Standard
0x28ef,Good
0x28f0,Standard
0x28f1,Standard
0x28fa,Good
0x28fb,Good
0x28fc,Good
0x28fd,Good
0x2906,Good
0x2907,Good
0x2908,Good
0x2909,Good
0x2912,Poor
0x2913,Poor
0x2914,Poor
0x2915,Poor
0x291e,Good
0x291f,Good
0x2920,Good
0x2921,Good
0x292a,Good
0x292b,Good
0x292c,Good
0x292d,Good
0x2936,Poor
0x2937,Standard
0x2938,Poor
0x2939,Poor
0x2942,Good
0x2943,Good
0x2944,Good
0x2945,Good
0x294e,Good
0x294f,Good
0x2950,Good
0x2951,Good
0x295a,Good
0x295b,Good
0x295c,Good
0x295d,Good
0x2966,Poor
0x2967,Poor
0x2968,Poor
0x2969,Poor
0x2972,Standard
0x2973,Standard
0x2974,Poor
0x2975,Poor
0x297e,Standard
0x297f,Standard
0x2980,Poor
0x2981,Standard
0x298a,Poor
0x298b,Poor
0x298c,Poor
0x298d,Poor
0x2996,Good
0x2997,Good
0x2998,Good
0x2999,Good
0x29a2,Good
0x29a3,Good
0x29a4,Good
0x29a5,Good
0x29ae,Poor
0x29af,Poor
0x29b0,Poor
0x29b1,Poor
0x29ba,Good
0x29bb,Good
0x29bc,Good
0x29bd,Good
0x29c6,Good
0x29c7,Good
0x29c8,Good
0x29c9,Good
0x29d2,Standard
0x29d3,Standard
0x29d4,Standard
0x29d5,Standard
0x29de,Good
0x29df,Good
0x29e0,Good
0x29e1,Good
0x29ea,Poor
0x29eb,Poor
0x29ec,Poor
0x29ed,Poor
0x29f6,Good
0x29f7,Good
0x29f8,Good
0x29f9,Good
0x2a02,Good
0x2a03,Good
0x2a04,Good
0x2a05,Good
0x2a0e,Standard
0x2a0f,Standard
0x2a10,Standard
0x2a11,Standard
0x2a1a,Poor
0x2a1b,Poor
0x2a1c,Poor
0x2a1d,Poor
0x2a26,Good
0x2a27,Good
0x2a28,Good
0x2a29,Good
0x2a32,Good
0x2a33,Good
0x2a34,Good
0x2a35,Good
0x2a3e,Poor
0x2a3f,Poor
0x2a40,Poor
0x2a41,Poor
0x2a4a,Good
0x2a4b,Good
0x2a4c,Good
0x2a4d,Good
0x2a56,Good
0x2a57,Good
0x2a58,Good
0x2a59,Good
0x2a62,Standard
0x2a63,Poor
0x2a64,Standard
0x2a65,Standard
0x2a6e,Good
0x2a6f,Good
0x2a70,Good
0x2a71,Good
0x2a7a,Standard
0x2a7b,Standard
0x2a7c,Standard
0x2a7d,Standard
0x2a86,Good
0x2a87,Good
0x2a88,Good
0x2a89,Good
0x2a92,Standard
0x2a93,Standard
0x2a94,Standard
0x2a95,Standard
0x2a9e,Good
0x2a9f,Good
0x2aa0,Good
0x2aa1,Good
0x2aaa,Poor
0x2aab,Poor
0x2aac,Poor
0x2aad,Poor
0x2ab6,Poor
0x2ab7,Poor
0x2ab8,Poor
0x2ab9,Poor
0x2ac2,Poor
0x2ac3,Standard
0x2ac4,Standard
0x2ac5,Standard
0x2ace,Standard
0x2acf,Standard
0x2ad0,Standard
0x2ad1,Standard
0x2ada,Poor
0x2adb,Poor
0x2adc,Poor
0x2add,Poor
0x2ae6,Good
0x2ae7,Good
0x2ae8,Good
0x2ae9,Good
0x2af2,Poor
0x2af3,Poor
0x2af4,Poor
0x2af5,Standard
0x2afe,Poor
0x2aff,Poor
0x2b00,Poor
0x2b01,Poor
0x2b0a,Poor
0x2b0b,Poor
0x2b0c,Poor
0x2b0d,Poor
0x2b16,Standard
0x2b17,Poor
0x2b18,Standard
0x2b19,Standard
0x2b22,Poor
0x2b23,Poor
0x2b24,Poor
0x2b25,Poor
0x2b2e,Good
0x2b2f,Good
0x2b30,Good
0x2b31,Good
0x2b3a,Good
0x2b3b,Good
0x2b3c,Standard
0x2b3d,Good
0x2b46,Poor
0x2b47,Poor
0x2b48,Poor
0x2b49,Poor
0x2b52,Poor
0x2b53,Poor
0x2b54,Poor
0x2b55,Poor
0x2b5e,Poor
0x2b5f,Poor
0x2b60,Poor
0x2b61,Poor
0x2b6a,Standard
0x2b6b,Standard
0x2b6c,Standard
0x2b6d,Poor
0x2b76,Poor
0x2b77,Poor
0x2b78,Poor
0x2b79,Poor
0x2b82,Standard
0x2b83,Standard
0x2b84,Standard
0x2b85,Standard
0x2b8e,Good
0x2b8f,Good
0x2b90,Good
0x2b91,Standard
0x2b9a,Poor
0x2b9b,Poor
0x2b9c,Poor
0x2b9d,Standard
0x2ba6,Poor
0x2ba7,Poor
0x2ba8,Poor
0x2ba9,Poor
0x2bb2,Good
0x2bb3,Good
0x2bb4,Good
0x2bb5,Good
0x2bbe,Poor
0x2bbf,Poor
0x2bc0,Poor
0x2bc1,Poor
0x2bca,Poor
0x2bcb,Poor
0x2bcc,Poor
0x2bcd,Poor
0x2bd6,Good
0x2bd7,Good
0x2bd8,Good
0x2bd9,Good
0x2be2,Standard
0x2be3,Standard
0x2be4,Standard
0x2be5,Standard
0x2bee,Good
0x2bef,Good
0x2bf0,Good
0x2bf1,Good
0x2bfa,Standard
0x2bfb,Standard
0x2bfc,Standard
0x2bfd,Standard
0x2c06,Poor
0x2c07,Poor
0x2c08,Poor
0x2c09,Poor
0x2c12,Standard
0x2c13,Standard
0x2c14,Poor
0x2c15,Poor
0x2c1e,Poor
0x2c1f,Poor
0x2c20,Poor
0x2c21,Poor
0x2c2a,Poor
0x2c2b,Poor
0x2c2c,Standard
0x2c2d,Standard
0x2c36,Standard
0x2c37,Standard
0x2c38,Standard
0x2c39,Standard
0x2c42,Good
0x2c43,Good
0x2c44,Standard
0x2c45,Good
0x2c4e,Good
0x2c4f,Good
0x2c50,Good
0x2c51,Good
0x2c5a,Poor
0x2c5b,Poor
0x2c5c,Poor
0x2c5d,Poor
0x2c66,Good
0x2c67,Good
0x2c68,Good
0x2c69,Good
0x2c72,Good
0x2c73,Good
0x2c74,Good
0x2c75,Good
0x2c7e,Good
0x2c7f,Good
0x2c80,Good
0x2c81,Good
0x2c8a,Good
0x2c8b,Standard
0x2c8c,Standard
0x2c8d,Standard
0x2c96,Good
0x2c97,Good
0x2c98,Good
0x2c99,Good
0x2ca2,Poor
0x2ca3,Poor
0x2ca4,Poor
0x2ca5,Poor
0x2cae,Poor
0x2caf,Poor
0x2cb0,Poor
0x2cb1,Poor
0x2cba,Good
0x2cbb,Good
0x2cbc,Good
0x2cbd,Good
0x2cc6,Standard
0x2cc7,Standard
0x2cc8,Standard
0x2cc9,Standard
0x2cd2,Poor
0x2cd3,Poor
0x2cd4,Poor
0x2cd5,Poor
0x2cde,Good
0x2cdf,Good
0x2ce0,Good
0x2ce1,Good
0x2cea,Poor
0x2ceb,Poor
0x2cec,Standard
0x2ced,Poor
0x2cf6,Good
0x2cf7,Good
0x2cf8,Standard
0x2cf9,Standard
0x2d02,Good
0x2d03,Good
0x2d04,Good
0x2d05,Good
0x2d0e,Good
0x2d0f,Good
0x2d10,Good
0x2d11,Good
0x2d1a,Poor
0x2d1b,Standard
0x2d1c,Standard
0x2d1d,Standard
0x2d26,Poor
0x2d27,Poor
0x2d28,Poor
0x2d29,Poor
0x2d32,Good
0x2d33,Good
0x2d34,Good
0x2d35,Good
0x2d3e,Good
0x2d3f,Good
0x2d40,Good
0x2d41,Good
0x2d4a,Standard
0x2d4b,Poor
0x2d4c,Standard
0x2d4d,Standard
0x2d56,Poor
0x2d57,Poor
0x2d58,Poor
0x2d59,Poor
0x2d62,Good
0x2d63,Good
0x2d64,Good
0x2d65,Good
0x2d6e,Good
0x2d6f,Good
0x2d70,Good
0x2d71,Good
0x2d7a,Good
0x2d7b,Good
0x2d7c,Good
0x2d7d,Good
0x2d86,Good
0x2d87,Good
0x2d88,Good
0x2d89,Good
0x2d92,Standard
0x2d93,Standard
0x2d94,Standard
0x2d95,Standard
0x2d9e,Poor
0x2d9f,Poor
0x2da0,Poor
0x2da1,Poor
0x2daa,Poor
0x2dab,Poor
0x2dac,Poor
0x2dad,Poor
0x2db6,Standard
0x2db7,Standard
0x2db8,Standard
0x2db9,Standard
0x2dc2,Poor
0x2dc3,Poor
0x2dc4,Poor
0x2dc5,Poor
0x2dce,Poor
0x2dcf,Poor
0x2dd0,Poor
0x2dd1,Poor
0x2dda,Poor
0x2ddb,Poor
0x2ddc,Poor
0x2ddd,Poor
0x2de6,Poor
0x2de7,Poor
0x2de8,Poor
0x2de9,Poor
0x2df2,Good
0x2df3,Good
0x2df4,Good
0x2df5,Good
0x2dfe,Good
0x2dff,Standard
0x2e00,Good
0x2e01,Good
0x2e0a,Standard
0x2e0b,Standard
0x2e0c,Standard
0x2e0d,Standard
0x2e16,Poor
0x2e17,Poor
0x2e18,Poor
0x2e19,Poor
0x2e22,Standard
0x2e23,Standard
0x2e24,Standard
0x2e25,Standard
0x2e2e,Good
0x2e2f,Good
0x2e30,Good
0x2e31,Good
0x2e3a,Poor
0x2e3b,Poor
0x2e3c,Poor
0x2e3d,Poor
0x2e46,Poor
0x2e47,Poor
0x2e48,Poor
0x2e49,Poor
0x2e52,Good
0x2e53,Good
0x2e54,Good
0x2e55,Good
0x2e5e,Poor
0x2e5f,Poor
0x2e60,Poor
0x2e61,Poor
0x2e6a,Standard
0x2e6b,Standard
0x2e6c,Standard
0x2e6d,Standard
0x2e76,Good
0x2e77,Good
0x2e78,Good
0x2e79,Good
0x2e82,Good
0x2e83,Good
0x2e84,Good
0x2e85,Good
0x2e8e,Standard
0x2e8f,Standard
0x2e90,Standard
0x2e91,Standard
0x2e9a,Poor
0x2e9b,Standard
0x2e9c,Standard
0x2e9d,Poor
0x2ea6,Standard
0x2ea7,Good
0x2ea8,Good
0x2ea9,Standard
0x2eb2,Good
0x2eb3,Good
0x2eb4,Good
0x2eb5,Good
0x2ebe,Poor
0x2ebf,Poor
0x2ec0,Poor
0x2ec1,Poor
0x2eca,Good
0x2ecb,Good
0x2ecc,Good
0x2ecd,Good
0x2ed6,Standard
0x2ed7,Standard
0x2ed8,Standard
0x2ed9,Standard
0x2ee2,Good
0x2ee3,Good
0x2ee4,Good
0x2ee5,Good
0x2eee,Poor
0x2eef,Poor
0x2ef0,Poor
0x2ef1,Poor
0x2efa,Good
0x2efb,Good
0x2efc,Good
0x2efd,Good
0x2f06,Poor
0x2f07,Poor
0x2f08,Poor
0x2f09,Poor
0x2f12,Poor
0x2f13,Poor
0x2f14,Poor
0x2f15,Poor
0x2f1e,Good
0x2f1f,Good
0x2f20,Good
0x2f21,Good
0x2f2a,Standard
0x2f2b,Standard
0x2f2c,Standard
0x2f2d,Standard
0x2f36,Good
0x2f37,Good
0x2f38,Good
0x2f39,Good
0x2f42,Standard
0x2f43,Standard
0x2f44,Standard
0x2f45,Standard
0x2f4e,Good
0x2f4f,Good
0x2f50,Good
0x2f51,Good
0x2f5a,Poor
0x2f5b,Poor
0x2f5c,Poor
0x2f5d,Poor
0x2f66,Standard
0x2f67,Standard
0x2f68,Standard
0x2f69,Standard
0x2f72,Good
0x2f73,Good
0x2f74,Good
0x2f75,Good
0x2f7e,Good
0x2f7f,Good
0x2f80,Good
0x2f81,Good
0x2f8a,Poor
0x2f8b,Poor
0x2f8c,Poor
0x2f8d,Poor
0x2f96,Good
0x2f97,Good
0x2f98,Good
0x2f99,Good
0x2fa2,Good
0x2fa3,Good
0x2fa4,Good
0x2fa5,Good
0x2fae,Poor
0x2faf,Poor
0x2fb0,Poor
0x2fb1,Poor
0x2fba,Poor
0x2fbb,Poor
0x2fbc,Poor
0x2fbd,Poor
0x2fc6,Poor
0x2fc7,Poor
0x2fc8,Poor
0x2fc9,Poor
0x2fd2,Good
0x2fd3,Good
0x2fd4,Good
0x2fd5,Good
0x2fde,Standard
0x2fdf,Standard
0x2fe0,Standard
0x2fe1,Standard
0x2fea,Good
0x2feb,Good
0x2fec,Good
0x2fed,Good
0x2ff6,Good
0x2ff7,Good
0x2ff8,Good
0x2ff9,Good
0x3002,Poor
0x3003,Poor
0x3004,Standard
0x3005,Poor
0x300e,Good
0x300f,Good
0x3010,Good
0x3011,Good
0x301a,Good
0x301b,Good
0x301c,Good
0x301d,Good
0x3026,Good
0x3027,Good
0x3028,Good
0x3029,Good
0x3032,Poor
0x3033,Poor
0x3034,Poor
0x3035,Poor
0x303e,Good
0x303f,Standard
0x3040,Standard
0x3041,Good
0x304a,Good
0x304b,Good
0x304c,Good
0x304d,Good
0x3056,Good
0x3057,Good
0x3058,Good
0x3059,Good
0x3062,Poor
0x3063,Poor
0x3064,Standard
0x3065,Standard
0x306e,Good
0x306f,Standard
0x3070,Good
0x3071,Standard
0x307a,Poor
0x307b,Standard
0x307c,Standard
0x307d,Standard
0x3086,Poor
0x3087,Poor
0x3088,Poor
0x3089,Standard
0x3092,Good
0x3093,Good
0x3094,Good
0x3095,Good
0x309e,Poor
0x309f,Poor
0x30a0,Poor
0x30a1,Poor
0x30aa,Good
0x30ab,Good
0x30ac,Good
0x30ad,Good
0x30b6,Standard
0x30b7,Standard
0x30b8,Standard
0x30b9,Standard
0x30c2,Good
0x30c3,Good
0x30c4,Good
0x30c5,Good
0x30ce,Good
0x30cf,Good
0x30d0,Good
0x30d1,Good
0x30da,Standard
0x30db,Standard
0x30dc,Standard
0x30dd,Standard
0x30e6,Good
0x30e7,Good
0x30e8,Good
0x30e9,Good
0x30f2,Good
0x30f3,Standard
0x30f4,Standard
0x30f5,Standard
0x30fe,Good
0x30ff,Standard
0x3100,Standard
0x3101,Good
0x310a,Good
0x310b,Good
0x310c,Good
0x310d,Good
0x3116,Poor
0x3117,Poor
0x3118,Poor
0x3119,Poor
0x3122,Good
0x3123,Good
0x3124,Good
0x3125,Good
0x312e,Good
0x312f,Good
0x3130,Good
0x3131,Good
0x313a,Standard
0x313b,Standard
0x313c,Standard
0x313d,Standard
0x3146,Poor
0x3147,Poor
0x3148,Poor
0x3149,Poor
0x3152,Poor
0x3153,Poor
0x3154,Poor
0x3155,Poor
0x315e,Poor
0x315f,Poor
0x3160,Poor
0x3161,Poor
0x316a,Poor
0x316b,Poor
0x316c,Poor
0x316d,Poor
0x3176,Good
0x3177,Good
0x3178,Good
0x3179,Good
0x3182,Poor
0x3183,Poor
0x3184,Poor
0x3185,Poor
0x318e,Good
0x318f,Good
0x3190,Good
0x3191,Good
0x319a,Good
0x319b,Good
0x319c,Good
0x319d,Standard
0x31a6,Good
0x31a7,Good
0x31a8,Good
0x31a9,Good
0x31b2,Good
0x31b3,Good
0x31b4,Good
0x31b5,Good
0x31be,Poor
0x31bf,Poor
0x31c0,Poor
0x31c1,Poor
0x31ca,Good
0x31cb,Good
0x31cc,Good
0x31cd,Good
0x31d6,Good
0x31d7,Good
0x31d8,Good
0x31d9,Good
0x31e2,Good
0x31e3,Good
0x31e4,Good
0x31e5,Good
0x31ee,Standard
0x31ef,Standard
0x31f0,Standard
0x31f1,Standard
0x31fa,Poor
0x31fb,Poor
0x31fc,Poor
0x31fd,Poor
0x3206,Standard
0x3207,Standard
0x3208,Standard
0x3209,Standard
0x3212,Good
0x3213,Good
0x3214,Good
0x3215,Good
0x321e,Good
0x321f,Good
0x3220,Good
0x3221,Good
0x322a,Poor
0x322b,Poor
0x322c,Poor
0x322d,Poor
0x3236,Poor
0x3237,Poor
0x3238,Poor
0x3239,Poor
0x3242,Poor
0x3243,Poor
0x3244,Poor
0x3245,Poor
0x324e,Good
0x324f,Good
0x3250,Good
0x3251,Good
0x325a,Good
0x325b,Good
0x325c,Good
0x325d,Good
0x3266,Good
0x3267,Good
0x3268,Good
0x3269,Good
0x3272,Good
0x3273,Good
0x3274,Good
0x3275,Good
0x327e,Good
0x327f,Good
0x3280,Good
0x3281,Good
0x328a,Poor
0x328b,Poor
0x328c,Poor
0x328d,Poor
0x3296,Good
0x3297,Good
0x3298,Good
0x3299,Good
0x32a2,Good
0x32a3,Good
0x32a4,Good
0x32a5,Good
0x32ae,Poor
0x32af,Poor
0x32b0,Poor
0x32b1,Poor
0x32ba,Poor
0x32bb,Poor
0x32bc,Poor
0x32bd,Poor
0x32c6,Poor
0x32c7,Poor
0x32c8,Poor
0x32c9,Poor
0x32d2,Poor
0x32d3,Poor
0x32d4,Standard
0x32d5,Poor
0x32de,Poor
0x32df,Poor
0x32e0,Poor
0x32e1,Poor
0x32ea,Standard
0x32eb,Standard
0x32ec,Standard
0x32ed,Standard
0x32f6,Good
0x32f7,Good
0x32f8,Good
0x32f9,Good
0x3302,Standard
0x3303,Standard
0x3304,Poor
0x3305,Standard
0x330e,Good
0x330f,Good
0x3310,Good
0x3311,Good
0x331a,Standard
0x331b,Poor
0x331c,Standard
0x331d,Standard
0x3326,Good
0x3327,Good
0x3328,Good
0x3329,Good
0x3332,Poor
0x3333,Poor
0x3334,Poor
0x3335,Poor
0x333e,Good
0x333f,Good
0x3340,Good
0x3341,Good
0x334a,Poor
0x334b,Poor
0x334c,Poor
0x334d,Poor
0x3356,Poor
0x3357,Poor
0x3358,Poor
0x3359,Poor
0x3362,Good
0x3363,Good
0x3364,Good
0x3365,Good
0x336e,Good
0x336f,Good
0x3370,Good
0x3371,Good
0x337a,Standard
0x337b,Standard
0x337c,Standard
0x337d,Standard
0x3386,Good
0x3387,Good
0x3388,Good
0x3389,Good
0x3392,Standard
0x3393,Standard
0x3394,Standard
0x3395,Standard
0x339e,Poor
0x339f,Poor
0x33a0,Poor
0x33a1,Poor
0x33aa,Standard
0x33ab,Standard
0x33ac,Standard
0x33ad,Standard
0x33b6,Good
0x33b7,Good
0x33b8,Good
0x33b9,Good
0x33c2,Standard
0x33c3,Standard
0x33c4,Poor
0x33c5,Standard
0x33ce,Good
0x33cf,Good
0x33d0,Good
0x33d1,Good
0x33da,Good
0x33db,Good
0x33dc,Good
0x33dd,Good
0x33e6,Poor
0x33e7,Poor
0x33e8,Poor
0x33e9,Poor
0x33f2,Good
0x33f3,Good
0x33f4,Good
0x33f5,Good
0x33fe,Poor
0x33ff,Poor
0x3400,Poor
0x3401,Poor
0x340a,Good
0x340b,Good
0x340c,Good
0x340d,Good
0x3416,Good
0x3417,Good
0x3418,Good
0x3419,Good
0x3422,Standard
0x3423,Standard
0x3424,Standard
0x3425,Standard
0x342e,Poor
0x342f,Poor
0x3430,Poor
0x3431,Poor
0x343a,Good
0x343b,Good
0x343c,Good
0x343d,Good
0x3446,Poor
0x3447,Poor
0x3448,Poor
0x3449,Poor
0x3452,Poor
0x3453,Standard
0x3454,Poor
0x3455,Poor
0x345e,Good
0x345f,Good
0x3460,Standard
0x3461,Good
0x346a,Poor
0x346b,Poor
0x346c,Poor
0x346d,Poor
0x3476,Poor
0x3477,Poor
0x3478,Poor
0x3479,Poor
0x3482,Good
0x3483,Good
0x3484,Good
0x3485,Good
0x348e,Poor
0x348f,Poor
0x3490,Poor
0x3491,Poor
0x349a,Poor
0x349b,Poor
0x349c,Poor
0x349d,Poor
0x34a6,Good
0x34a7,Good
0x34a8,Good
0x34a9,Good
0x34b2,Good
0x34b3,Good
0x34b4,Good
0x34b5,Good
0x34be,Good
0x34bf,Good
0x34c0,Good
0x34c1,Good
0x34ca,Good
0x34cb,Good
0x34cc,Good
0x34cd,Standard
0x34d6,Poor
0x34d7,Poor
0x34d8,Poor
0x34d9,Poor
0x34e2,Good
0x34e3,Good
0x34e4,Good
0x34e5,Good
0x34ee,Poor
0x34ef,Poor
0x34f0,Poor
0x34f1,Poor
0x34fa,Poor
0x34fb,Poor
0x34fc,Standard
0x34fd,Poor
0x3506,Good
0x3507,Good
0x3508,Good
0x3509,Good
0x3512,Good
0x3513,Poor
0x3514,Good
0x3515,Good
0x351e,Good
0x351f,Good
0x3520,Good
0x3521,Good
0x352a,Standard
0x352b,Standard
0x352c,Standard
0x352d,Standard
0x3536,Good
0x3537,Good
0x3538,Good
0x3539,Good
0x3542,Poor
0x3543,Poor
0x3544,Poor
0x3545,Poor
0x354e,Good
0x354f,Good
0x3550,Good
0x3551,Good
0x355a,Standard
0x355b,Standard
0x355c,Standard
0x355d,Standard
0x3566,Good
0x3567,Good
0x3568,Good
0x3569,Good
0x3572,Good
0x3573,Good
0x3574,Good
0x3575,Standard
0x357e,Standard
0x357f,Standard
0x3580,Standard
0x3581,Standard
0x358a,Good
0x358b,Good
0x358c,Good
0x358d,Good
0x3596,Good
0x3597,Good
0x3598,Good
0x3599,Good
0x35a2,Standard
0x35a3,Good
0x35a4,Good
0x35a5,Good
0x35ae,Poor
0x35af,Poor
0x35b0,Poor
0x35b1,Poor
0x35ba,Poor
0x35bb,Poor
0x35bc,Poor
0x35bd,Poor
0x35c6,Poor
0x35c7,Poor
0x35c8,Poor
0x35c9,Poor
0x35d2,Poor
0x35d3,Poor
0x35d4,Poor
0x35d5,Poor
0x35de,Good
0x35df,Good
0x35e0,Good
0x35e1,Good
0x35ea,Good
0x35eb,Good
0x35ec,Good
0x35ed,Good
0x35f6,Good
0x35f7,Good
0x35f8,Good
0x35f9,Good
0x3602,Good
0x3603,Good
0x3604,Good
0x3605,Good
0x360e,Good
0x360f,Good
0x3610,Good
0x3611,Good
0x361a,Poor
0x361b,Standard
0x361c,Standard
0x361d,Standard
0x3626,Good
0x3627,Good
0x3628,Good
0x3629,Good
0x3632,Good
0x3633,Good
0x3634,Good
0x3635,Good
0x363e,Good
0x363f,Good
0x3640,Good
0x3641,Good
0x364a,Poor
0x364b,Poor
0x364c,Poor
0x364d,Poor
0x3656,Good
0x3657,Good
0x3658,Good
0x3659,Good
0x3662,Good
0x3663,Good
0x3664,Good
0x3665,Good
0x366e,Standard
0x366f,Standard
0x3670,Standard
0x3671,Standard
0x367a,Good
0x367b,Good
0x367c,Good
0x367d,Good
0x3686,Good
0x3687,Good
0x3688,Good
0x3689,Good
0x3692,Poor
0x3693,Poor
0x3694,Poor
0x3695,Poor
0x369e,Poor
0x369f,Poor
0x36a0,Poor
0x36a1,Poor
0x36aa,Good
0x36ab,Good
0x36ac,Good
0x36ad,Good
0x36b6,Good
0x36b7,Good
0x36b8,Good
0x36b9,Good
0x36c2,Good
0x36c3,Good
0x36c4,Good
0x36c5,Good
0x36ce,Poor
0x36cf,Poor
0x36d0,Standard
0x36d1,Poor
0x36da,Poor
0x36db,Poor
0x36dc,Poor
0x36dd,Poor
0x36e6,Good
0x36e7,Good
0x36e8,Good
0x36e9,Good
0x36f2,Good
0x36f3,Good
0x36f4,Good
0x36f5,Good
0x36fe,Good
0x36ff,Poor
0x3700,Good
0x3701,Good
0x370a,Good
0x370b,Good
0x370c,Good
0x370d,Good
0x3716,Good
0x3717,Good
0x3718,Good
0x3719,Good
0x3722,Standard
0x3723,Poor
0x3724,Standard
0x3725,Poor
0x372e,Good
0x372f,Good
0x3730,Good
0x3731,Good
0x373a,Poor
0x373b,Poor
0x373c,Poor
0x373d,Poor
0x3746,Standard
0x3747,Standard
0x3748,Poor
0x3749,Standard
0x3752,Poor
0x3753,Poor
0x3754,Poor
0x3755,Poor
0x375e,Good
0x375f,Good
0x3760,Good
0x3761,Good
0x376a,Good
0x376b,Good
0x376c,Good
0x376d,Good
0x3776,Poor
0x3777,Poor
0x3778,Poor
0x3779,Poor
0x3782,Good
0x3783,Good
0x3784,Good
0x3785,Good
0x378e,Good
0x378f,Good
0x3790,Good
0x3791,Good
0x379a,Standard
0x379b,Poor
0x379c,Standard
0x379d,Standard
0x37a6,Poor
0x37a7,Poor
0x37a8,Poor
0x37a9,Poor
0x37b2,Good
0x37b3,Good
0x37b4,Poor
0x37b5,Good
0x37be,Standard
0x37bf,Poor
0x37c0,Poor
0x37c1,Poor
0x37ca,Good
0x37cb,Good
0x37cc,Good
0x37cd,Good
0x37d6,Good
0x37d7,Good
0x37d8,Good
0x37d9,Good
0x37e2,Good
0x37e3,Good
0x37e4,Good
0x37e5,Good
0x37ee,Good
0x37ef,Standard
0x37f0,Good
0x37f1,Good
0x37fa,Good
0x37fb,Good
0x37fc,Good
0x37fd,Good
0x3806,Good
0x3807,Good
0x3808,Good
0x3809,Good
0x3812,Poor
0x3813,Poor
0x3814,Poor
0x3815,Poor
0x381e,Poor
0x381f,Poor
0x3820,Poor
0x3821,Poor
0x382a,Poor
0x382b,Poor
0x382c,Poor
0x382d,Poor
0x3836,Good
0x3837,Good
0x3838,Good
0x3839,Standard
0x3842,Poor
0x3843,Poor
0x3844,Poor
0x3845,Poor
0x384e,Poor
0x384f,Poor
0x3850,Poor
0x3851,Poor
0x385a,Poor
0x385b,Poor
0x385c,Poor
0x385d,Poor
0x3866,Poor
0x3867,Standard
0x3868,Standard
0x3869,Standard
0x3872,Poor
0x3873,Standard
0x3874,Standard
0x3875,Standard
0x387e,Standard
0x387f,Standard
0x3880,Standard
0x3881,Standard
0x388a,Good
0x388b,Good
0x388c,Good
0x388d,Good
0x3896,Poor
0x3897,Poor
0x3898,Poor
0x3899,Poor
0x38a2,Good
0x38a3,Good
0x38a4,Good
0x38a5,Good
0x38ae,Poor
0x38af,Poor
0x38b0,Poor
0x38b1,Poor
0x38ba,Poor
0x38bb,Poor
0x38bc,Poor
0x38bd,Poor
0x38c6,Poor
0x38c7,Poor
0x38c8,Poor
0x38c9,Poor
0x38d2,Standard
0x38d3,Poor
0x38d4,Standard
0x38d5,Standard
0x38de,Good
0x38df,Good
0x38e0,Good
0x38e1,Good
0x38ea,Good
0x38eb,Good
0x38ec,Good
0x38ed,Good
0x38f6,Poor
0x38f7,Poor
0x38f8,Poor
0x38f9,Poor
0x3902,Good
0x3903,Good
0x3904,Good
0x3905,Good
0x390e,Poor
0x390f,Poor
0x3910,Poor
0x3911,Poor
0x391a,Standard
0x391b,Poor
0x391c,Poor
0x391d,Standard
0x3926,Good
0x3927,Good
0x3928,Good
0x3929,Good
0x3932,Good
0x3933,Good
0x3934,Good
0x3935,Good
0x393e,Poor
0x393f,Poor
0x3940,Poor
0x3941,Poor
0x394a,Poor
0x394b,Poor
0x394c,Poor
0x394d,Standard
0x3956,Poor
0x3957,Poor
0x3958,Poor
0x3959,Poor
0x3962,Good
0x3963,Good
0x3964,Good
0x3965,Good
0x396e,Good
0x396f,Good
0x3970,Good
0x3971,Good
0x397a,Good
0x397b,Good
0x397c,Good
0x397d,Good
0x3986,Good
0x3987,Good
0x3988,Good
0x3989,Good
0x3992,Good
0x3993,Good
0x3994,Good
0x3995,Good
0x399e,Good
0x399f,Good
0x39a0,Good
0x39a1,Good
0x39aa,Good
0x39ab,Good
0x39ac,Good
0x39ad,Good
0x39b6,Poor
0x39b7,Poor
0x39b8,Poor
0x39b9,Poor
0x39c2,Good
0x39c3,Good
0x39c4,Good
0x39c5,Good
0x39ce,Good
0x39cf,Good
0x39d0,Good
0x39d1,Good
0x39da,Good
0x39db,Good
0x39dc,Good
0x39dd,Good
0x39e6,Standard
0x39e7,Standard
0x39e8,Standard
0x39e9,Poor
0x39f2,Good
0x39f3,Good
0x39f4,Good
0x39f5,Good
0x39fe,Good
0x39ff,Good
0x3a00,Standard
0x3a01,Good
0x3a0a,Poor
0x3a0b,Poor
0x3a0c,Poor
0x3a0d,Poor
0x3a16,Poor
0x3a17,Poor
0x3a18,Poor
0x3a19,Poor
0x3a22,Poor
0x3a23,Poor
0x3a24,Poor
0x3a25,Poor
0x3a2e,Standard
0x3a2f,Standard
0x3a30,Standard
0x3a31,Standard
0x3a3a,Good
0x3a3b,Standard
0x3a3c,Good
0x3a3d,Good
0x3a46,Good
0x3a47,Good
0x3a48,Good
0x3a49,Good
0x3a52,Standard
0x3a53,Standard
0x3a54,Standard
0x3a55,Standard
0x3a5e,Good
0x3a5f,Good
0x3a60,Good
0x3a61,Good
0x3a6a,Standard
0x3a6b,Standard
0x3a6c,Standard
0x3a6d,Standard
0x3a76,Standard
0x3a77,Standard
0x3a78,Standard
0x3a79,Standard
0x3a82,Poor
0x3a83,Poor
0x3a84,Poor
0x3a85,Poor
0x3a8e,Poor
0x3a8f,Standard
0x3a90,Poor
0x3a91,Poor
0x3a9a,Poor
0x3a9b,Poor
0x3a9c,Poor
0x3a9d,Poor
0x3aa6,Standard
0x3aa7,Standard
0x3aa8,Standard
0x3aa9,Standard
0x3ab2,Good
0x3ab3,Good
0x3ab4,Good
0x3ab5,Good
0x3abe,Good
0x3abf,Good
0x3ac0,Good
0x3ac1,Good
0x3aca,Good
0x3acb,Good
0x3acc,Good
0x3acd,Good
0x3ad6,Good
0x3ad7,Good
0x3ad8,Good
0x3ad9,Good
0x3ae2,Good
0x3ae3,Good
0x3ae4,Good
0x3ae5,Good
0x3aee,Poor
0x3aef,Poor
0x3af0,Poor
0x3af1,Poor
0x3afa,Poor
0x3afb,Standard
0x3afc,Standard
0x3afd,Standard
0x3b06,Standard
0x3b07,Standard
0x3b08,Standard
0x3b09,Standard
0x3b12,Good
0x3b13,Good
0x3b14,Good
0x3b15,Good
0x3b1e,Poor
0x3b1f,Poor
0x3b20,Poor
0x3b21,Poor
0x3b2a,Standard
0x3b2b,Poor
0x3b2c,Standard
0x3b2d,Poor
0x3b36,Poor
0x3b37,Poor
0x3b38,Poor
0x3b39,Poor
0x3b42,Good
0x3b43,Good
0x3b44,Good
0x3b45,Good
0x3b4e,Standard
0x3b4f,Poor
0x3b50,Poor
0x3b51,Standard
0x3b5a,Good
0x3b5b,Good
0x3b5c,Good
0x3b5d,Good
0x3b66,Good
0x3b67,Good
0x3b68,Good
0x3b69,Good
0x3b72,Standard
0x3b73,Poor
0x3b74,Standard
0x3b75,Standard
0x3b7e,Good
0x3b7f,Good
0x3b80,Good
0x3b81,Good
0x3b8a,Good
0x3b8b,Good
0x3b8c,Good
0x3b8d,Good
0x3b96,Standard
0x3b97,Standard
0x3b98,Standard
0x3b99,Standard
0x3ba2,Good
0x3ba3,Good
0x3ba4,Good
0x3ba5,Good
0x3bae,Standard
0x3baf,Standard
0x3bb0,Standard
0x3bb1,Standard
0x3bba,Standard
0x3bbb,Standard
0x3bbc,Standard
0x3bbd,Standard
0x3bc6,Poor
0x3bc7,Poor
0x3bc8,Poor
0x3bc9,Poor
0x3bd2,Good
0x3bd3,Good
0x3bd4,Good
0x3bd5,Good
0x3bde,Poor
0x3bdf,Poor
0x3be0,Poor
0x3be1,Poor
0x3bea,Poor
0x3beb,Poor
0x3bec,Poor
0x3bed,Poor
0x3bf6,Poor
0x3bf7,Poor
0x3bf8,Poor
0x3bf9,Poor
0x3c02,Poor
0x3c03,Poor
0x3c04,Poor
0x3c05,Poor
0x3c0e,Good
0x3c0f,Good
0x3c10,Good
0x3c11,Good
0x3c1a,Standard
0x3c1b,Poor
0x3c1c,Poor
0x3c1d,Standard
0x3c26,Standard
0x3c27,Standard
0x3c28,Standard
0x3c29,Standard
0x3c32,Good
0x3c33,Good
0x3c34,Good
0x3c35,Standard
0x3c3e,Good
0x3c3f,Good
0x3c40,Good
0x3c41,Good
0x3c4a,Poor
0x3c4b,Poor
0x3c4c,Poor
0x3c4d,Poor
0x3c56,Poor
0x3c57,Poor
0x3c58,Poor
0x3c59,Poor
0x3c62,Good
0x3c63,Good
0x3c64,Good
0x3c65,Good
0x3c6e,Poor
0x3c6f,Standard
0x3c70,Poor
0x3c71,Standard
0x3c7a,Standard
0x3c7b,Standard
0x3c7c,Standard
0x3c7d,Standard
0x3c86,Good
0x3c87,Good
0x3c88,Good
0x3c89,Good
0x3c92,Standard
0x3c93,Standard
0x3c94,Standard
0x3c95,Good
0x3c9e,Poor
0x3c9f,Poor
0x3ca0,Poor
0x3ca1,Poor
0x3caa,Poor
0x3cab,Poor
0x3cac,Poor
0x3cad,Poor
0x3cb6,Good
0x3cb7,Good
0x3cb8,Good
0x3cb9,Good
0x3cc2,Standard
0x3cc3,Poor
0x3cc4,Standard
0x3cc5,Poor
0x3cce,Poor
0x3ccf,Poor
0x3cd0,Poor
0x3cd1,Poor
0x3cda,Poor
0x3cdb,Poor
0x3cdc,Poor
0x3cdd,Poor
0x3ce6,Good
0x3ce7,Good
0x3ce8,Good
0x3ce9,Good
0x3cf2,Poor
0x3cf3,Poor
0x3cf4,Poor
0x3cf5,Poor
0x3cfe,Standard
0x3cff,Standard
0x3d00,Standard
0x3d01,Standard
0x3d0a,Good
0x3d0b,Good
0x3d0c,Good
0x3d0d,Good
0x3d16,Poor
0x3d17,Poor
0x3d18,Poor
0x3d19,Poor
0x3d22,Poor
0x3d23,Poor
0x3d24,Poor
0x3d25,Poor
0x3d2e,Good
0x3d2f,Good
0x3d30,Good
0x3d31,Good
0x3d3a,Good
0x3d3b,Good
0x3d3c,Good
0x3d3d,Good
0x3d46,Poor
0x3d47,Poor
0x3d48,Poor
0x3d49,Poor
0x3d52,Poor
0x3d53,Poor
0x3d54,Poor
0x3d55,Poor
0x3d5e,Poor
0x3d5f,Poor
0x3d60,Poor
0x3d61,Poor
0x3d6a,Standard
0x3d6b,Standard
0x3d6c,Standard
0x3d6d,Standard
0x3d76,Good
0x3d77,Good
0x3d78,Good
0x3d79,Good
0x3d82,Standard
0x3d83,Poor
0x3d84,Poor
0x3d85,Poor
0x3d8e,Good
0x3d8f,Good
0x3d90,Good
0x3d91,Good
0x3d9a,Good
0x3d9b,Good
0x3d9c,Good
0x3d9d,Good
0x3da6,Good
0x3da7,Good
0x3da8,Good
0x3da9,Good
0x3db2,Good
0x3db3,Good
0x3db4,Good
0x3db5,Good
0x3dbe,Good
0x3dbf,Good
0x3dc0,Good
0x3dc1,Good
0x3dca,Good
0x3dcb,Good
0x3dcc,Good
0x3dcd,Good
0x3dd6,Poor
0x3dd7,Poor
0x3dd8,Poor
0x3dd9,Poor
0x3de2,Good
0x3de3,Good
0x3de4,Good
0x3de5,Good
0x3dee,Good
0x3def,Good
0x3df0,Good
0x3df1,Good
0x3dfa,Poor
0x3dfb,Poor
0x3dfc,Poor
0x3dfd,Poor
0x3e06,Poor
0x3e07,Poor
0x3e08,Poor
0x3e09,Poor
0x3e12,Good
0x3e13,Good
0x3e14,Good
0x3e15,Good
0x3e1e,Good
0x3e1f,Good
0x3e20,Good
0x3e21,Good
0x3e2a,Poor
0x3e2b,Poor
0x3e2c,Poor
0x3e2d,Poor
0x3e36,Good
0x3e37,Good
0x3e38,Good
0x3e39,Good
0x3e42,Poor
0x3e43,Poor
0x3e44,Poor
0x3e45,Poor
0x3e4e,Poor
0x3e4f,Poor
0x3e50,Poor
0x3e51,Poor
0x3e5a,Good
0x3e5b,Standard
0x3e5c,Good
0x3e5d,Standard
0x3e66,Good
0x3e67,Good
0x3e68,Good
0x3e69,Good
0x3e72,Standard
0x3e73,Standard
0x3e74,Standard
0x3e75,Standard
0x3e7e,Good
0x3e7f,Good
0x3e80,Good
0x3e81,Good
0x3e8a,Poor
0x3e8b,Poor
0x3e8c,Poor
0x3e8d,Poor
0x3e96,Good
0x3e97,Good
0x3e98,Good
0x3e99,Good
0x3ea2,Poor
0x3ea3,Poor
0x3ea4,Poor
0x3ea5,Poor
0x3eae,Poor
0x3eaf,Poor
0x3eb0,Poor
0x3eb1,Poor
0x3eba,Poor
0x3ebb,Poor
0x3ebc,Poor
0x3ebd,Poor
0x3ec6,Good
0x3ec7,Good
0x3ec8,Good
0x3ec9,Good
0x3ed2,Good
0x3ed3,Good
0x3ed4,Standard
0x3ed5,Good
0x3ede,Good
0x3edf,Good
0x3ee0,Good
0x3ee1,Good
0x3eea,Standard
0x3eeb,Standard
0x3eec,Standard
0x3eed,Standard
0x3ef6,Good
0x3ef7,Good
0x3ef8,Good
0x3ef9,Good
0x3f02,Good
0x3f03,Good
0x3f04,Good
0x3f05,Good
0x3f0e,Poor
0x3f0f,Poor
0x3f10,Standard
0x3f11,Poor
0x3f1a,Good
0x3f1b,Good
0x3f1c,Good
0x3f1d,Good
0x3f26,Good
0x3f27,Good
0x3f28,Good
0x3f29,Good
0x3f32,Good
0x3f33,Good
0x3f34,Good
0x3f35,Good
0x3f3e,Poor
0x3f3f,Poor
0x3f40,Poor
0x3f41,Poor
0x3f4a,Standard
0x3f4b,Poor
0x3f4c,Poor
0x3f4d,Poor
0x3f56,Poor
0x3f57,Poor
0x3f58,Poor
0x3f59,Poor
0x3f62,Standard
0x3f63,Standard
0x3f64,Standard
0x3f65,Standard
0x3f6e,Good
0x3f6f,Good
0x3f70,Good
0x3f71,Good
0x3f7a,Good
0x3f7b,Good
0x3f7c,Good
0x3f7d,Good
0x3f86,Standard
0x3f87,Standard
0x3f88,Poor
0x3f89,Standard
0x3f92,Poor
0x3f93,Poor
0x3f94,Poor
0x3f95,Poor
0x3f9e,Poor
0x3f9f,Poor
0x3fa0,Poor
0x3fa1,Poor
0x3faa,Good
0x3fab,Good
0x3fac,Good
0x3fad,Good
0x3fb6,Poor
0x3fb7,Poor
0x3fb8,Poor
0x3fb9,Poor
0x3fc2,Poor
0x3fc3,Poor
0x3fc4,Poor
0x3fc5,Poor
0x3fce,Good
0x3fcf,Poor
0x3fd0,Poor
0x3fd1,Standard
0x3fda,Poor
0x3fdb,Poor
0x3fdc,Poor
0x3fdd,Poor
0x3fe6,Good
0x3fe7,Good
0x3fe8,Good
0x3fe9,Good
0x3ff2,Standard
0x3ff3,Standard
0x3ff4,Poor
0x3ff5,Standard
0x3ffe,Good
0x3fff,Good
0x4000,Good
0x4001,Good
0x400a,Poor
0x400b,Poor
0x400c,Poor
0x400d,Poor
0x4016,Standard
0x4017,Standard
0x4018,Standard
0x4019,Standard
0x4022,Good
0x4023,Good
0x4024,Good
0x4025,Good
0x402e,Poor
0x402f,Poor
0x4030,Poor
0x4031,Poor
0x403a,Standard
0x403b,Standard
0x403c,Good
0x403d,Good
0x4046,Good
0x4047,Good
0x4048,Good
0x4049,Good
0x4052,Good
0x4053,Good
0x4054,Good
0x4055,Good
0x405e,Standard
0x405f,Standard
0x4060,Standard
0x4061,Standard
0x406a,Standard
0x406b,Poor
0x406c,Poor
0x406d,Poor
0x4076,Poor
0x4077,Poor
0x4078,Poor
0x4079,Poor
0x4082,Poor
0x4083,Poor
0x4084,Poor
0x4085,Poor
0x408e,Poor
0x408f,Poor
0x4090,Poor
0x4091,Poor
0x409a,Poor
0x409b,Poor
0x409c,Standard
0x409d,Poor
0x40a6,Good
0x40a7,Standard
0x40a8,Good
0x40a9,Good
0x40b2,Poor
0x40b3,Poor
0x40b4,Poor
0x40b5,Poor
0x40be,Standard
0x40bf,Standard
0x40c0,Standard
0x40c1,Standard
0x40ca,Poor
0x40cb,Poor
0x40cc,Poor
0x40cd,Poor
0x40d6,Standard
0x40d7,Good
0x40d8,Good
0x40d9,Good
0x40e2,Poor
0x40e3,Poor
0x40e4,Poor
0x40e5,Poor
0x40ee,Poor
0x40ef,Poor
0x40f0,Poor
0x40f1,Poor
0x40fa,Poor
0x40fb,Poor
0x40fc,Poor
0x40fd,Poor
0x4106,Poor
0x4107,Poor
0x4108,Poor
0x4109,Poor
0x4112,Standard
0x4113,Standard
0x4114,Standard
0x4115,Standard
0x411e,Poor
0x411f,Poor
0x4120,Poor
0x4121,Poor
0x412a,Good
0x412b,Good
0x412c,Good
0x412d,Good
0x4136,Standard
0x4137,Standard
0x4138,Poor
0x4139,Standard
0x4142,Poor
0x4143,Poor
0x4144,Poor
0x4145,Poor
0x414e,Good
0x414f,Good
0x4150,Good
0x4151,Good
0x415a,Poor
0x415b,Poor
0x415c,Poor
0x415d,Poor
0x4166,Good
0x4167,Good
0x4168,Good
0x4169,Good
0x4172,Good
0x4173,Good
0x4174,Good
0x4175,Good
0x417e,Poor
0x417f,Poor
0x4180,Poor
0x4181,Poor
0x418a,Good
0x418b,Good
0x418c,Good
0x418d,Good
0x4196,Good
0x4197,Good
0x4198,Good
0x4199,Good
0x41a2,Poor
0x41a3,Poor
0x41a4,Standard
0x41a5,Standard
0x41ae,Poor
0x41af,Poor
0x41b0,Poor
0x41b1,Poor
0x41ba,Good
0x41bb,Good
0x41bc,Good
0x41bd,Good
0x41c6,Good
0x41c7,Good
0x41c8,Good
0x41c9,Good
0x41d2,Good
0x41d3,Good
0x41d4,Good
0x41d5,Good
0x41de,Poor
0x41df,Poor
0x41e0,Poor
0x41e1,Poor
0x41ea,Standard
0x41eb,Standard
0x41ec,Standard
0x41ed,Standard
0x41f6,Good
0x41f7,Good
0x41f8,Good
0x41f9,Standard
0x4202,Standard
0x4203,Standard
0x4204,Standard
0x4205,Standard
0x420e,Standard
0x420f,Standard
0x4210,Standard
0x4211,Standard
0x421a,Good
0x421b,Good
0x421c,Good
0x421d,Standard
0x4226,Good
0x4227,Good
0x4228,Good
0x4229,Good
0x4232,Standard
0x4233,Standard
0x4234,Standard
0x4235,Poor
0x423e,Poor
0x423f,Poor
0x4240,Poor
0x4241,Poor
0x424a,Good
0x424b,Good
0x424c,Good
0x424d,Good
0x4256,Poor
0x4257,Poor
0x4258,Poor
0x4259,Poor
0x4262,Good
0x4263,Good
0x4264,Good
0x4265,Good
0x426e,Poor
0x426f,Poor
0x4270,Standard
0x4271,Standard
0x427a,Poor
0x427b,Poor
0x427c,Poor
0x427d,Poor
0x4286,Poor
0x4287,Poor
0x4288,Poor
0x4289,Standard
0x4292,Good
0x4293,Good
0x4294,Good
0x4295,Good
0x429e,Standard
0x429f,Good
0x42a0,Good
0x42a1,Standard
0x42aa,Good
0x42ab,Good
0x42ac,Good
0x42ad,Good
0x42b6,Standard
0x42b7,Standard
0x42b8,Standard
0x42b9,Standard
0x42c2,Poor
0x42c3,Poor
0x42c4,Poor
0x42c5,Poor
0x42ce,Good
0x42cf,Good
0x42d0,Good
0x42d1,Good
0x42da,Good
0x42db,Good
0x42dc,Good
0x42dd,Good
0x42e6,Good
0x42e7,Good
0x42e8,Standard
0x42e9,Good
0x42f2,Poor
0x42f3,Poor
0x42f4,Poor
0x42f5,Poor
0x42fe,Good
0x42ff,Good
0x4300,Good
0x4301,Good
0x430a,Poor
0x430b,Poor
0x430c,Poor
0x430d,Poor
0x4316,Good
0x4317,Good
0x4318,Good
0x4319,Good
0x4322,Poor
0x4323,Poor
0x4324,Poor
0x4325,Poor
0x432e,Good
0x432f,Good
0x4330,Good
0x4331,Good
0x433a,Good
0x433b,Good
0x433c,Good
0x433d,Standard
0x4346,Standard
0x4347,Good
0x4348,Good
0x4349,Standard
0x4352,Poor
0x4353,Poor
0x4354,Poor
0x4355,Poor
0x435e,Good
0x435f,Good
0x4360,Good
0x4361,Good
0x436a,Poor
0x436b,Poor
0x436c,Poor
0x436d,Poor
0x4376,Poor
0x4377,Poor
0x4378,Poor
0x4379,Standard
0x4382,Poor
0x4383,Poor
0x4384,Poor
0x4385,Poor
0x438e,Poor
0x438f,Poor
0x4390,Poor
0x4391,Poor
0x439a,Good
0x439b,Good
0x439c,Good
0x439d,Good
0x43a6,Good
0x43a7,Good
0x43a8,Good
0x43a9,Good
0x43b2,Good
0x43b3,Good
0x43b4,Good
0x43b5,Good
0x43be,Poor
0x43bf,Poor
0x43c0,Poor
0x43c1,Poor
0x43ca,Poor
0x43cb,Poor
0x43cc,Poor
0x43cd,Poor
0x43d6,Poor
0x43d7,Poor
0x43d8,Poor
0x43d9,Poor
0x43e2,Good
0x43e3,Good
0x43e4,Good
0x43e5,Good
0x43ee,Good
0x43ef,Good
0x43f0,Good
0x43f1,Good
0x43fa,Good
0x43fb,Good
0x43fc,Good
0x43fd,Good
0x4406,Good
0x4407,Good
0x4408,Good
0x4409,Good
0x4412,Standard
0x4413,Standard
0x4414,Poor
0x4415,Standard
0x441e,Standard
0x441f,Poor
0x4420,Standard
0x4421,Standard
0x442a,Good
0x442b,Good
0x442c,Good
0x442d,Good
0x4436,Poor
0x4437,Poor
0x4438,Poor
0x4439,Poor
0x4442,Good
0x4443,Poor
0x4444,Good
0x4445,Good
0x444e,Good
0x444f,Good
0x4450,Good
0x4451,Good
0x445a,Good
0x445b,Good
0x445c,Good
0x445d,Good
0x4466,Poor
0x4467,Poor
0x4468,Poor
0x4469,Poor
0x4472,Standard
0x4473,Standard
0x4474,Standard
0x4475,Standard
0x447e,Poor
0x447f,Poor
0x4480,Poor
0x4481,Poor
0x448a,Poor
0x448b,Poor
0x448c,Poor
0x448d,Poor
0x4496,Poor
0x4497,Poor
0x4498,Poor
0x4499,Poor
0x44a2,Poor
0x44a3,Poor
0x44a4,Poor
0x44a5,Poor
0x44ae,Good
0x44af,Good
0x44b0,Good
0x44b1,Good
0x44ba,Good
0x44bb,Good
0x44bc,Good
0x44bd,Good
0x44c6,Poor
0x44c7,Poor
0x44c8,Poor
0x44c9,Poor
0x44d2,Good
0x44d3,Good
0x44d4,Good
0x44d5,Good
0x44de,Good
0x44df,Good
0x44e0,Good
0x44e1,Good
0x44ea,Standard
0x44eb,Standard
0x44ec,Good
0x44ed,Standard
0x44f6,Standard
0x44f7,Standard
0x44f8,Standard
0x44f9,Standard
0x4502,Poor
0x4503,Poor
0x4504,Poor
0x4505,Poor
0x450e,Poor
0x450f,Poor
0x4510,Poor
0x4511,Poor
0x451a,Standard
0x451b,Standard
0x451c,Standard
0x451d,Standard
0x4526,Standard
0x4527,Standard
0x4528,Standard
0x4529,Poor
0x4532,Poor
0x4533,Poor
0x4534,Poor
0x4535,Poor
0x453e,Good
0x453f,Good
0x4540,Good
0x4541,Good
0x454a,Standard
0x454b,Standard
0x454c,Poor
0x454d,Standard
0x4556,Good
0x4557,Good
0x4558,Standard
0x4559,Good
0x4562,Standard
0x4563,Standard
0x4564,Poor
0x4565,Standard
0x456e,Good
0x456f,Good
0x4570,Good
0x4571,Good
0x457a,Poor
0x457b,Poor
0x457c,Poor
0x457d,Standard
0x4586,Good
0x4587,Good
0x4588,Good
0x4589,Good
0x4592,Standard
0x4593,Standard
0x4594,Standard
0x4595,Standard
0x459e,Poor
0x459f,Poor
0x45a0,Poor
0x45a1,Poor
0x45aa,Good
0x45ab,Good
0x45ac,Good
0x45ad,Good
0x45b6,Good
0x45b7,Good
0x45b8,Good
0x45b9,Good
0x45c2,Poor
0x45c3,Poor
0x45c4,Poor
0x45c5,Poor
0x45ce,Poor
0x45cf,Poor
0x45d0,Poor
0x45d1,Poor
0x45da,Poor
0x45db,Poor
0x45dc,Poor
0x45dd,Poor
0x45e6,Standard
0x45e7,Good
0x45e8,Standard
0x45e9,Standard
0x45f2,Poor
0x45f3,Poor
0x45f4,Poor
0x45f5,Poor
0x45fe,Poor
0x45ff,Poor
0x4600,Poor
0x4601,Poor
0x460a,Good
0x460b,Good
0x460c,Good
0x460d,Good
0x4616,Poor
0x4617,Poor
0x4618,Poor
0x4619,Poor
0x4622,Good
0x4623,Good
0x4624,Good
0x4625,Good
0x462e,Poor
0x462f,Poor
0x4630,Poor
0x4631,Poor
0x463a,Poor
0x463b,Standard
0x463c,Standard
0x463d,Standard
0x4646,Good
0x4647,Good
0x4648,Good
0x4649,Good
0x4652,Good
0x4653,Good
0x4654,Good
0x4655,Good
0x465e,Poor
0x465f,Poor
0x4660,Poor
0x4661,Poor
0x466a,Good
0x466b,Good
0x466c,Good
0x466d,Good
0x4676,Good
0x4677,Good
0x4678,Good
0x4679,Good
0x4682,Poor
0x4683,Poor
0x4684,Poor
0x4685,Poor
0x468e,Good
0x468f,Good
0x4690,Good
0x4691,Good
0x469a,Poor
0x469b,Standard
0x469c,Standard
0x469d,Standard
0x46a6,Good
0x46a7,Good
0x46a8,Good
0x46a9,Good
0x46b2,Good
0x46b3,Good
0x46b4,Good
0x46b5,Good
0x46be,Standard
0x46bf,Standard
0x46c0,Standard
0x46c1,Standard
0x46ca,Good
0x46cb,Good
0x46cc,Good
0x46cd,Good
0x46d6,Poor
0x46d7,Poor
0x46d8,Poor
0x46d9,Poor
0x46e2,Good
0x46e3,Good
0x46e4,Good
0x46e5,Standard
0x46ee,Good
0x46ef,Good
0x46f0,Good
0x46f1,Good
0x46fa,Standard
0x46fb,Poor
0x46fc,Standard
0x46fd,Poor
0x4706,Good
0x4707,Good
0x4708,Good
0x4709,Good
0x4712,Good
0x4713,Good
0x4714,Good
0x4715,Good
0x471e,Good
0x471f,Good
0x4720,Good
0x4721,Good
0x472a,Good
0x472b,Good
0x472c,Good
0x472d,Good
0x4736,Poor
0x4737,Poor
0x4738,Poor
0x4739,Poor
0x4742,Good
0x4743,Good
0x4744,Good
0x4745,Good
0x474e,Good
0x474f,Good
0x4750,Good
0x4751,Good
0x475a,Good
0x475b,Good
0x475c,Good
0x475d,Good
0x4766,Good
0x4767,Good
0x4768,Good
0x4769,Good
0x4772,Good
0x4773,Good
0x4774,Good
0x4775,Good
0x477e,Good
0x477f,Good
0x4780,Good
0x4781,Good
0x478a,Good
0x478b,Good
0x478c,Good
0x478d,Good
0x4796,Standard
0x4797,Standard
0x4798,Poor
0x4799,Standard
0x47a2,Poor
0x47a3,Poor
0x47a4,Poor
0x47a5,Poor
0x47ae,Standard
0x47af,Poor
0x47b0,Poor
0x47b1,Poor
0x47ba,Poor
0x47bb,Poor
0x47bc,Poor
0x47bd,Poor
0x47c6,Standard
0x47c7,Standard
0x47c8,Standard
0x47c9,Standard
0x47d2,Poor
0x47d3,Poor
0x47d4,Poor
0x47d5,Poor
0x47de,Good
0x47df,Good
0x47e0,Good
0x47e1,Good
0x47ea,Good
0x47eb,Good
0x47ec,Good
0x47ed,Good
0x47f6,Poor
0x47f7,Poor
0x47f8,Poor
0x47f9,Poor
0x4802,Good
0x4803,Standard
0x4804,Standard
0x4805,Good
0x480e,Good
0x480f,Standard
0x4810,Standard
0x4811,Standard
0x481a,Good
0x481b,Good
0x481c,Good
0x481d,Good
0x4826,Poor
0x4827,Poor
0x4828,Poor
0x4829,Poor
0x4832,Good
0x4833,Good
0x4834,Standard
0x4835,Good
0x483e,Poor
0x483f,Poor
0x4840,Poor
0x4841,Poor
0x484a,Standard
0x484b,Standard
0x484c,Poor
0x484d,Standard
0x4856,Good
0x4857,Good
0x4858,Good
0x4859,Good
0x4862,Good
0x4863,Good
0x4864,Good
0x4865,Good
0x486e,Good
0x486f,Good
0x4870,Good
0x4871,Good
0x487a,Poor
0x487b,Poor
0x487c,Poor
0x487d,Poor
0x4886,Poor
0x4887,Good
0x4888,Poor
0x4889,Poor
0x4892,Standard
0x4893,Standard
0x4894,Standard
0x4895,Standard
0x489e,Poor
0x489f,Poor
0x48a0,Poor
0x48a1,Poor
0x48aa,Poor
0x48ab,Poor
0x48ac,Poor
0x48ad,Poor
0x48b6,Poor
0x48b7,Poor
0x48b8,Poor
0x48b9,Poor
0x48c2,Good
0x48c3,Good
0x48c4,Good
0x48c5,Good
0x48ce,Good
0x48cf,Good
0x48d0,Good
0x48d1,Good
0x48da,Poor
0x48db,Poor
0x48dc,Poor
0x48dd,Poor
0x48e6,Good
0x48e7,Good
0x48e8,Good
0x48e9,Good
0x48f2,Good
0x48f3,Good
0x48f4,Good
0x48f5,Good
0x48fe,Poor
0x48ff,Poor
0x4900,Poor
0x4901,Poor
0x490a,Poor
0x490b,Poor
0x490c,Poor
0x490d,Poor
0x4916,Standard
0x4917,Poor
0x4918,Poor
0x4919,Poor
0x4922,Good
0x4923,Good
0x4924,Good
0x4925,Good
0x492e,Standard
0x492f,Standard
0x4930,Poor
0x4931,Standard
0x493a,Poor
0x493b,Poor
0x493c,Poor
0x493d,Poor
0x4946,Good
0x4947,Good
0x4948,Good
0x4949,Good
0x4952,Good
0x4953,Good
0x4954,Good
0x4955,Good
0x495e,Good
0x495f,Good
0x4960,Good
0x4961,Good
0x496a,Standard
0x496b,Standard
0x496c,Standard
0x496d,Standard
0x4976,Poor
0x4977,Poor
0x4978,Poor
0x4979,Poor
0x4982,Good
0x4983,Good
0x4984,Good
0x4985,Good
0x498e,Poor
0x498f,Poor
0x4990,Poor
0x4991,Poor
0x499a,Standard
0x499b,Standard
0x499c,Standard
0x499d,Standard
0x49a6,Poor
0x49a7,Poor
0x49a8,Poor
0x49a9,Poor
0x49b2,Standard
0x49b3,Standard
0x49b4,Poor
0x49b5,Standard
0x49be,Good
0x49bf,Good
0x49c0,Good
0x49c1,Good
0x49ca,Poor
0x49cb,Poor
0x49cc,Standard
0x49cd,Poor
0x49d6,Good
0x49d7,Good
0x49d8,Good
0x49d9,Good
0x49e2,Poor
0x49e3,Poor
0x49e4,Poor
0x49e5,Poor
0x49ee,Standard
0x49ef,Standard
0x49f0,Standard
0x49f1,Standard
0x49fa,Poor
0x49fb,Standard
0x49fc,Standard
0x49fd,Standard
0x4a06,Poor
0x4a07,Standard
0x4a08,Standard
0x4a09,Standard
0x4a12,Good
0x4a13,Good
0x4a14,Good
0x4a15,Good
0x4a1e,Good
0x4a1f,Standard
0x4a20,Standard
0x4a21,Standard
0x4a2a,Standard
0x4a2b,Standard
0x4a2c,Poor
0x4a2d,Standard
0x4a36,Standard
0x4a37,Standard
0x4a38,Standard
0x4a39,Standard
0x4a42,Good
0x4a43,Good
0x4a44,Good
0x4a45,Good
0x4a4e,Good
0x4a4f,Good
0x4a50,Good
0x4a51,Good
0x4a5a,Standard
0x4a5b,Standard
0x4a5c,Standard
0x4a5d,Standard
0x4a66,Good
0x4a67,Good
0x4a68,Good
0x4a69,Good
0x4a72,Standard
0x4a73,Standard
0x4a74,Standard
0x4a75,Standard
0x4a7e,Good
0x4a7f,Good
0x4a80,Good
0x4a81,Good
0x4a8a,Standard
0x4a8b,Standard
0x4a8c,Poor
0x4a8d,Standard
0x4a96,Standard
0x4a97,Standard
0x4a98,Standard
0x4a99,Standard
0x4aa2,Standard
0x4aa3,Standard
0x4aa4,Standard
0x4aa5,Poor
0x4aae,Good
0x4aaf,Good
0x4ab0,Good
0x4ab1,Good
0x4aba,Standard
0x4abb,Standard
0x4abc,Standard
0x4abd,Standard
0x4ac6,Standard
0x4ac7,Standard
0x4ac8,Standard
0x4ac9,Standard
0x4ad2,Poor
0x4ad3,Poor
0x4ad4,Poor
0x4ad5,Poor
0x4ade,Poor
0x4adf,Poor
0x4ae0,Poor
0x4ae1,Poor
0x4aea,Standard
0x4aeb,Poor
0x4aec,Poor
0x4aed,Standard
0x4af6,Good
0x4af7,Good
0x4af8,Good
0x4af9,Good
0x4b02,Good
0x4b03,Good
0x4b04,Good
0x4b05,Good
0x4b0e,Good
0x4b0f,Good
0x4b10,Good
0x4b11,Good
0x4b1a,Poor
0x4b1b,Poor
0x4b1c,Poor
0x4b1d,Poor
0x4b26,Good
0x4b27,Good
0x4b28,Good
0x4b29,Good
0x4b32,Standard
0x4b33,Standard
0x4b34,Standard
0x4b35,Poor
0x4b3e,Good
0x4b3f,Good
0x4b40,Good
0x4b41,Good
0x4b4a,Good
0x4b4b,Good
0x4b4c,Good
0x4b4d,Good
0x4b56,Poor
0x4b57,Poor
0x4b58,Poor
0x4b59,Poor
0x4b62,Standard
0x4b63,Poor
0x4b64,Standard
0x4b65,Standard
0x4b6e,Good
0x4b6f,Good
0x4b70,Good
0x4b71,Good
0x4b7a,Poor
0x4b7b,Poor
0x4b7c,Poor
0x4b7d,Poor
0x4b86,Poor
0x4b87,Poor
0x4b88,Poor
0x4b89,Poor
0x4b92,Poor
0x4b93,Poor
0x4b94,Poor
0x4b95,Poor
0x4b9e,Good
0x4b9f,Good
0x4ba0,Good
0x4ba1,Good
0x4baa,Poor
0x4bab,Poor
0x4bac,Poor
0x4bad,Poor
0x4bb6,Good
0x4bb7,Good
0x4bb8,Good
0x4bb9,Good
0x4bc2,Good
0x4bc3,Good
0x4bc4,Good
0x4bc5,Good
0x4bce,Poor
0x4bcf,Poor
0x4bd0,Poor
0x4bd1,Poor
0x4bda,Standard
0x4bdb,Standard
0x4bdc,Standard
0x4bdd,Standard
0x4be6,Good
0x4be7,Good
0x4be8,Good
0x4be9,Good
0x4bf2,Good
0x4bf3,Good
0x4bf4,Good
0x4bf5,Good
0x4bfe,Poor
0x4bff,Standard
0x4c00,Poor
0x4c01,Standard
0x4c0a,Good
0x4c0b,Good
0x4c0c,Good
0x4c0d,Good
0x4c16,Good
0x4c17,Good
0x4c18,Good
0x4c19,Good
0x4c22,Standard
0x4c23,Standard
0x4c24,Standard
0x4c25,Standard
0x4c2e,Good
0x4c2f,Standard
0x4c30,Good
0x4c31,Good
0x4c3a,Standard
0x4c3b,Standard
0x4c3c,Standard
0x4c3d,Standard
0x4c46,Good
0x4c47,Good
0x4c48,Good
0x4c49,Good
0x4c52,Standard
0x4c53,Standard
0x4c54,Standard
0x4c55,Standard
0x4c5e,Good
0x4c5f,Good
0x4c60,Good
0x4c61,Good
0x4c6a,Poor
0x4c6b,Poor
0x4c6c,Poor
0x4c6d,Poor
0x4c76,Good
0x4c77,Good
0x4c78,Good
0x4c79,Good
0x4c82,Good
0x4c83,Good
0x4c84,Good
0x4c85,Good
0x4c8e,Poor
0x4c8f,Standard
0x4c90,Poor
0x4c91,Poor
0x4c9a,Poor
0x4c9b,Poor
0x4c9c,Poor
0x4c9d,Poor
0x4ca6,Poor
0x4ca7,Poor
0x4ca8,Poor
0x4ca9,Poor
0x4cb2,Good
0x4cb3,Standard
0x4cb4,Good
0x4cb5,Good
0x4cbe,Good
0x4cbf,Good
0x4cc0,Good
0x4cc1,Good
0x4cca,Standard
0x4ccb,Standard
0x4ccc,Standard
0x4ccd,Standard
0x4cd6,Good
0x4cd7,Good
0x4cd8,Good
0x4cd9,Good
0x4ce2,Poor
0x4ce3,Poor
0x4ce4,Poor
0x4ce5,Poor
0x4cee,Standard
0x4cef,Poor
0x4cf0,Standard
0x4cf1,Standard
0x4cfa,Good
0x4cfb,Good
0x4cfc,Good
0x4cfd,Good
0x4d06,Good
0x4d07,Good
0x4d08,Good
0x4d09,Good
0x4d12,Good
0x4d13,Good
0x4d14,Good
0x4d15,Good
0x4d1e,Good
0x4d1f,Good
0x4d20,Good
0x4d21,Good
0x4d2a,Good
0x4d2b,Good
0x4d2c,Standard
0x4d2d,Good
0x4d36,Good
0x4d37,Good
0x4d38,Good
0x4d39,Good
0x4d42,Good
0x4d43,Good
0x4d44,Good
0x4d45,Good
0x4d4e,Good
0x4d4f,Good
0x4d50,Good
0x4d51,Good
0x4d5a,Good
0x4d5b,Good
0x4d5c,Standard
0x4d5d,Good
0x4d66,Poor
0x4d67,Poor
0x4d68,Poor
0x4d69,Poor
0x4d72,Good
0x4d73,Good
0x4d74,Good
0x4d75,Good
0x4d7e,Good
0x4d7f,Good
0x4d80,Good
0x4d81,Good
0x4d8a,Standard
0x4d8b,Standard
0x4d8c,Standard
0x4d8d,Standard
0x4d96,Good
0x4d97,Good
0x4d98,Good
0x4d99,Good
0x4da2,Good
0x4da3,Good
0x4da4,Good
0x4da5,Good
0x4dae,Good
0x4daf,Good
0x4db0,Good
0x4db1,Good
0x4dba,Standard
0x4dbb,Standard
0x4dbc,Good
0x4dbd,Standard
0x4dc6,Good
0x4dc7,Good
0x4dc8,Good
0x4dc9,Good
0x4dd2,Poor
0x4dd3,Poor
0x4dd4,Poor
0x4dd5,Poor
0x4dde,Poor
0x4ddf,Standard
0x4de0,Poor
0x4de1,Poor
0x4dea,Poor
0x4deb,Standard
0x4dec,Standard
0x4ded,Poor
0x4df6,Good
0x4df7,Good
0x4df8,Good
0x4df9,Good
0x4e02,Poor
0x4e03,Poor
0x4e04,Poor
0x4e05,Poor
0x4e0e,Good
0x4e0f,Good
0x4e10,Good
0x4e11,Good
0x4e1a,Standard
0x4e1b,Standard
0x4e1c,Poor
0x4e1d,Standard
0x4e26,Standard
0x4e27,Standard
0x4e28,Standard
0x4e29,Standard
0x4e32,Standard
0x4e33,Poor
0x4e34,Poor
0x4e35,Standard
0x4e3e,Good
0x4e3f,Good
0x4e40,Good
0x4e41,Good
0x4e4a,Standard
0x4e4b,Good
0x4e4c,Standard
0x4e4d,Standard
0x4e56,Poor
0x4e57,Poor
0x4e58,Poor
0x4e59,Poor
0x4e62,Poor
0x4e63,Poor
0x4e64,Poor
0x4e65,Poor
0x4e6e,Good
0x4e6f,Good
0x4e70,Good
0x4e71,Good
0x4e7a,Good
0x4e7b,Good
0x4e7c,Good
0x4e7d,Standard
0x4e86,Good
0x4e87,Good
0x4e88,Good
0x4e89,Good
0x4e92,Good
0x4e93,Good
0x4e94,Good
0x4e95,Good
0x4e9e,Good
0x4e9f,Good
0x4ea0,Good
0x4ea1,Good
0x4eaa,Poor
0x4eab,Poor
0x4eac,Poor
0x4ead,Poor
0x4eb6,Standard
0x4eb7,Standard
0x4eb8,Poor
0x4eb9,Poor
0x4ec2,Standard
0x4ec3,Standard
0x4ec4,Standard
0x4ec5,Standard
0x4ece,Poor
0x4ecf,Poor
0x4ed0,Poor
0x4ed1,Poor
0x4eda,Standard
0x4edb,Poor
0x4edc,Standard
0x4edd,Standard
0x4ee6,Poor
0x4ee7,Poor
0x4ee8,Poor
0x4ee9,Poor
0x4ef2,Good
0x4ef3,Good
0x4ef4,Good
0x4ef5,Good
0x4efe,Poor
0x4eff,Poor
0x4f00,Poor
0x4f01,Poor
0x4f0a,Good
0x4f0b,Good
0x4f0c,Good
0x4f0d,Good
0x4f16,Poor
0x4f17,Poor
0x4f18,Poor
0x4f19,Poor
0x4f22,Poor
0x4f23,Poor
0x4f24,Poor
0x4f25,Poor
0x4f2e,Good
0x4f2f,Good
0x4f30,Good
0x4f31,Good
0x4f3a,Good
0x4f3b,Good
0x4f3c,Good
0x4f3d,Standard
0x4f46,Standard
0x4f47,Standard
0x4f48,Standard
0x4f49,Standard
0x4f52,Good
0x4f53,Good
0x4f54,Good
0x4f55,Good
0x4f5e,Poor
0x4f5f,Poor
0x4f60,Poor
0x4f61,Poor
0x4f6a,Poor
0x4f6b,Poor
0x4f6c,Poor
0x4f6d,Poor
0x4f76,Poor
0x4f77,Poor
0x4f78,Poor
0x4f79,Poor
0x4f82,Standard
0x4f83,Standard
0x4f84,Standard
0x4f85,Good
0x4f8e,Good
0x4f8f,Good
0x4f90,Good
0x4f91,Good
0x4f9a,Poor
0x4f9b,Poor
0x4f9c,Poor
0x4f9d,Poor
0x4fa6,Standard
0x4fa7,Poor
0x4fa8,Standard
0x4fa9,Standard
0x4fb2,Poor
0x4fb3,Poor
0x4fb4,Poor
0x4fb5,Poor
0x4fbe,Poor
0x4fbf,Poor
0x4fc0,Poor
0x4fc1,Poor
0x4fca,Good
0x4fcb,Good
0x4fcc,Good
0x4fcd,Good
0x4fd6,Poor
0x4fd7,Poor
0x4fd8,Poor
0x4fd9,Poor
0x4fe2,Poor
0x4fe3,Poor
0x4fe4,Poor
0x4fe5,Poor
0x4fee,Poor
0x4fef,Poor
0x4ff0,Poor
0x4ff1,Poor
0x4ffa,Standard
0x4ffb,Poor
0x4ffc,Standard
0x4ffd,Standard
0x5006,Good
0x5007,Good
0x5008,Good
0x5009,Good
0x5012,Good
0x5013,Good
0x5014,Good
0x5015,Good
0x501e,Poor
0x501f,Standard
0x5020,Poor
0x5021,Poor
0x502a,Good
0x502b,Good
0x502c,Good
0x502d,Good
0x5036,Standard
0x5037,Standard
0x5038,Standard
0x5039,Standard
0x5042,Poor
0x5043,Poor
0x5044,Poor
0x5045,Poor
0x504e,Good
0x504f,Good
0x5050,Good
0x5051,Good
0x505a,Good
0x505b,Good
0x505c,Good
0x505d,Good
0x5066,Standard
0x5067,Standard
0x5068,Standard
0x5069,Standard
0x5072,Good
0x5073,Good
0x5074,Good
0x5075,Good
0x507e,Good
0x507f,Good
0x5080,Good
0x5081,Good
0x508a,Good
0x508b,Good
0x508c,Good
0x508d,Good
0x5096,Poor
0x5097,Poor
0x5098,Poor
0x5099,Poor
0x50a2,Poor
0x50a3,Poor
0x50a4,Poor
0x50a5,Poor
0x50ae,Poor
0x50af,Standard
0x50b0,Standard
0x50b1,Poor
0x50ba,Standard
0x50bb,Standard
0x50bc,Standard
0x50bd,Standard
0x50c6,Standard
0x50c7,Standard
0x50c8,Standard
0x50c9,Poor
0x50d2,Poor
0x50d3,Poor
0x50d4,Poor
0x50d5,Poor
0x50de,Good
0x50df,Good
0x50e0,Good
0x50e1,Good
0x50ea,Good
0x50eb,Good
0x50ec,Good
0x50ed,Good
0x50f6,Standard
0x50f7,Standard
0x50f8,Standard
0x50f9,Standard
0x5102,Standard
0x5103,Standard
0x5104,Standard
0x5105,Standard
0x510e,Good
0x510f,Good
0x5110,Good
0x5111,Good
0x511a,Good
0x511b,Good
0x511c,Good
0x511d,Good
0x5126,Standard
0x5127,Standard
0x5128,Standard
0x5129,Standard
0x5132,Poor
0x5133,Poor
0x5134,Poor
0x5135,Poor
0x513e,Good
0x513f,Good
0x5140,Good
0x5141,Good
0x514a,Poor
0x514b,Poor
0x514c,Poor
0x514d,Poor
0x5156,Poor
0x5157,Poor
0x5158,Poor
0x5159,Poor
0x5162,Good
0x5163,Good
0x5164,Good
0x5165,Standard
0x516e,Good
0x516f,Good
0x5170,Good
0x5171,Good
0x517a,Good
0x517b,Good
0x517c,Good
0x517d,Good
0x5186,Good
0x5187,Good
0x5188,Good
0x5189,Good
0x5192,Good
0x5193,Standard
0x5194,Good
0x5195,Standard
0x519e,Good
0x519f,Good
0x51a0,Good
0x51a1,Good
0x51aa,Poor
0x51ab,Poor
0x51ac,Standard
0x51ad,Poor
0x51b6,Poor
0x51b7,Poor
0x51b8,Poor
0x51b9,Poor
0x51c2,Good
0x51c3,Good
0x51c4,Good
0x51c5,Good
0x51ce,Poor
0x51cf,Poor
0x51d0,Poor
0x51d1,Poor
0x51da,Good
0x51db,Good
0x51dc,Good
0x51dd,Standard
0x51e6,Good
0x51e7,Good
0x51e8,Good
0x51e9,Good
0x51f2,Good
0x51f3,Good
0x51f4,Good
0x51f5,Good
0x51fe,Good
0x51ff,Good
0x5200,Good
0x5201,Good
0x520a,Poor
0x520b,Poor
0x520c,Poor
0x520d,Poor
0x5216,Poor
0x5217,Standard
0x5218,Standard
0x5219,Standard
0x5222,Standard
0x5223,Standard
0x5224,Standard
0x5225,Standard
0x522e,Good
0x522f,Good
0x5230,Good
0x5231,Good
0x523a,Poor
0x523b,Poor
0x523c,Poor
0x523d,Poor
0x5246,Standard
0x5247,Standard
0x5248,Standard
0x5249,Standard
0x5252,Standard
0x5253,Standard
0x5254,Standard
0x5255,Standard
0x525e,Good
0x525f,Good
0x5260,Good
0x5261,Good
0x526a,Good
0x526b,Standard
0x526c,Good
0x526d,Standard
0x5276,Good
0x5277,Good
0x5278,Good
0x5279,Good
0x5282,Good
0x5283,Good
0x5284,Good
0x5285,Good
0x528e,Good
0x528f,Good
0x5290,Good
0x5291,Good
0x529a,Standard
0x529b,Poor
0x529c,Standard
0x529d,Standard
0x52a6,Good
0x52a7,Good
0x52a8,Good
0x52a9,Good
0x52b2,Good
0x52b3,Good
0x52b4,Good
0x52b5,Good
0x52be,Standard
0x52bf,Good
0x52c0,Good
0x52c1,Good
0x52ca,Good
0x52cb,Good
0x52cc,Good
0x52cd,Good
0x52d6,Poor
0x52d7,Poor
0x52d8,Poor
0x52d9,Poor
0x52e2,Poor
0x52e3,Poor
0x52e4,Poor
0x52e5,Poor
0x52ee,Poor
0x52ef,Poor
0x52f0,Poor
0x52f1,Poor
0x52fa,Poor
0x52fb,Poor
0x52fc,Poor
0x52fd,Poor
0x5306,Poor
0x5307,Poor
0x5308,Poor
0x5309,Poor
0x5312,Good
0x5313,Good
0x5314,Good
0x5315,Good
0x531e,Standard
0x531f,Poor
0x5320,Poor
0x5321,Poor
0x532a,Good
0x532b,Good
0x532c,Good
0x532d,Good
0x5336,Poor
0x5337,Poor
0x5338,Poor
0x5339,Poor
0x5342,Poor
0x5343,Poor
0x5344,Poor
0x5345,Poor
0x534e,Poor
0x534f,Poor
0x5350,Poor
0x5351,Poor
0x535a,Poor
0x535b,Poor
0x535c,Poor
0x535d,Poor
0x5366,Poor
0x5367,Poor
0x5368,Poor
0x5369,Poor
0x5372,Poor
0x5373,Poor
0x5374,Poor
0x5375,Poor
0x537e,Standard
0x537f,Standard
0x5380,Standard
0x5381,Standard
0x538a,Standard
0x538b,Standard
0x538c,Standard
0x538d,Standard
0x5396,Poor
0x5397,Poor
0x5398,Poor
0x5399,Poor
0x53a2,Good
0x53a3,Good
0x53a4,Good
0x53a5,Good
0x53ae,Good
0x53af,Good
0x53b0,Good
0x53b1,Good
0x53ba,Poor
0x53bb,Poor
0x53bc,Poor
0x53bd,Poor
0x53c6,Standard
0x53c7,Standard
0x53c8,Standard
0x53c9,Standard
0x53d2,Poor
0x53d3,Poor
0x53d4,Poor
0x53d5,Poor
0x53de,Good
0x53df,Good
0x53e0,Good
0x53e1,Good
0x53ea,Good
0x53eb,Good
0x53ec,Good
0x53ed,Good
0x53f6,Standard
0x53f7,Poor
0x53f8,Standard
0x53f9,Poor
0x5402,Standard
0x5403,Standard
0x5404,Standard
0x5405,Standard
0x540e,Good
0x540f,Good
0x5410,Good
0x5411,Good
0x541a,Standard
0x541b,Standard
0x541c,Standard
0x541d,Standard
0x5426,Poor
0x5427,Poor
0x5428,Poor
0x5429,Poor
0x5432,Standard
0x5433,Standard
0x5434,Poor
0x5435,Standard
0x543e,Poor
0x543f,Poor
0x5440,Poor
0x5441,Poor
0x544a,Poor
0x544b,Poor
0x544c,Poor
0x544d,Poor
0x5456,Good
0x5457,Good
0x5458,Good
0x5459,Good
0x5462,Standard
0x5463,Poor
0x5464,Poor
0x5465,Standard
0x546e,Good
0x546f,Good
0x5470,Good
0x5471,Good
0x547a,Standard
0x547b,Standard
0x547c,Poor
0x547d,Poor
0x5486,Standard
0x5487,Standard
0x5488,Standard
0x5489,Standard
0x5492,Good
0x5493,Good
0x5494,Good
0x5495,Good
0x549e,Good
0x549f,Good
0x54a0,Good
0x54a1,Good
0x54aa,Good
0x54ab,Good
0x54ac,Good
0x54ad,Good
0x54b6,Standard
0x54b7,Standard
0x54b8,Standard
0x54b9,Standard
0x54c2,Poor
0x54c3,Poor
0x54c4,Poor
0x54c5,Poor
0x54ce,Poor
0x54cf,Poor
0x54d0,Poor
0x54d1,Poor
0x54da,Good
0x54db,Good
0x54dc,Good
0x54dd,Good
0x54e6,Poor
0x54e7,Poor
0x54e8,Poor
0x54e9,Poor
0x54f2,Standard
0x54f3,Standard
0x54f4,Standard
0x54f5,Standard
0x54fe,Good
0x54ff,Good
0x5500,Good
0x5501,Good
0x550a,Poor
0x550b,Poor
0x550c,Poor
0x550d,Poor
0x5516,Good
0x5517,Good
0x5518,Good
0x5519,Good
0x5522,Poor
0x5523,Poor
0x5524,Poor
0x5525,Poor
0x552e,Standard
0x552f,Standard
0x5530,Poor
0x5531,Standard
0x553a,Good
0x553b,Good
0x553c,Good
0x553d,Good
0x5546,Good
0x5547,Good
0x5548,Good
0x5549,Good
0x5552,Poor
0x5553,Poor
0x5554,Poor
0x5555,Poor
0x555e,Poor
0x555f,Poor
0x5560,Poor
0x5561,Poor
0x556a,Standard
0x556b,Standard
0x556c,Standard
0x556d,Standard
0x5576,Good
0x5577,Good
0x5578,Good
0x5579,Good
0x5582,Good
0x5583,Good
0x5584,Good
0x5585,Good
0x558e,Standard
0x558f,Standard
0x5590,Standard
0x5591,Standard
0x559a,Poor
0x559b,Poor
0x559c,Poor
0x559d,Poor
0x55a6,Poor
0x55a7,Poor
0x55a8,Poor
0x55a9,Poor
0x55b2,Standard
0x55b3,Poor
0x55b4,Standard
0x55b5,Poor
0x55be,Poor
0x55bf,Poor
0x55c0,Poor
0x55c1,Poor
0x55ca,Standard
0x55cb,Standard
0x55cc,Standard
0x55cd,Standard
0x55d6,Poor
0x55d7,Poor
0x55d8,Poor
0x55d9,Poor
0x55e2,Poor
0x55e3,Poor
0x55e4,Poor
0x55e5,Poor
0x55ee,Good
0x55ef,Good
0x55f0,Good
0x55f1,Good
0x55fa,Good
0x55fb,Good
0x55fc,Good
0x55fd,Good
0x5606,Poor
0x5607,Poor
0x5608,Poor
0x5609,Poor
0x5612,Good
0x5613,Good
0x5614,Good
0x5615,Good
0x561e,Good
0x561f,Good
0x5620,Good
0x5621,Good
0x562a,Good
0x562b,Good
0x562c,Good
0x562d,Good
0x5636,Poor
0x5637,Poor
0x5638,Poor
0x5639,Poor
0x5642,Standard
0x5643,Standard
0x5644,Standard
0x5645,Standard
0x564e,Standard
0x564f,Standard
0x5650,Good
0x5651,Standard
0x565a,Good
0x565b,Good
0x565c,Good
0x565d,Good
0x5666,Poor
0x5667,Poor
0x5668,Poor
0x5669,Poor
0x5672,Good
0x5673,Good
0x5674,Good
0x5675,Good
0x567e,Standard
0x567f,Poor
0x5680,Poor
0x5681,Poor
0x568a,Poor
0x568b,Standard
0x568c,Poor
0x568d,Poor
0x5696,Poor
0x5697,Standard
0x5698,Poor
0x5699,Poor
0x56a2,Good
0x56a3,Good
0x56a4,Good
0x56a5,Good
0x56ae,Good
0x56af,Good
0x56b0,Good
0x56b1,Good
0x56ba,Good
0x56bb,Good
0x56bc,Good
0x56bd,Good
0x56c6,Good
0x56c7,Good
0x56c8,Good
0x56c9,Good
0x56d2,Good
0x56d3,Good
0x56d4,Good
0x56d5,Standard
0x56de,Standard
0x56df,Good
0x56e0,Good
0x56e1,Standard
0x56ea,Good
0x56eb,Good
0x56ec,Good
0x56ed,Good
0x56f6,Standard
0x56f7,Standard
0x56f8,Standard
0x56f9,Poor
0x5702,Standard
0x5703,Standard
0x5704,Standard
0x5705,Standard
0x570e,Poor
0x570f,Poor
0x5710,Poor
0x5711,Poor
0x571a,Good
0x571b,Good
0x571c,Good
0x571d,Good
0x5726,Poor
0x5727,Poor
0x5728,Poor
0x5729,Poor
0x5732,Poor
0x5733,Poor
0x5734,Poor
0x5735,Poor
0x573e,Poor
0x573f,Poor
0x5740,Poor
0x5741,Poor
0x574a,Good
0x574b,Good
0x574c,Good
0x574d,Good
0x5756,Standard
0x5757,Poor
0x5758,Standard
0x5759,Standard
0x5762,Poor
0x5763,Poor
0x5764,Poor
0x5765,Poor
0x576e,Poor
0x576f,Poor
0x5770,Poor
0x5771,Poor
0x577a,Good
0x577b,Good
0x577c,Good
0x577d,Good
0x5786,Standard
0x5787,Standard
0x5788,Standard
0x5789,Standard
0x5792,Good
0x5793,Good
0x5794,Good
0x5795,Good
0x579e,Good
0x579f,Good
0x57a0,Good
0x57a1,Good
0x57aa,Good
0x57ab,Good
0x57ac,Good
0x57ad,Good
0x57b6,Good
0x57b7,Good
0x57b8,Good
0x57b9,Good
0x57c2,Standard
0x57c3,Poor
0x57c4,Poor
0x57c5,Poor
0x57ce,Good
0x57cf,Good
0x57d0,Good
0x57d1,Good
0x57da,Poor
0x57db,Poor
0x57dc,Poor
0x57dd,Poor
0x57e6,Poor
0x57e7,Poor
0x57e8,Poor
0x57e9,Poor
0x57f2,Good
0x57f3,Good
0x57f4,Good
0x57f5,Good
0x57fe,Good
0x57ff,Good
0x5800,Good
0x5801,Good
0x580a,Standard
0x580b,Standard
0x580c,Standard
0x580d,Standard
0x5816,Good
0x5817,Good
0x5818,Good
0x5819,Good
0x5822,Good
0x5823,Good
0x5824,Good
0x5825,Good
0x582e,Good
0x582f,Good
0x5830,Good
0x5831,Good
0x583a,Good
0x583b,Good
0x583c,Good
0x583d,Good
0x5846,Good
0x5847,Good
0x5848,Good
0x5849,Good
0x5852,Standard
0x5853,Good
0x5854,Good
0x5855,Good
0x585e,Poor
0x585f,Poor
0x5860,Poor
0x5861,Poor
0x586a,Good
0x586b,Good
0x586c,Good
0x586d,Good
0x5876,Standard
0x5877,Standard
0x5878,Standard
0x5879,Standard
0x5882,Good
0x5883,Standard
0x5884,Good
0x5885,Good
0x588e,Poor
0x588f,Poor
0x5890,Poor
0x5891,Poor
0x589a,Good
0x589b,Good
0x589c,Standard
0x589d,Standard
0x58a6,Standard
0x58a7,Standard
0x58a8,Poor
0x58a9,Standard
0x58b2,Good
0x58b3,Good
0x58b4,Good
0x58b5,Good
0x58be,Good
0x58bf,Good
0x58c0,Good
0x58c1,Good
0x58ca,Good
0x58cb,Good
0x58cc,Good
0x58cd,Good
0x58d6,Poor
0x58d7,Poor
0x58d8,Poor
0x58d9,Poor
0x58e2,Good
0x58e3,Good
0x58e4,Good
0x58e5,Good
0x58ee,Standard
0x58ef,Standard
0x58f0,Standard
0x58f1,Standard
0x58fa,Standard
0x58fb,Standard
0x58fc,Standard
0x58fd,Standard
0x5906,Good
0x5907,Good
0x5908,Good
0x5909,Good
0x5912,Good
0x5913,Good
0x5914,Good
0x5915,Good
0x591e,Standard
0x591f,Standard
0x5920,Standard
0x5921,Standard
0x592a,Poor
0x592b,Poor
0x592c,Poor
0x592d,Poor
0x5936,Poor
0x5937,Poor
0x5938,Poor
0x5939,Poor
0x5942,Poor
0x5943,Poor
0x5944,Poor
0x5945,Poor
0x594e,Poor
0x594f,Poor
0x5950,Poor
0x5951,Poor
0x595a,Poor
0x595b,Standard
0x595c,Poor
0x595d,Poor
0x5966,Poor
0x5967,Poor
0x5968,Poor
0x5969,Poor
0x5972,Standard
0x5973,Standard
0x5974,Standard
0x5975,Poor
0x597e,Good
0x597f,Good
0x5980,Good
0x5981,Good
0x598a,Poor
0x598b,Poor
0x598c,Poor
0x598d,Poor
0x5996,Standard
0x5997,Standard
0x5998,Standard
0x5999,Standard
0x59a2,Good
0x59a3,Good
0x59a4,Good
0x59a5,Good
0x59ae,Good
0x59af,Good
0x59b0,Good
0x59b1,Good
0x59ba,Good
0x59bb,Good
0x59bc,Good
0x59bd,Good
0x59c6,Good
0x59c7,Good
0x59c8,Good
0x59c9,Good
0x59d2,Good
0x59d3,Good
0x59d4,Good
0x59d5,Good
0x59de,Good
0x59df,Good
0x59e0,Good
0x59e1,Good
0x59ea,Poor
0x59eb,Poor
0x59ec,Poor
0x59ed,Poor
0x59f6,Standard
0x59f7,Poor
0x59f8,Standard
0x59f9,Poor
0x5a02,Good
0x5a03,Good
0x5a04,Good
0x5a05,Good
0x5a0e,Poor
0x5a0f,Poor
0x5a10,Poor
0x5a11,Poor
0x5a1a,Poor
0x5a1b,Poor
0x5a1c,Poor
0x5a1d,Poor
0x5a26,Poor
0x5a27,Poor
0x5a28,Poor
0x5a29,Poor
0x5a32,Good
0x5a33,Good
0x5a34,Good
0x5a35,Good
0x5a3e,Poor
0x5a3f,Poor
0x5a40,Poor
0x5a41,Poor
0x5a4a,Good
0x5a4b,Good
0x5a4c,Good
0x5a4d,Good
0x5a56,Good
0x5a57,Good
0x5a58,Good
0x5a59,Standard
0x5a62,Good
0x5a63,Good
0x5a64,Good
0x5a65,Good
0x5a6e,Poor
0x5a6f,Poor
0x5a70,Poor
0x5a71,Poor
0x5a7a,Standard
0x5a7b,Good
0x5a7c,Good
0x5a7d,Good
0x5a86,Good
0x5a87,Good
0x5a88,Good
0x5a89,Good
0x5a92,Good
0x5a93,Standard
0x5a94,Standard
0x5a95,Standard
0x5a9e,Good
0x5a9f,Good
0x5aa0,Good
0x5aa1,Good
0x5aaa,Poor
0x5aab,Standard
0x5aac,Standard
0x5aad,Standard
0x5ab6,Poor
0x5ab7,Poor
0x5ab8,Poor
0x5ab9,Poor
0x5ac2,Standard
0x5ac3,Standard
0x5ac4,Standard
0x5ac5,Standard
0x5ace,Poor
0x5acf,Poor
0x5ad0,Poor
0x5ad1,Poor
0x5ada,Poor
0x5adb,Poor
0x5adc,Poor
0x5add,Poor
0x5ae6,Poor
0x5ae7,Poor
0x5ae8,Poor
0x5ae9,Poor
0x5af2,Standard
0x5af3,Standard
0x5af4,Poor
0x5af5,Standard
0x5afe,Good
0x5aff,Good
0x5b00,Good
0x5b01,Good
0x5b0a,Poor
0x5b0b,Poor
0x5b0c,Poor
0x5b0d,Poor
0x5b16,Good
0x5b17,Good
0x5b18,Good
0x5b19,Good
0x5b22,Good
0x5b23,Good
0x5b24,Good
0x5b25,Good
0x5b2e,Poor
0x5b2f,Poor
0x5b30,Poor
0x5b31,Poor
0x5b3a,Poor
0x5b3b,Standard
0x5b3c,Standard
0x5b3d,Standard
0x5b46,Standard
0x5b47,Standard
0x5b48,Standard
0x5b49,Poor
0x5b52,Standard
0x5b53,Standard
0x5b54,Standard
0x5b55,Standard
0x5b5e,Good
0x5b5f,Good
0x5b60,Good
0x5b61,Good
0x5b6a,Poor
0x5b6b,Good
0x5b6c,Good
0x5b6d,Good
0x5b76,Poor
0x5b77,Poor
0x5b78,Poor
0x5b79,Poor
0x5b82,Good
0x5b83,Good
0x5b84,Good
0x5b85,Good
0x5b8e,Good
0x5b8f,Good
0x5b90,Good
0x5b91,Good
0x5b9a,Poor
0x5b9b,Poor
0x5b9c,Poor
0x5b9d,Poor
0x5ba6,Standard
0x5ba7,Standard
0x5ba8,Good
0x5ba9,Standard
0x5bb2,Standard
0x5bb3,Standard
0x5bb4,Poor
0x5bb5,Good
0x5bbe,Poor
0x5bbf,Poor
0x5bc0,Poor
0x5bc1,Poor
0x5bca,Poor
0x5bcb,Poor
0x5bcc,Poor
0x5bcd,Poor
0x5bd6,Poor
0x5bd7,Poor
0x5bd8,Poor
0x5bd9,Poor
0x5be2,Standard
0x5be3,Standard
0x5be4,Standard
0x5be5,Standard
0x5bee,Standard
0x5bef,Standard
0x5bf0,Standard
0x5bf1,Standard
0x5bfa,Good
0x5bfb,Good
0x5bfc,Good
0x5bfd,Good
0x5c06,Good
0x5c07,Good
0x5c08,Good
0x5c09,Good
0x5c12,Standard
0x5c13,Standard
0x5c14,Standard
0x5c15,Standard
0x5c1e,Poor
0x5c1f,Poor
0x5c20,Poor
0x5c21,Poor
0x5c2a,Poor
0x5c2b,Poor
0x5c2c,Poor
0x5c2d,Poor
0x5c36,Poor
0x5c37,Poor
0x5c38,Standard
0x5c39,Standard
0x5c42,Poor
0x5c43,Poor
0x5c44,Poor
0x5c45,Poor
0x5c4e,Poor
0x5c4f,Poor
0x5c50,Poor
0x5c51,Standard
0x5c5a,Standard
0x5c5b,Good
0x5c5c,Good
0x5c5d,Standard
0x5c66,Poor
0x5c67,Poor
0x5c68,Poor
0x5c69,Poor
0x5c72,Good
0x5c73,Good
0x5c74,Good
0x5c75,Good
0x5c7e,Poor
0x5c7f,Poor
0x5c80,Standard
0x5c81,Standard
0x5c8a,Poor
0x5c8b,Poor
0x5c8c,Poor
0x5c8d,Poor
0x5c96,Good
0x5c97,Good
0x5c98,Good
0x5c99,Good
0x5ca2,Good
0x5ca3,Good
0x5ca4,Good
0x5ca5,Good
0x5cae,Poor
0x5caf,Poor
0x5cb0,Poor
0x5cb1,Poor
0x5cba,Good
0x5cbb,Good
0x5cbc,Good
0x5cbd,Good
0x5cc6,Standard
0x5cc7,Poor
0x5cc8,Poor
0x5cc9,Poor
0x5cd2,Good
0x5cd3,Standard
0x5cd4,Good
0x5cd5,Good
0x5cde,Good
0x5cdf,Good
0x5ce0,Good
0x5ce1,Good
0x5cea,Poor
0x5ceb,Poor
0x5cec,Poor
0x5ced,Poor
0x5cf6,Poor
0x5cf7,Poor
0x5cf8,Standard
0x5cf9,Standard
0x5d02,Standard
0x5d03,Standard
0x5d04,Standard
0x5d05,Standard
0x5d0e,Standard
0x5d0f,Standard
0x5d10,Standard
0x5d11,Standard
0x5d1a,Good
0x5d1b,Good
0x5d1c,Good
0x5d1d,Good
0x5d26,Good
0x5d27,Good
0x5d28,Good
0x5d29,Good
0x5d32,Good
0x5d33,Good
0x5d34,Good
0x5d35,Good
0x5d3e,Poor
0x5d3f,Poor
0x5d40,Poor
0x5d41,Poor
0x5d4a,Standard
0x5d4b,Standard
0x5d4c,Standard
0x5d4d,Standard
0x5d56,Poor
0x5d57,Poor
0x5d58,Poor
0x5d59,Poor
0x5d62,Standard
0x5d63,Standard
0x5d64,Poor
0x5d65,Standard
0x5d6e,Good
0x5d6f,Good
0x5d70,Good
0x5d71,Good
0x5d7a,Poor
0x5d7b,Poor
0x5d7c,Poor
0x5d7d,Poor
0x5d86,Poor
0x5d87,Poor
0x5d88,Poor
0x5d89,Poor
0x5d92,Poor
0x5d93,Poor
0x5d94,Poor
0x5d95,Poor
0x5d9e,Poor
0x5d9f,Poor
0x5da0,Poor
0x5da1,Poor
0x5daa,Poor
0x5dab,Poor
0x5dac,Poor
0x5dad,Poor
0x5db6,Good
0x5db7,Good
0x5db8,Good
0x5db9,Good
0x5dc2,Poor
0x5dc3,Poor
0x5dc4,Poor
0x5dc5,Poor
0x5dce,Good
0x5dcf,Good
0x5dd0,Good
0x5dd1,Good
0x5dda,Poor
0x5ddb,Poor
0x5ddc,Poor
0x5ddd,Poor
0x5de6,Good
0x5de7,Good
0x5de8,Good
0x5de9,Good
0x5df2,Good
0x5df3,Good
0x5df4,Good
0x5df5,Good
0x5dfe,Good
0x5dff,Good
0x5e00,Good
0x5e01,Good
0x5e0a,Good
0x5e0b,Good
0x5e0c,Good
0x5e0d,Good
0x5e16,Good
0x5e17,Good
0x5e18,Good
0x5e19,Good
0x5e22,Standard
0x5e23,Standard
0x5e24,Standard
0x5e25,Standard
0x5e2e,Good
0x5e2f,Good
0x5e30,Good
0x5e31,Good
0x5e3a,Good
0x5e3b,Good
0x5e3c,Good
0x5e3d,Good
0x5e46,Good
0x5e47,Good
0x5e48,Good
0x5e49,Standard
0x5e52,Good
0x5e53,Good
0x5e54,Good
0x5e55,Good
0x5e5e,Standard
0x5e5f,Poor
0x5e60,Standard
0x5e61,Standard
0x5e6a,Standard
0x5e6b,Standard
0x5e6c,Poor
0x5e6d,Standard
0x5e76,Good
0x5e77,Good
0x5e78,Good
0x5e79,Good
0x5e82,Standard
0x5e83,Standard
0x5e84,Standard
0x5e85,Standard
0x5e8e,Good
0x5e8f,Good
0x5e90,Good
0x5e91,Good
0x5e9a,Poor
0x5e9b,Poor
0x5e9c,Poor
0x5e9d,Poor
0x5ea6,Good
0x5ea7,Good
0x5ea8,Good
0x5ea9,Good
0x5eb2,Good
0x5eb3,Good
0x5eb4,Good
0x5eb5,Standard
0x5ebe,Standard
0x5ebf,Good
0x5ec0,Good
0x5ec1,Standard
0x5eca,Standard
0x5ecb,Standard
0x5ecc,Standard
0x5ecd,Standard
0x5ed6,Good
0x5ed7,Good
0x5ed8,Good
0x5ed9,Good
0x5ee2,Good
0x5ee3,Good
0x5ee4,Good
0x5ee5,Good
0x5eee,Standard
0x5eef,Standard
0x5ef0,Standard
0x5ef1,Standard
0x5efa,Good
0x5efb,Good
0x5efc,Good
0x5efd,Good
0x5f06,Poor
0x5f07,Poor
0x5f08,Poor
0x5f09,Poor
0x5f12,Poor
0x5f13,Poor
0x5f14,Poor
0x5f15,Poor
0x5f1e,Good
0x5f1f,Good
0x5f20,Good
0x5f21,Good
0x5f2a,Good
0x5f2b,Good
0x5f2c,Good
0x5f2d,Good
0x5f36,Good
0x5f37,Good
0x5f38,Good
0x5f39,Good
0x5f42,Poor
0x5f43,Standard
0x5f44,Standard
0x5f45,Poor
0x5f4e,Good
0x5f4f,Standard
0x5f50,Good
0x5f51,Good
0x5f5a,Poor
0x5f5b,Standard
0x5f5c,Poor
0x5f5d,Poor
0x5f66,Standard
0x5f67,Good
0x5f68,Standard
0x5f69,Standard
0x5f72,Good
0x5f73,Good
0x5f74,Good
0x5f75,Good
0x5f7e,Standard
0x5f7f,Good
0x5f80,Standard
0x5f81,Good
0x5f8a,Good
0x5f8b,Good
0x5f8c,Good
0x5f8d,Good
0x5f96,Poor
0x5f97,Poor
0x5f98,Poor
0x5f99,Poor
0x5fa2,Good
0x5fa3,Good
0x5fa4,Good
0x5fa5,Good
0x5fae,Good
0x5faf,Good
0x5fb0,Good
0x5fb1,Good
0x5fba,Standard
0x5fbb,Standard
0x5fbc,Standard
0x5fbd,Standard
0x5fc6,Good
0x5fc7,Good
0x5fc8,Good
0x5fc9,Good
0x5fd2,Good
0x5fd3,Good
0x5fd4,Good
0x5fd5,Good
0x5fde,Poor
0x5fdf,Poor
0x5fe0,Poor
0x5fe1,Poor
0x5fea,Good
0x5feb,Good
0x5fec,Good
0x5fed,Good
0x5ff6,Standard
0x5ff7,Standard
0x5ff8,Standard
0x5ff9,Standard
0x6002,Good
0x6003,Good
0x6004,Standard
0x6005,Standard
0x600e,Poor
0x600f,Poor
0x6010,Poor
0x6011,Poor
0x601a,Good
0x601b,Good
0x601c,Good
0x601d,Good
0x6026,Good
0x6027,Good
0x6028,Good
0x6029,Good
0x6032,Good
0x6033,Good
0x6034,Good
0x6035,Good
0x603e,Poor
0x603f,Poor
0x6040,Poor
0x6041,Poor
0x604a,Good
0x604b,Good
0x604c,Good
0x604d,Good
0x6056,Poor
0x6057,Poor
0x6058,Poor
0x6059,Poor
0x6062,Poor
0x6063,Poor
0x6064,Poor
0x6065,Poor
0x606e,Poor
0x606f,Standard
0x6070,Poor
0x6071,Poor
0x607a,Good
0x607b,Good
0x607c,Good
0x607d,Good
0x6086,Standard
0x6087,Standard
0x6088,Standard
0x6089,Good
0x6092,Good
0x6093,Good
0x6094,Good
0x6095,Good
0x609e,Good
0x609f,Good
0x60a0,Good
0x60a1,Good
0x60aa,Good
0x60ab,Good
0x60ac,Good
0x60ad,Good
0x60b6,Poor
0x60b7,Poor
0x60b8,Poor
0x60b9,Poor
0x60c2,Poor
0x60c3,Poor
0x60c4,Poor
0x60c5,Poor
0x60ce,Good
0x60cf,Good
0x60d0,Good
0x60d1,Good
0x60da,Good
0x60db,Good
0x60dc,Good
0x60dd,Standard
0x60e6,Poor
0x60e7,Poor
0x60e8,Poor
0x60e9,Poor
0x60f2,Good
0x60f3,Good
0x60f4,Good
0x60f5,Good
0x60fe,Standard
0x60ff,Standard
0x6100,Standard
0x6101,Standard
0x610a,Poor
0x610b,Poor
0x610c,Poor
0x610d,Poor
0x6116,Poor
0x6117,Poor
0x6118,Standard
0x6119,Poor
0x6122,Good
0x6123,Good
0x6124,Good
0x6125,Good
0x612e,Poor
0x612f,Poor
0x6130,Poor
0x6131,Poor
0x613a,Good
0x613b,Good
0x613c,Good
0x613d,Good
0x6146,Poor
0x6147,Standard
0x6148,Standard
0x6149,Standard
0x6152,Good
0x6153,Good
0x6154,Good
0x6155,Good
0x615e,Good
0x615f,Good
0x6160,Good
0x6161,Good
0x616a,Good
0x616b,Good
0x616c,Good
0x616d,Good
0x6176,Good
0x6177,Good
0x6178,Good
0x6179,Good
0x6182,Standard
0x6183,Standard
0x6184,Standard
0x6185,Standard
0x618e,Good
0x618f,Good
0x6190,Good
0x6191,Good
0x619a,Poor
0x619b,Poor
0x619c,Poor
0x619d,Poor
0x61a6,Poor
0x61a7,Poor
0x61a8,Poor
0x61a9,Poor
0x61b2,Good
0x61b3,Good
0x61b4,Good
0x61b5,Good
0x61be,Standard
0x61bf,Standard
0x61c0,Standard
0x61c1,Standard
0x61ca,Good
0x61cb,Good
0x61cc,Good
0x61cd,Good
0x61d6,Standard
0x61d7,Standard
0x61d8,Standard
0x61d9,Standard
0x61e2,Good
0x61e3,Good
0x61e4,Good
0x61e5,Good
0x61ee,Standard
0x61ef,Poor
0x61f0,Standard
0x61f1,Poor
0x61fa,Standard
0x61fb,Standard
0x61fc,Standard
0x61fd,Standard
0x6206,Standard
0x6207,Poor
0x6208,Poor
0x6209,Poor
0x6212,Good
0x6213,Good
0x6214,Good
0x6215,Good
0x621e,Poor
0x621f,Poor
0x6220,Poor
0x6221,Poor
0x622a,Good
0x622b,Poor
0x622c,Poor
0x622d,Standard
0x6236,Poor
0x6237,Poor
0x6238,Poor
0x6239,Poor
0x6242,Standard
0x6243,Standard
0x6244,Standard
0x6245,Standard
0x624e,Standard
0x624f,Standard
0x6250,Standard
0x6251,Standard
0x625a,Poor
0x625b,Poor
0x625c,Poor
0x625d,Poor
0x6266,Good
0x6267,Good
0x6268,Good
0x6269,Good
0x6272,Good
0x6273,Good
0x6274,Good
0x6275,Good
0x627e,Poor
0x627f,Poor
0x6280,Poor
0x6281,Poor
0x628a,Good
0x628b,Good
0x628c,Good
0x628d,Good
0x6296,Good
0x6297,Good
0x6298,Good
0x6299,Good
0x62a2,Good
0x62a3,Good
0x62a4,Good
0x62a5,Good
0x62ae,Good
0x62af,Good
0x62b0,Good
0x62b1,Good
0x62ba,Poor
0x62bb,Standard
0x62bc,Standard
0x62bd,Standard
0x62c6,Standard
0x62c7,Standard
0x62c8,Standard
0x62c9,Standard
0x62d2,Good
0x62d3,Good
0x62d4,Good
0x62d5,Good
0x62de,Good
0x62df,Good
0x62e0,Good
0x62e1,Good
0x62ea,Good
0x62eb,Good
0x62ec,Good
0x62ed,Good
0x62f6,Good
0x62f7,Good
0x62f8,Good
0x62f9,Good
0x6302,Good
0x6303,Good
0x6304,Good
0x6305,Good
0x630e,Standard
0x630f,Standard
0x6310,Standard
0x6311,Standard
0x631a,Poor
0x631b,Poor
0x631c,Poor
0x631d,Poor
0x6326,Poor
0x6327,Standard
0x6328,Good
0x6329,Good
0x6332,Poor
0x6333,Poor
0x6334,Poor
0x6335,Poor
0x633e,Standard
0x633f,Good
0x6340,Good
0x6341,Good
0x634a,Good
0x634b,Good
0x634c,Good
0x634d,Good
0x6356,Good
0x6357,Good
0x6358,Good
0x6359,Good
0x6362,Good
0x6363,Good
0x6364,Good
0x6365,Good
0x636e,Poor
0x636f,Poor
0x6370,Poor
0x6371,Poor
0x637a,Standard
0x637b,Standard
0x637c,Standard
0x637d,Standard
0x6386,Good
0x6387,Good
0x6388,Good
0x6389,Good
0x6392,Good
0x6393,Good
0x6394,Good
0x6395,Good
0x639e,Poor
0x639f,Poor
0x63a0,Poor
0x63a1,Poor
0x63aa,Poor
0x63ab,Poor
0x63ac,Poor
0x63ad,Poor
0x63b6,Good
0x63b7,Good
0x63b8,Good
0x63b9,Good
0x63c2,Poor
0x63c3,Poor
0x63c4,Poor
0x63c5,Poor
0x63ce,Good
0x63cf,Good
0x63d0,Good
0x63d1,Good
0x63da,Good
0x63db,Good
0x63dc,Good
0x63dd,Good
0x63e6,Good
0x63e7,Standard
0x63e8,Good
0x63e9,Standard
0x63f2,Poor
0x63f3,Poor
0x63f4,Standard
0x63f5,Poor
0x63fe,Good
0x63ff,Good
0x6400,Good
0x6401,Good
0x640a,Good
0x640b,Good
0x640c,Good
0x640d,Good
0x6416,Good
0x6417,Good
0x6418,Good
0x6419,Good
0x6422,Poor
0x6423,Poor
0x6424,Poor
0x6425,Poor
0x642e,Poor
0x642f,Poor
0x6430,Poor
0x6431,Poor
0x643a,Good
0x643b,Good
0x643c,Good
0x643d,Good
0x6446,Good
0x6447,Good
0x6448,Good
0x6449,Good
0x6452,Poor
0x6453,Poor
0x6454,Poor
0x6455,Poor
0x645e,Good
0x645f,Good
0x6460,Good
0x6461,Good
0x646a,Good
0x646b,Good
0x646c,Good
0x646d,Good
0x6476,Poor
0x6477,Poor
0x6478,Poor
0x6479,Poor
0x6482,Poor
0x6483,Poor
0x6484,Poor
0x6485,Poor
0x648e,Good
0x648f,Good
0x6490,Good
0x6491,Good
0x649a,Good
0x649b,Good
0x649c,Good
0x649d,Good
0x64a6,Good
0x64a7,Good
0x64a8,Good
0x64a9,Good
0x64b2,Good
0x64b3,Good
0x64b4,Good
0x64b5,Good
0x64be,Standard
0x64bf,Standard
0x64c0,Poor
0x64c1,Standard
0x64ca,Poor
0x64cb,Poor
0x64cc,Poor
0x64cd,Poor
0x64d6,Poor
0x64d7,Poor
0x64d8,Poor
0x64d9,Poor
0x64e2,Poor
0x64e3,Poor
0x64e4,Poor
0x64e5,Poor
0x64ee,Standard
0x64ef,Standard
0x64f0,Standard
0x64f1,Poor
0x64fa,Poor
0x64fb,Poor
0x64fc,Poor
0x64fd,Poor
0x6506,Poor
0x6507,Poor
0x6508,Poor
0x6509,Poor
0x6512,Poor
0x6513,Poor
0x6514,Poor
0x6515,Poor
0x651e,Good
0x651f,Good
0x6520,Good
0x6521,Good
0x652a,Poor
0x652b,Poor
0x652c,Poor
0x652d,Poor
0x6536,Poor
0x6537,Poor
0x6538,Poor
0x6539,Poor
0x6542,Good
0x6543,Good
0x6544,Good
0x6545,Good
0x654e,Good
0x654f,Good
0x6550,Good
0x6551,Good
0x655a,Standard
0x655b,Standard
0x655c,Standard
0x655d,Poor
0x6566,Good
0x6567,Good
0x6568,Good
0x6569,Good
0x6572,Standard
0x6573,Good
0x6574,Good
0x6575,Standard
0x657e,Poor
0x657f,Poor
0x6580,Poor
0x6581,Poor
0x658a,Good
0x658b,Good
0x658c,Good
0x658d,Good
0x6596,Good
0x6597,Good
0x6598,Good
0x6599,Good
0x65a2,Poor
0x65a3,Poor
0x65a4,Poor
0x65a5,Poor
0x65ae,Poor
0x65af,Poor
0x65b0,Poor
0x65b1,Poor
0x65ba,Standard
0x65bb,Poor
0x65bc,Poor
0x65bd,Poor
0x65c6,Poor
0x65c7,Poor
0x65c8,Poor
0x65c9,Poor
0x65d2,Good
0x65d3,Good
0x65d4,Good
0x65d5,Good
0x65de,Standard
0x65df,Good
0x65e0,Standard
0x65e1,Standard
0x65ea,Poor
0x65eb,Poor
0x65ec,Poor
0x65ed,Poor
0x65f6,Good
0x65f7,Good
0x65f8,Good
0x65f9,Good
0x6602,Good
0x6603,Good
0x6604,Good
0x6605,Good
0x660e,Poor
0x660f,Poor
0x6610,Poor
0x6611,Poor
0x661a,Standard
0x661b,Standard
0x661c,Standard
0x661d,Standard
0x6626,Good
0x6627,Good
0x6628,Good
0x6629,Good
0x6632,Good
0x6633,Good
0x6634,Good
0x6635,Good
0x663e,Poor
0x663f,Poor
0x6640,Poor
0x6641,Poor
0x664a,Good
0x664b,Good
0x664c,Good
0x664d,Good
0x6656,Good
0x6657,Good
0x6658,Good
0x6659,Good
0x6662,Good
0x6663,Standard
0x6664,Good
0x6665,Good
0x666e,Standard
0x666f,Standard
0x6670,Standard
0x6671,Standard
0x667a,Poor
0x667b,Standard
0x667c,Standard
0x667d,Standard
0x6686,Poor
0x6687,Poor
0x6688,Poor
0x6689,Poor
0x6692,Good
0x6693,Good
0x6694,Good
0x6695,Good
0x669e,Good
0x669f,Good
0x66a0,Good
0x66a1,Good
0x66aa,Good
0x66ab,Good
0x66ac,Good
0x66ad,Good
0x66b6,Standard
0x66b7,Standard
0x66b8,Standard
0x66b9,Standard
0x66c2,Standard
0x66c3,Standard
0x66c4,Good
0x66c5,Poor
0x66ce,Good
0x66cf,Good
0x66d0,Good
0x66d1,Good
0x66da,Standard
0x66db,Standard
0x66dc,Standard
0x66dd,Standard
0x66e6,Poor
0x66e7,Good
0x66e8,Poor
0x66e9,Poor
0x66f2,Poor
0x66f3,Standard
0x66f4,Poor
0x66f5,Poor
0x66fe,Standard
0x66ff,Standard
0x6700,Standard
0x6701,Standard
0x670a,Good
0x670b,Good
0x670c,Good
0x670d,Good
0x6716,Good
0x6717,Good
0x6718,Good
0x6719,Good
0x6722,Poor
0x6723,Poor
0x6724,Poor
0x6725,Poor
0x672e,Poor
0x672f,Poor
0x6730,Poor
0x6731,Poor
0x673a,Poor
0x673b,Poor
0x673c,Poor
0x673d,Poor
0x6746,Poor
0x6747,Poor
0x6748,Poor
0x6749,Poor
0x6752,Good
0x6753,Good
0x6754,Good
0x6755,Good
0x675e,Standard
0x675f,Standard
0x6760,Standard
0x6761,Standard
0x676a,Poor
0x676b,Poor
0x676c,Poor
0x676d,Poor
0x6776,Poor
0x6777,Good
0x6778,Good
0x6779,Good
0x6782,Good
0x6783,Good
0x6784,Good
0x6785,Good
0x678e,Poor
0x678f,Poor
0x6790,Poor
0x6791,Poor
0x679a,Good
0x679b,Good
0x679c,Good
0x679d,Good
0x67a6,Poor
0x67a7,Poor
0x67a8,Poor
0x67a9,Poor
0x67b2,Standard
0x67b3,Standard
0x67b4,Standard
0x67b5,Standard
0x67be,Good
0x67bf,Good
0x67c0,Good
0x67c1,Good
0x67ca,Poor
0x67cb,Poor
0x67cc,Poor
0x67cd,Poor
0x67d6,Poor
0x67d7,Poor
0x67d8,Poor
0x67d9,Poor
0x67e2,Poor
0x67e3,Poor
0x67e4,Poor
0x67e5,Poor
0x67ee,Standard
0x67ef,Standard
0x67f0,Standard
0x67f1,Standard
0x67fa,Good
0x67fb,Good
0x67fc,Good
0x67fd,Good
0x6806,Poor
0x6807,Poor
0x6808,Poor
0x6809,Poor
0x6812,Poor
0x6813,Poor
0x6814,Poor
0x6815,Poor
0x681e,Good
0x681f,Good
0x6820,Good
0x6821,Good
0x682a,Good
0x682b,Good
0x682c,Good
0x682d,Good
0x6836,Poor
0x6837,Poor
0x6838,Poor
0x6839,Poor
0x6842,Standard
0x6843,Standard
0x6844,Standard
0x6845,Standard
0x684e,Poor
0x684f,Poor
0x6850,Poor
0x6851,Poor
0x685a,Good
0x685b,Good
0x685c,Good
0x685d,Good
0x6866,Good
0x6867,Good
0x6868,Good
0x6869,Good
0x6872,Good
0x6873,Good
0x6874,Good
0x6875,Good
0x687e,Poor
0x687f,Poor
0x6880,Poor
0x6881,Poor
0x688a,Good
0x688b,Good
0x688c,Good
0x688d,Good
0x6896,Good
0x6897,Good
0x6898,Good
0x6899,Good
0x68a2,Poor
0x68a3,Poor
0x68a4,Poor
0x68a5,Poor
0x68ae,Good
0x68af,Good
0x68b0,Good
0x68b1,Good
0x68ba,Poor
0x68bb,Poor
0x68bc,Poor
0x68bd,Poor
0x68c6,Poor
0x68c7,Poor
0x68c8,Poor
0x68c9,Poor
0x68d2,Poor
0x68d3,Poor
0x68d4,Poor
0x68d5,Poor
0x68de,Good
0x68df,Good
0x68e0,Good
0x68e1,Good
0x68ea,Standard
0x68eb,Good
0x68ec,Standard
0x68ed,Good
0x68f6,Poor
0x68f7,Poor
0x68f8,Poor
0x68f9,Poor
0x6902,Poor
0x6903,Poor
0x6904,Poor
0x6905,Poor
0x690e,Standard
0x690f,Poor
0x6910,Standard
0x6911,Standard
0x691a,Poor
0x691b,Poor
0x691c,Poor
0x691d,Poor
0x6926,Good
0x6927,Good
0x6928,Good
0x6929,Good
0x6932,Good
0x6933,Good
0x6934,Good
0x6935,Good
0x693e,Good
0x693f,Good
0x6940,Good
0x6941,Good
0x694a,Standard
0x694b,Poor
0x694c,Poor
0x694d,Standard
0x6956,Standard
0x6957,Standard
0x6958,Poor
0x6959,Standard
0x6962,Good
0x6963,Good
0x6964,Good
0x6965,Good
0x696e,Poor
0x696f,Poor
0x6970,Poor
0x6971,Poor
0x697a,Good
0x697b,Good
0x697c,Good
0x697d,Good
0x6986,Good
0x6987,Good
0x6988,Good
0x6989,Good
0x6992,Good
0x6993,Good
0x6994,Good
0x6995,Good
0x699e,Good
0x699f,Good
0x69a0,Good
0x69a1,Good
0x69aa,Good
0x69ab,Good
0x69ac,Good
0x69ad,Good
0x69b6,Good
0x69b7,Good
0x69b8,Standard
0x69b9,Good
0x69c2,Poor
0x69c3,Poor
0x69c4,Poor
0x69c5,Poor
0x69ce,Good
0x69cf,Good
0x69d0,Good
0x69d1,Good
0x69da,Good
0x69db,Good
0x69dc,Good
0x69dd,Good
0x69e6,Poor
0x69e7,Poor
0x69e8,Poor
0x69e9,Poor
0x69f2,Good
0x69f3,Good
0x69f4,Good
0x69f5,Good
0x69fe,Good
0x69ff,Good
0x6a00,Good
0x6a01,Good
0x6a0a,Good
0x6a0b,Good
0x6a0c,Good
0x6a0d,Good
0x6a16,Standard
0x6a17,Standard
0x6a18,Poor
0x6a19,Standard
0x6a22,Good
0x6a23,Good
0x6a24,Good
0x6a25,Good
0x6a2e,Good
0x6a2f,Good
0x6a30,Good
0x6a31,Good
0x6a3a,Poor
0x6a3b,Poor
0x6a3c,Poor
0x6a3d,Poor
0x6a46,Good
0x6a47,Standard
0x6a48,Good
0x6a49,Good
0x6a52,Standard
0x6a53,Standard
0x6a54,Standard
0x6a55,Standard
0x6a5e,Standard
0x6a5f,Standard
0x6a60,Standard
0x6a61,Standard
0x6a6a,Good
0x6a6b,Good
0x6a6c,Good
0x6a6d,Good
0x6a76,Poor
0x6a77,Poor
0x6a78,Poor
0x6a79,Poor
0x6a82,Good
0x6a83,Good
0x6a84,Good
0x6a85,Good
0x6a8e,Standard
0x6a8f,Standard
0x6a90,Standard
0x6a91,Standard
0x6a9a,Standard
0x6a9b,Poor
0x6a9c,Standard
0x6a9d,Standard
0x6aa6,Poor
0x6aa7,Poor
0x6aa8,Poor
0x6aa9,Poor
0x6ab2,Poor
0x6ab3,Poor
0x6ab4,Poor
0x6ab5,Poor
0x6abe,Good
0x6abf,Good
0x6ac0,Good
0x6ac1,Good
0x6aca,Good
0x6acb,Good
0x6acc,Good
0x6acd,Good
0x6ad6,Poor
0x6ad7,Poor
0x6ad8,Poor
0x6ad9,Poor
0x6ae2,Poor
0x6ae3,Poor
0x6ae4,Poor
0x6ae5,Poor
0x6aee,Poor
0x6aef,Poor
0x6af0,Poor
0x6af1,Poor
0x6afa,Poor
0x6afb,Poor
0x6afc,Poor
0x6afd,Poor
0x6b06,Good
0x6b07,Good
0x6b08,Standard
0x6b09,Standard
0x6b12,Good
0x6b13,Standard
0x6b14,Standard
0x6b15,Standard
0x6b1e,Poor
0x6b1f,Poor
0x6b20,Poor
0x6b21,Poor
0x6b2a,Good
0x6b2b,Good
0x6b2c,Good
0x6b2d,Good
0x6b36,Good
0x6b37,Good
0x6b38,Good
0x6b39,Good
0x6b42,Poor
0x6b43,Poor
0x6b44,Poor
0x6b45,Poor
0x6b4e,Standard
0x6b4f,Standard
0x6b50,Standard
0x6b51,Standard
0x6b5a,Good
0x6b5b,Good
0x6b5c,Good
0x6b5d,Good
0x6b66,Poor
0x6b67,Poor
0x6b68,Poor
0x6b69,Poor
0x6b72,Poor
0x6b73,Poor
0x6b74,Poor
0x6b75,Poor
0x6b7e,Poor
0x6b7f,Poor
0x6b80,Poor
0x6b81,Poor
0x6b8a,Good
0x6b8b,Good
0x6b8c,Good
0x6b8d,Good
0x6b96,Good
0x6b97,Good
0x6b98,Good
0x6b99,Good
0x6ba2,Standard
0x6ba3,Standard
0x6ba4,Standard
0x6ba5,Standard
0x6bae,Good
0x6baf,Good
0x6bb0,Good
0x6bb1,Good
0x6bba,Good
0x6bbb,Good
0x6bbc,Good
0x6bbd,Good
0x6bc6,Poor
0x6bc7,Poor
0x6bc8,Poor
0x6bc9,Poor
0x6bd2,Standard
0x6bd3,Standard
0x6bd4,Poor
0x6bd5,Standard
0x6bde,Standard
0x6bdf,Standard
0x6be0,Poor
0x6be1,Standard
0x6bea,Good
0x6beb,Good
0x6bec,Good
0x6bed,Good
0x6bf6,Poor
0x6bf7,Poor
0x6bf8,Poor
0x6bf9,Poor
0x6c02,Poor
0x6c03,Poor
0x6c04,Poor
0x6c05,Poor
0x6c0e,Standard
0x6c0f,Good
0x6c10,Good
0x6c11,Good
0x6c1a,Standard
0x6c1b,Poor
0x6c1c,Standard
0x6c1d,Standard
0x6c26,Good
0x6c27,Good
0x6c28,Good
0x6c29,Good
0x6c32,Good
0x6c33,Good
0x6c34,Good
0x6c35,Good
0x6c3e,Poor
0x6c3f,Poor
0x6c40,Poor
0x6c41,Poor
0x6c4a,Standard
0x6c4b,Standard
0x6c4c,Standard
0x6c4d,Standard
0x6c56,Standard
0x6c57,Standard
0x6c58,Standard
0x6c59,Standard
0x6c62,Poor
0x6c63,Poor
0x6c64,Poor
0x6c65,Poor
0x6c6e,Poor
0x6c6f,Poor
0x6c70,Poor
0x6c71,Poor
0x6c7a,Poor
0x6c7b,Poor
0x6c7c,Poor
0x6c7d,Poor
0x6c86,Standard
0x6c87,Standard
0x6c88,Poor
0x6c89,Standard
0x6c92,Good
0x6c93,Good
0x6c94,Good
0x6c95,Good
0x6c9e,Good
0x6c9f,Good
0x6ca0,Good
0x6ca1,Good
0x6caa,Good
0x6cab,Good
0x6cac,Good
0x6cad,Good
0x6cb6,Poor
0x6cb7,Poor
0x6cb8,Poor
0x6cb9,Poor
0x6cc2,Good
0x6cc3,Good
0x6cc4,Good
0x6cc5,Good
0x6cce,Good
0x6ccf,Good
0x6cd0,Good
0x6cd1,Good
0x6cda,Poor
0x6cdb,Poor
0x6cdc,Poor
0x6cdd,Poor
0x6ce6,Poor
0x6ce7,Poor
0x6ce8,Poor
0x6ce9,Poor
0x6cf2,Standard
0x6cf3,Poor
0x6cf4,Standard
0x6cf5,Standard
0x6cfe,Good
0x6cff,Good
0x6d00,Good
0x6d01,Good
0x6d0a,Good
0x6d0b,Good
0x6d0c,Good
0x6d0d,Good
0x6d16,Good
0x6d17,Good
0x6d18,Good
0x6d19,Good
0x6d22,Good
0x6d23,Good
0x6d24,Good
0x6d25,Good
0x6d2e,Poor
0x6d2f,Poor
0x6d30,Poor
0x6d31,Poor
0x6d3a,Good
0x6d3b,Good
0x6d3c,Good
0x6d3d,Good
0x6d46,Good
0x6d47,Good
0x6d48,Good
0x6d49,Good
0x6d52,Poor
0x6d53,Poor
0x6d54,Poor
0x6d55,Poor
0x6d5e,Standard
0x6d5f,Standard
0x6d60,Poor
0x6d61,Standard
0x6d6a,Poor
0x6d6b,Poor
0x6d6c,Poor
0x6d6d,Poor
0x6d76,Good
0x6d77,Good
0x6d78,Good
0x6d79,Good
0x6d82,Good
0x6d83,Good
0x6d84,Good
0x6d85,Good
0x6d8e,Good
0x6d8f,Good
0x6d90,Good
0x6d91,Good
0x6d9a,Standard
0x6d9b,Standard
0x6d9c,Standard
0x6d9d,Standard
0x6da6,Poor
0x6da7,Poor
0x6da8,Standard
0x6da9,Poor
0x6db2,Poor
0x6db3,Poor
0x6db4,Poor
0x6db5,Poor
0x6dbe,Poor
0x6dbf,Poor
0x6dc0,Poor
0x6dc1,Poor
0x6dca,Poor
0x6dcb,Poor
0x6dcc,Poor
0x6dcd,Poor
0x6dd6,Good
0x6dd7,Good
0x6dd8,Good
0x6dd9,Good
0x6de2,Standard
0x6de3,Standard
0x6de4,Standard
0x6de5,Standard
0x6dee,Standard
0x6def,Standard
0x6df0,Poor
0x6df1,Poor
0x6dfa,Standard
0x6dfb,Standard
0x6dfc,Standard
0x6dfd,Standard
0x6e06,Good
0x6e07,Good
0x6e08,Good
0x6e09,Good
0x6e12,Poor
0x6e13,Poor
0x6e14,Poor
0x6e15,Poor
0x6e1e,Poor
0x6e1f,Poor
0x6e20,Poor
0x6e21,Poor
0x6e2a,Standard
0x6e2b,Standard
0x6e2c,Standard
0x6e2d,Standard
0x6e36,Poor
0x6e37,Poor
0x6e38,Poor
0x6e39,Poor
0x6e42,Good
0x6e43,Good
0x6e44,Good
0x6e45,Good
0x6e4e,Poor
0x6e4f,Poor
0x6e50,Poor
0x6e51,Poor
0x6e5a,Good
0x6e5b,Good
0x6e5c,Good
0x6e5d,Good
0x6e66,Poor
0x6e67,Poor
0x6e68,Poor
0x6e69,Poor
0x6e72,Good
0x6e73,Good
0x6e74,Good
0x6e75,Good
0x6e7e,Standard
0x6e7f,Standard
0x6e80,Standard
0x6e81,Standard
0x6e8a,Poor
0x6e8b,Poor
0x6e8c,Poor
0x6e8d,Poor
0x6e96,Standard
0x6e97,Standard
0x6e98,Poor
0x6e99,Standard
0x6ea2,Poor
0x6ea3,Poor
0x6ea4,Poor
0x6ea5,Poor
0x6eae,Good
0x6eaf,Good
0x6eb0,Good
0x6eb1,Good
0x6eba,Poor
0x6ebb,Poor
0x6ebc,Poor
0x6ebd,Poor
0x6ec6,Poor
0x6ec7,Poor
0x6ec8,Poor
0x6ec9,Poor
0x6ed2,Good
0x6ed3,Good
0x6ed4,Good
0x6ed5,Good
0x6ede,Good
0x6edf,Good
0x6ee0,Good
0x6ee1,Good
0x6eea,Poor
0x6eeb,Poor
0x6eec,Poor
0x6eed,Poor
0x6ef6,Poor
0x6ef7,Poor
0x6ef8,Poor
0x6ef9,Poor
0x6f02,Standard
0x6f03,Standard
0x6f04,Standard
0x6f05,Standard
0x6f0e,Standard
0x6f0f,Standard
0x6f10,Standard
0x6f11,Standard
0x6f1a,Poor
0x6f1b,Poor
0x6f1c,Poor
0x6f1d,Poor
0x6f26,Poor
0x6f27,Poor
0x6f28,Poor
0x6f29,Poor
0x6f32,Standard
0x6f33,Standard
0x6f34,Standard
0x6f35,Standard
0x6f3e,Good
0x6f3f,Good
0x6f40,Good
0x6f41,Good
0x6f4a,Standard
0x6f4b,Standard
0x6f4c,Poor
0x6f4d,Standard
0x6f56,Poor
0x6f57,Poor
0x6f58,Poor
0x6f59,Poor
0x6f62,Standard
0x6f63,Standard
0x6f64,Standard
0x6f65,Standard
0x6f6e,Standard
0x6f6f,Standard
0x6f70,Standard
0x6f71,Standard
0x6f7a,Standard
0x6f7b,Poor
0x6f7c,Standard
0x6f7d,Standard
0x6f86,Good
0x6f87,Good
0x6f88,Good
0x6f89,Good
0x6f92,Good
0x6f93,Good
0x6f94,Good
0x6f95,Good
0x6f9e,Good
0x6f9f,Good
0x6fa0,Good
0x6fa1,Good
0x6faa,Poor
0x6fab,Poor
0x6fac,Poor
0x6fad,Poor
0x6fb6,Good
0x6fb7,Good
0x6fb8,Good
0x6fb9,Good
0x6fc2,Poor
0x6fc3,Poor
0x6fc4,Poor
0x6fc5,Poor
0x6fce,Standard
0x6fcf,Standard
0x6fd0,Standard
0x6fd1,Standard
0x6fda,Poor
0x6fdb,Poor
0x6fdc,Poor
0x6fdd,Poor
0x6fe6,Poor
0x6fe7,Poor
0x6fe8,Poor
0x6fe9,Poor
0x6ff2,Poor
0x6ff3,Poor
0x6ff4,Poor
0x6ff5,Poor
0x6ffe,Poor
0x6fff,Poor
0x7000,Poor
0x7001,Poor
0x700a,Good
0x700b,Good
0x700c,Good
0x700d,Standard
0x7016,Good
0x7017,Good
0x7018,Good
0x7019,Good
0x7022,Good
0x7023,Good
0x7024,Good
0x7025,Good
0x702e,Poor
0x702f,Poor
0x7030,Poor
0x7031,Poor
0x703a,Poor
0x703b,Poor
0x703c,Poor
0x703d,Poor
0x7046,Standard
0x7047,Standard
0x7048,Standard
0x7049,Standard
0x7052,Good
0x7053,Good
0x7054,Good
0x7055,Good
0x705e,Poor
0x705f,Poor
0x7060,Poor
0x7061,Poor
0x706a,Standard
0x706b,Standard
0x706c,Standard
0x706d,Standard
0x7076,Poor
0x7077,Poor
0x7078,Poor
0x7079,Poor
0x7082,Standard
0x7083,Good
0x7084,Good
0x7085,Good
0x708e,Poor
0x708f,Poor
0x7090,Poor
0x7091,Poor
0x709a,Good
0x709b,Standard
0x709c,Good
0x709d,Good
0x70a6,Good
0x70a7,Good
0x70a8,Good
0x70a9,Good
0x70b2,Poor
0x70b3,Standard
0x70b4,Standard
0x70b5,Standard
0x70be,Poor
0x70bf,Poor
0x70c0,Poor
0x70c1,Poor
0x70ca,Good
0x70cb,Good
0x70cc,Good
0x70cd,Good
0x70d6,Good
0x70d7,Good
0x70d8,Good
0x70d9,Good
0x70e2,Poor
0x70e3,Good
0x70e4,Good
0x70e5,Good
0x70ee,Good
0x70ef,Good
0x70f0,Good
0x70f1,Good
0x70fa,Standard
0x70fb,Standard
0x70fc,Standard
0x70fd,Standard
0x7106,Good
0x7107,Good
0x7108,Good
0x7109,Good
0x7112,Good
0x7113,Good
0x7114,Good
0x7115,Good
0x711e,Standard
0x711f,Standard
0x7120,Poor
0x7121,Standard
0x712a,Standard
0x712b,Good
0x712c,Good
0x712d,Good
0x7136,Standard
0x7137,Standard
0x7138,Standard
0x7139,Poor
0x7142,Standard
0x7143,Poor
0x7144,Standard
0x7145,Standard
0x714e,Good
0x714f,Good
0x7150,Good
0x7151,Good
0x715a,Good
0x715b,Standard
0x715c,Good
0x715d,Standard
0x7166,Poor
0x7167,Poor
0x7168,Poor
0x7169,Poor
0x7172,Poor
0x7173,Poor
0x7174,Poor
0x7175,Poor
0x717e,Poor
0x717f,Poor
0x7180,Poor
0x7181,Poor
0x718a,Poor
0x718b,Poor
0x718c,Poor
0x718d,Poor
0x7196,Good
0x7197,Good
0x7198,Good
0x7199,Good
0x71a2,Good
0x71a3,Good
0x71a4,Good
0x71a5,Good
0x71ae,Good
0x71af,Good
0x71b0,Good
0x71b1,Good
0x71ba,Good
0x71bb,Good
0x71bc,Good
0x71bd,Good
0x71c6,Good
0x71c7,Good
0x71c8,Good
0x71c9,Good
0x71d2,Standard
0x71d3,Standard
0x71d4,Standard
0x71d5,Standard
0x71de,Good
0x71df,Good
0x71e0,Good
0x71e1,Good
0x71ea,Good
0x71eb,Good
0x71ec,Good
0x71ed,Good
0x71f6,Good
0x71f7,Good
0x71f8,Good
0x71f9,Good
0x7202,Standard
0x7203,Standard
0x7204,Standard
0x7205,Standard
0x720e,Poor
0x720f,Standard
0x7210,Standard
0x7211,Standard
0x721a,Good
0x721b,Good
0x721c,Standard
0x721d,Good
0x7226,Poor
0x7227,Poor
0x7228,Poor
0x7229,Poor
0x7232,Good
0x7233,Good
0x7234,Good
0x7235,Good
0x723e,Poor
0x723f,Poor
0x7240,Poor
0x7241,Poor
0x724a,Poor
0x724b,Poor
0x724c,Poor
0x724d,Poor
0x7256,Poor
0x7257,Poor
0x7258,Poor
0x7259,Poor
0x7262,Good
0x7263,Good
0x7264,Good
0x7265,Good
0x726e,Standard
0x726f,Standard
0x7270,Standard
0x7271,Standard
0x727a,Good
0x727b,Good
0x727c,Good
0x727d,Good
0x7286,Standard
0x7287,Standard
0x7288,Standard
0x7289,Standard
0x7292,Poor
0x7293,Poor
0x7294,Poor
0x7295,Poor
0x729e,Poor
0x729f,Poor
0x72a0,Poor
0x72a1,Poor
0x72aa,Poor
0x72ab,Poor
0x72ac,Poor
0x72ad,Poor
0x72b6,Standard
0x72b7,Standard
0x72b8,Standard
0x72b9,Standard
0x72c2,Poor
0x72c3,Poor
0x72c4,Poor
0x72c5,Poor
0x72ce,Good
0x72cf,Good
0x72d0,Good
0x72d1,Good
0x72da,Good
0x72db,Good
0x72dc,Good
0x72dd,Good
0x72e6,Poor
0x72e7,Standard
0x72e8,Standard
0x72e9,Poor
0x72f2,Good
0x72f3,Good
0x72f4,Good
0x72f5,Good
0x72fe,Good
0x72ff,Good
0x7300,Good
0x7301,Good
0x730a,Good
0x730b,Good
0x730c,Good
0x730d,Good
0x7316,Standard
0x7317,Standard
0x7318,Standard
0x7319,Standard
0x7322,Poor
0x7323,Poor
0x7324,Poor
0x7325,Poor
0x732e,Good
0x732f,Good
0x7330,Good
0x7331,Good
0x733a,Poor
0x733b,Poor
0x733c,Good
0x733d,Poor
0x7346,Good
0x7347,Good
0x7348,Good
0x7349,Good
0x7352,Standard
0x7353,Standard
0x7354,Standard
0x7355,Standard
0x735e,Poor
0x735f,Poor
0x7360,Poor
0x7361,Poor
0x736a,Standard
0x736b,Standard
0x736c,Standard
0x736d,Standard
0x7376,Good
0x7377,Good
0x7378,Good
0x7379,Good
0x7382,Standard
0x7383,Poor
0x7384,Standard
0x7385,Poor
0x738e,Good
0x738f,Good
0x7390,Good
0x7391,Good
0x739a,Good
0x739b,Good
0x739c,Good
0x739d,Good
0x73a6,Standard
0x73a7,Standard
0x73a8,Standard
0x73a9,Standard
0x73b2,Standard
0x73b3,Good
0x73b4,Good
0x73b5,Good
0x73be,Standard
0x73bf,Standard
0x73c0,Standard
0x73c1,Standard
0x73ca,Good
0x73cb,Good
0x73cc,Good
0x73cd,Good
0x73d6,Standard
0x73d7,Standard
0x73d8,Standard
0x73d9,Good
0x73e2,Standard
0x73e3,Standard
0x73e4,Standard
0x73e5,Standard
0x73ee,Standard
0x73ef,Standard
0x73f0,Standard
0x73f1,Standard
0x73fa,Good
0x73fb,Good
0x73fc,Good
0x73fd,Good
0x7406,Good
0x7407,Good
0x7408,Good
0x7409,Good
0x7412,Good
0x7413,Good
0x7414,Good
0x7415,Good
0x741e,Good
0x741f,Good
0x7420,Good
0x7421,Good
0x742a,Poor
0x742b,Poor
0x742c,Poor
0x742d,Poor
0x7436,Good
0x7437,Good
0x7438,Good
0x7439,Good
0x7442,Good
0x7443,Good
0x7444,Good
0x7445,Standard
0x744e,Good
0x744f,Standard
0x7450,Good
0x7451,Standard
0x745a,Poor
0x745b,Poor
0x745c,Poor
0x745d,Poor
0x7466,Good
0x7467,Good
0x7468,Good
0x7469,Good
0x7472,Good
0x7473,Good
0x7474,Good
0x7475,Good
0x747e,Standard
0x747f,Good
0x7480,Standard
0x7481,Good
0x748a,Poor
0x748b,Poor
0x748c,Poor
0x748d,Poor
0x7496,Good
0x7497,Good
0x7498,Good
0x7499,Good
0x74a2,Standard
0x74a3,Standard
0x74a4,Standard
0x74a5,Standard
0x74ae,Good
0x74af,Good
0x74b0,Good
0x74b1,Good
0x74ba,Standard
0x74bb,Standard
0x74bc,Standard
0x74bd,Standard
0x74c6,Good
0x74c7,Good
0x74c8,Good
0x74c9,Good
0x74d2,Good
0x74d3,Good
0x74d4,Good
0x74d5,Good
0x74de,Good
0x74df,Good
0x74e0,Good
0x74e1,Good
0x74ea,Poor
0x74eb,Standard
0x74ec,Standard
0x74ed,Standard
0x74f6,Good
0x74f7,Good
0x74f8,Good
0x74f9,Good
0x7502,Good
0x7503,Good
0x7504,Good
0x7505,Good
0x750e,Good
0x750f,Good
0x7510,Good
0x7511,Good
0x751a,Poor
0x751b,Poor
0x751c,Poor
0x751d,Poor
0x7526,Good
0x7527,Good
0x7528,Good
0x7529,Good
0x7532,Standard
0x7533,Standard
0x7534,Poor
0x7535,Standard
0x753e,Poor
0x753f,Poor
0x7540,Poor
0x7541,Poor
0x754a,Poor
0x754b,Poor
0x754c,Poor
0x754d,Poor
0x7556,Poor
0x7557,Poor
0x7558,Poor
0x7559,Poor
0x7562,Good
0x7563,Good
0x7564,Good
0x7565,Good
0x756e,Standard
0x756f,Standard
0x7570,Poor
0x7571,Standard
0x757a,Standard
0x757b,Standard
0x757c,Standard
0x757d,Standard
0x7586,Good
0x7587,Good
0x7588,Good
0x7589,Good
0x7592,Good
0x7593,Good
0x7594,Good
0x7595,Good
0x759e,Standard
0x759f,Poor
0x75a0,Good
0x75a1,Standard
0x75aa,Poor
0x75ab,Poor
0x75ac,Poor
0x75ad,Poor
0x75b6,Poor
0x75b7,Standard
0x75b8,Standard
0x75b9,Standard
0x75c2,Standard
0x75c3,Standard
0x75c4,Standard
0x75c5,Poor
0x75ce,Poor
0x75cf,Poor
0x75d0,Poor
0x75d1,Poor
0x75da,Poor
0x75db,Poor
0x75dc,Poor
0x75dd,Poor
0x75e6,Standard
0x75e7,Standard
0x75e8,Good
0x75e9,Good
0x75f2,Standard
0x75f3,Standard
0x75f4,Standard
0x75f5,Standard
0x75fe,Poor
0x75ff,Poor
0x7600,Poor
0x7601,Poor
0x760a,Good
0x760b,Good
0x760c,Good
0x760d,Good
0x7616,Standard
0x7617,Standard
0x7618,Standard
0x7619,Standard
0x7622,Standard
0x7623,Good
0x7624,Standard
0x7625,Standard
0x762e,Poor
0x762f,Poor
0x7630,Poor
0x7631,Poor
0x763a,Poor
0x763b,Poor
0x763c,Poor
0x763d,Poor
0x7646,Good
0x7647,Good
0x7648,Good
0x7649,Good
0x7652,Standard
0x7653,Standard
0x7654,Standard
0x7655,Standard
0x765e,Standard
0x765f,Poor
0x7660,Standard
0x7661,Standard
0x766a,Good
0x766b,Good
0x766c,Good
0x766d,Good
0x7676,Good
0x7677,Good
0x7678,Good
0x7679,Good
0x7682,Poor
0x7683,Poor
0x7684,Poor
0x7685,Poor
0x768e,Good
0x768f,Good
0x7690,Good
0x7691,Good
0x769a,Poor
0x769b,Poor
0x769c,Poor
0x769d,Poor
0x76a6,Good
0x76a7,Good
0x76a8,Good
0x76a9,Good
0x76b2,Good
0x76b3,Good
0x76b4,Good
0x76b5,Good
0x76be,Standard
0x76bf,Standard
0x76c0,Standard
0x76c1,Standard
0x76ca,Good
0x76cb,Good
0x76cc,Good
0x76cd,Good
0x76d6,Standard
0x76d7,Standard
0x76d8,Good
0x76d9,Poor
0x76e2,Good
0x76e3,Good
0x76e4,Good
0x76e5,Good
0x76ee,Good
0x76ef,Good
0x76f0,Good
0x76f1,Good
0x76fa,Good
0x76fb,Good
0x76fc,Good
0x76fd,Good
0x7706,Poor
0x7707,Poor
0x7708,Poor
0x7709,Poor
0x7712,Good
0x7713,Standard
0x7714,Good
0x7715,Good
0x771e,Poor
0x771f,Poor
0x7720,Standard
0x7721,Standard
0x772a,Standard
0x772b,Standard
0x772c,Standard
0x772d,Standard
0x7736,Poor
0x7737,Poor
0x7738,Poor
0x7739,Poor
0x7742,Poor
0x7743,Poor
0x7744,Poor
0x7745,Poor
0x774e,Standard
0x774f,Standard
0x7750,Standard
0x7751,Standard
0x775a,Poor
0x775b,Poor
0x775c,Poor
0x775d,Poor
0x7766,Poor
0x7767,Poor
0x7768,Poor
0x7769,Poor
0x7772,Good
0x7773,Good
0x7774,Good
0x7775,Good
0x777e,Good
0x777f,Good
0x7780,Good
0x7781,Good
0x778a,Poor
0x778b,Poor
0x778c,Poor
0x778d,Poor
0x7796,Poor
0x7797,Poor
0x7798,Poor
0x7799,Poor
0x77a2,Poor
0x77a3,Poor
0x77a4,Poor
0x77a5,Poor
0x77ae,Standard
0x77af,Standard
0x77b0,Standard
0x77b1,Standard
0x77ba,Good
0x77bb,Good
0x77bc,Good
0x77bd,Good
0x77c6,Poor
0x77c7,Poor
0x77c8,Poor
0x77c9,Poor
0x77d2,Good
0x77d3,Good
0x77d4,Good
0x77d5,Good
0x77de,Poor
0x77df,Poor
0x77e0,Poor
0x77e1,Poor
0x77ea,Poor
0x77eb,Poor
0x77ec,Poor
0x77ed,Poor
0x77f6,Good
0x77f7,Good
0x77f8,Good
0x77f9,Good
0x7802,Standard
0x7803,Standard
0x7804,Standard
0x7805,Standard
0x780e,Good
0x780f,Good
0x7810,Good
0x7811,Good
0x781a,Good
0x781b,Good
0x781c,Good
0x781d,Standard
0x7826,Poor
0x7827,Poor
0x7828,Poor
0x7829,Poor
0x7832,Good
0x7833,Good
0x7834,Good
0x7835,Good
0x783e,Poor
0x783f,Poor
0x7840,Poor
0x7841,Poor
0x784a,Good
0x784b,Standard
0x784c,Good
0x784d,Standard
0x7856,Poor
0x7857,Poor
0x7858,Poor
0x7859,Poor
0x7862,Poor
0x7863,Poor
0x7864,Poor
0x7865,Good
0x786e,Good
0x786f,Good
0x7870,Good
0x7871,Good
0x787a,Good
0x787b,Standard
0x787c,Standard
0x787d,Standard
0x7886,Poor
0x7887,Poor
0x7888,Poor
0x7889,Poor
0x7892,Good
0x7893,Good
0x7894,Good
0x7895,Good
0x789e,Good
0x789f,Good
0x78a0,Good
0x78a1,Good
0x78aa,Poor
0x78ab,Poor
0x78ac,Poor
0x78ad,Poor
0x78b6,Good
0x78b7,Good
0x78b8,Good
0x78b9,Good
0x78c2,Good
0x78c3,Good
0x78c4,Good
0x78c5,Good
0x78ce,Poor
0x78cf,Standard
0x78d0,Poor
0x78d1,Standard
0x78da,Poor
0x78db,Standard
0x78dc,Standard
0x78dd,Standard
0x78e6,Poor
0x78e7,Poor
0x78e8,Poor
0x78e9,Poor
0x78f2,Good
0x78f3,Good
0x78f4,Standard
0x78f5,Good
0x78fe,Good
0x78ff,Good
0x7900,Good
0x7901,Good
0x790a,Poor
0x790b,Poor
0x790c,Poor
0x790d,Poor
0x7916,Standard
0x7917,Standard
0x7918,Standard
0x7919,Standard
0x7922,Good
0x7923,Good
0x7924,Standard
0x7925,Good
0x792e,Poor
0x792f,Poor
0x7930,Poor
0x7931,Poor
0x793a,Poor
0x793b,Standard
0x793c,Standard
0x793d,Poor
0x7946,Poor
0x7947,Poor
0x7948,Poor
0x7949,Poor
0x7952,Poor
0x7953,Poor
0x7954,Poor
0x7955,Poor
0x795e,Standard
0x795f,Standard
0x7960,Standard
0x7961,Standard
0x796a,Standard
0x796b,Standard
0x796c,Standard
0x796d,Standard
0x7976,Good
0x7977,Good
0x7978,Good
0x7979,Good
0x7982,Standard
0x7983,Poor
0x7984,Standard
0x7985,Standard
0x798e,Good
0x798f,Good
0x7990,Good
0x7991,Good
0x799a,Good
0x799b,Good
0x799c,Good
0x799d,Good
0x79a6,Good
0x79a7,Good
0x79a8,Good
0x79a9,Good
0x79b2,Poor
0x79b3,Poor
0x79b4,Poor
0x79b5,Poor
0x79be,Standard
0x79bf,Standard
0x79c0,Standard
0x79c1,Standard
0x79ca,Good
0x79cb,Good
0x79cc,Good
0x79cd,Good
0x79d6,Poor
0x79d7,Poor
0x79d8,Poor
0x79d9,Poor
0x79e2,Standard
0x79e3,Standard
0x79e4,Standard
0x79e5,Standard
0x79ee,Poor
0x79ef,Poor
0x79f0,Poor
0x79f1,Poor
0x79fa,Poor
0x79fb,Standard
0x79fc,Poor
0x79fd,Standard
0x7a06,Poor
0x7a07,Standard
0x7a08,Poor
0x7a09,Standard
0x7a12,Poor
0x7a13,Standard
0x7a14,Standard
0x7a15,Poor
0x7a1e,Poor
0x7a1f,Poor
0x7a20,Poor
0x7a21,Poor
0x7a2a,Good
0x7a2b,Good
0x7a2c,Good
0x7a2d,Good
0x7a36,Poor
0x7a37,Poor
0x7a38,Poor
0x7a39,Poor
0x7a42,Standard
0x7a43,Standard
0x7a44,Poor
0x7a45,Standard
0x7a4e,Good
0x7a4f,Standard
0x7a50,Standard
0x7a51,Good
0x7a5a,Good
0x7a5b,Good
0x7a5c,Good
0x7a5d,Good
0x7a66,Good
0x7a67,Good
0x7a68,Good
0x7a69,Good
0x7a72,Good
0x7a73,Standard
0x7a74,Good
0x7a75,Good
0x7a7e,Good
0x7a7f,Good
0x7a80,Good
0x7a81,Good
0x7a8a,Poor
0x7a8b,Poor
0x7a8c,Poor
0x7a8d,Poor
0x7a96,Good
0x7a97,Good
0x7a98,Good
0x7a99,Good
0x7aa2,Standard
0x7aa3,Standard
0x7aa4,Standard
0x7aa5,Standard
0x7aae,Poor
0x7aaf,Poor
0x7ab0,Poor
0x7ab1,Poor
0x7aba,Good
0x7abb,Good
0x7abc,Good
0x7abd,Good
0x7ac6,Standard
0x7ac7,Standard
0x7ac8,Standard
0x7ac9,Standard
0x7ad2,Good
0x7ad3,Good
0x7ad4,Good
0x7ad5,Good
0x7ade,Poor
0x7adf,Poor
0x7ae0,Poor
0x7ae1,Poor
0x7aea,Good
0x7aeb,Good
0x7aec,Good
0x7aed,Good
0x7af6,Good
0x7af7,Good
0x7af8,Good
0x7af9,Good
0x7b02,Standard
0x7b03,Standard
0x7b04,Standard
0x7b05,Standard
0x7b0e,Standard
0x7b0f,Standard
0x7b10,Standard
0x7b11,Poor
0x7b1a,Poor
0x7b1b,Poor
0x7b1c,Poor
0x7b1d,Poor
0x7b26,Good
0x7b27,Good
0x7b28,Good
0x7b29,Good
0x7b32,Poor
0x7b33,Poor
0x7b34,Poor
0x7b35,Poor
0x7b3e,Poor
0x7b3f,Standard
0x7b40,Standard
0x7b41,Standard
0x7b4a,Good
0x7b4b,Good
0x7b4c,Good
0x7b4d,Good
0x7b56,Poor
0x7b57,Poor
0x7b58,Poor
0x7b59,Poor
0x7b62,Poor
0x7b63,Poor
0x7b64,Poor
0x7b65,Poor
0x7b6e,Standard
0x7b6f,Standard
0x7b70,Standard
0x7b71,Standard
0x7b7a,Good
0x7b7b,Good
0x7b7c,Good
0x7b7d,Good
0x7b86,Good
0x7b87,Good
0x7b88,Standard
0x7b89,Good
0x7b92,Poor
0x7b93,Poor
0x7b94,Poor
0x7b95,Poor
0x7b9e,Standard
0x7b9f,Standard
0x7ba0,Standard
0x7ba1,Standard
0x7baa,Poor
0x7bab,Poor
0x7bac,Poor
0x7bad,Poor
0x7bb6,Poor
0x7bb7,Poor
0x7bb8,Poor
0x7bb9,Poor
0x7bc2,Poor
0x7bc3,Poor
0x7bc4,Poor
0x7bc5,Poor
0x7bce,Poor
0x7bcf,Poor
0x7bd0,Poor
0x7bd1,Poor
0x7bda,Good
0x7bdb,Good
0x7bdc,Good
0x7bdd,Good
0x7be6,Good
0x7be7,Good
0x7be8,Good
0x7be9,Good
0x7bf2,Poor
0x7bf3,Poor
0x7bf4,Poor
0x7bf5,Poor
0x7bfe,Good
0x7bff,Good
0x7c00,Good
0x7c01,Good
0x7c0a,Poor
0x7c0b,Poor
0x7c0c,Poor
0x7c0d,Poor
0x7c16,Standard
0x7c17,Standard
0x7c18,Standard
0x7c19,Standard
0x7c22,Standard
0x7c23,Poor
0x7c24,Standard
0x7c25,Standard
0x7c2e,Standard
0x7c2f,Standard
0x7c30,Standard
0x7c31,Standard
0x7c3a,Good
0x7c3b,Good
0x7c3c,Good
0x7c3d,Good
0x7c46,Good
0x7c47,Good
0x7c48,Good
0x7c49,Good
0x7c52,Poor
0x7c53,Poor
0x7c54,Poor
0x7c55,Poor
0x7c5e,Good
0x7c5f,Good
0x7c60,Good
0x7c61,Good
0x7c6a,Poor
0x7c6b,Poor
0x7c6c,Poor
0x7c6d,Poor
0x7c76,Poor
0x7c77,Poor
0x7c78,Poor
0x7c79,Poor
0x7c82,Good
0x7c83,Good
0x7c84,Good
0x7c85,Good
0x7c8e,Good
0x7c8f,Good
0x7c90,Good
0x7c91,Good
0x7c9a,Good
0x7c9b,Good
0x7c9c,Good
0x7c9d,Good
0x7ca6,Poor
0x7ca7,Poor
0x7ca8,Poor
0x7ca9,Poor
0x7cb2,Good
0x7cb3,Good
0x7cb4,Good
0x7cb5,Good
0x7cbe,Standard
0x7cbf,Good
0x7cc0,Good
0x7cc1,Good
0x7cca,Good
0x7ccb,Good
0x7ccc,Good
0x7ccd,Good
0x7cd6,Standard
0x7cd7,Standard
0x7cd8,Standard
0x7cd9,Poor
0x7ce2,Standard
0x7ce3,Good
0x7ce4,Standard
0x7ce5,Standard
0x7cee,Good
0x7cef,Good
0x7cf0,Good
0x7cf1,Good
0x7cfa,Standard
0x7cfb,Standard
0x7cfc,Standard
0x7cfd,Standard
0x7d06,Standard
0x7d07,Standard
0x7d08,Standard
0x7d09,Standard
0x7d12,Good
0x7d13,Good
0x7d14,Good
0x7d15,Good
0x7d1e,Good
0x7d1f,Good
0x7d20,Good
0x7d21,Good
0x7d2a,Poor
0x7d2b,Poor
0x7d2c,Poor
0x7d2d,Poor
0x7d36,Poor
0x7d37,Poor
0x7d38,Poor
0x7d39,Poor
0x7d42,Good
0x7d43,Good
0x7d44,Good
0x7d45,Good
0x7d4e,Good
0x7d4f,Good
0x7d50,Good
0x7d51,Good
0x7d5a,Poor
0x7d5b,Poor
0x7d5c,Poor
0x7d5d,Poor
0x7d66,Poor
0x7d67,Poor
0x7d68,Poor
0x7d69,Poor
0x7d72,Poor
0x7d73,Poor
0x7d74,Poor
0x7d75,Poor
0x7d7e,Poor
0x7d7f,Poor
0x7d80,Standard
0x7d81,Poor
0x7d8a,Standard
0x7d8b,Poor
0x7d8c,Poor
0x7d8d,Poor
0x7d96,Good
0x7d97,Good
0x7d98,Good
0x7d99,Good
0x7da2,Standard
0x7da3,Standard
0x7da4,Standard
0x7da5,Standard
0x7dae,Standard
0x7daf,Standard
0x7db0,Standard
0x7db1,Standard
0x7dba,Good
0x7dbb,Good
0x7dbc,Good
0x7dbd,Good
0x7dc6,Good
0x7dc7,Good
0x7dc8,Good
0x7dc9,Good
0x7dd2,Standard
0x7dd3,Standard
0x7dd4,Standard
0x7dd5,Standard
0x7dde,Poor
0x7ddf,Poor
0x7de0,Poor
0x7de1,Poor
0x7dea,Good
0x7deb,Good
0x7dec,Good
0x7ded,Good
0x7df6,Poor
0x7df7,Poor
0x7df8,Poor
0x7df9,Poor
0x7e02,Good
0x7e03,Good
0x7e04,Good
0x7e05,Good
0x7e0e,Poor
0x7e0f,Poor
0x7e10,Poor
0x7e11,Poor
0x7e1a,Poor
0x7e1b,Poor
0x7e1c,Poor
0x7e1d,Poor
0x7e26,Standard
0x7e27,Standard
0x7e28,Standard
0x7e29,Poor
0x7e32,Good
0x7e33,Good
0x7e34,Good
0x7e35,Good
0x7e3e,Good
0x7e3f,Good
0x7e40,Good
0x7e41,Good
0x7e4a,Standard
0x7e4b,Standard
0x7e4c,Standard
0x7e4d,Standard
0x7e56,Standard
0x7e57,Standard
0x7e58,Standard
0x7e59,Poor
0x7e62,Poor
0x7e63,Poor
0x7e64,Poor
0x7e65,Poor
0x7e6e,Standard
0x7e6f,Standard
0x7e70,Standard
0x7e71,Standard
0x7e7a,Good
0x7e7b,Good
0x7e7c,Good
0x7e7d,Good
0x7e86,Poor
0x7e87,Poor
0x7e88,Poor
0x7e89,Poor
0x7e92,Good
0x7e93,Good
0x7e94,Good
0x7e95,Good
0x7e9e,Poor
0x7e9f,Standard
0x7ea0,Poor
0x7ea1,Poor
0x7eaa,Standard
0x7eab,Standard
0x7eac,Standard
0x7ead,Standard
0x7eb6,Good
0x7eb7,Good
0x7eb8,Good
0x7eb9,Good
0x7ec2,Standard
0x7ec3,Standard
0x7ec4,Standard
0x7ec5,Standard
0x7ece,Poor
0x7ecf,Poor
0x7ed0,Poor
0x7ed1,Poor
0x7eda,Poor
0x7edb,Poor
0x7edc,Poor
0x7edd,Poor
0x7ee6,Poor
0x7ee7,Poor
0x7ee8,Poor
0x7ee9,Poor
0x7ef2,Poor
0x7ef3,Poor
0x7ef4,Poor
0x7ef5,Poor
0x7efe,Standard
0x7eff,Standard
0x7f00,Standard
0x7f01,Standard
0x7f0a,Good
0x7f0b,Good
0x7f0c,Good
0x7f0d,Good
0x7f16,Standard
0x7f17,Poor
0x7f18,Standard
0x7f19,Standard
0x7f22,Standard
0x7f23,Standard
0x7f24,Standard
0x7f25,Standard
0x7f2e,Good
0x7f2f,Good
0x7f30,Good
0x7f31,Good
0x7f3a,Poor
0x7f3b,Poor
0x7f3c,Poor
0x7f3d,Poor
0x7f46,Standard
0x7f47,Poor
0x7f48,Standard
0x7f49,Standard
0x7f52,Poor
0x7f53,Poor
0x7f54,Poor
0x7f55,Poor
0x7f5e,Good
0x7f5f,Good
0x7f60,Good
0x7f61,Good
0x7f6a,Good
0x7f6b,Good
0x7f6c,Good
0x7f6d,Good
0x7f76,Good
0x7f77,Good
0x7f78,Good
0x7f79,Good
0x7f82,Poor
0x7f83,Poor
0x7f84,Poor
0x7f85,Poor
0x7f8e,Good
0x7f8f,Standard
0x7f90,Standard
0x7f91,Good
0x7f9a,Standard
0x7f9b,Standard
0x7f9c,Standard
0x7f9d,Standard
0x7fa6,Good
0x7fa7,Good
0x7fa8,Good
0x7fa9,Good
0x7fb2,Poor
0x7fb3,Poor
0x7fb4,Poor
0x7fb5,Poor
0x7fbe,Good
0x7fbf,Good
0x7fc0,Good
0x7fc1,Good
0x7fca,Good
0x7fcb,Good
0x7fcc,Good
0x7fcd,Good
0x7fd6,Good
0x7fd7,Good
0x7fd8,Good
0x7fd9,Good
0x7fe2,Standard
0x7fe3,Standard
0x7fe4,Standard
0x7fe5,Standard
0x7fee,Good
0x7fef,Good
0x7ff0,Good
0x7ff1,Good
0x7ffa,Good
0x7ffb,Good
0x7ffc,Good
0x7ffd,Good
0x8006,Poor
0x8007,Poor
0x8008,Poor
0x8009,Poor
0x8012,Good
0x8013,Good
0x8014,Good
0x8015,Good
0x801e,Standard
0x801f,Good
0x8020,Standard
0x8021,Poor
0x802a,Good
0x802b,Good
0x802c,Good
0x802d,Good
0x8036,Good
0x8037,Good
0x8038,Standard
0x8039,Good
0x8042,Good
0x8043,Good
0x8044,Good
0x8045,Good
0x804e,Good
0x804f,Good
0x8050,Good
0x8051,Good
0x805a,Standard
0x805b,Standard
0x805c,Standard
0x805d,Standard
0x8066,Standard
0x8067,Standard
0x8068,Standard
0x8069,Standard
0x8072,Poor
0x8073,Poor
0x8074,Poor
0x8075,Poor
0x807e,Good
0x807f,Good
0x8080,Good
0x8081,Good
0x808a,Standard
0x808b,Standard
0x808c,Standard
0x808d,Standard
0x8096,Poor
0x8097,Poor
0x8098,Poor
0x8099,Poor
0x80a2,Standard
0x80a3,Standard
0x80a4,Standard
0x80a5,Standard
0x80ae,Poor
0x80af,Poor
0x80b0,Poor
0x80b1,Poor
0x80ba,Good
0x80bb,Good
0x80bc,Good
0x80bd,Good
0x80c6,Standard
0x80c7,Standard
0x80c8,Standard
0x80c9,Standard
0x80d2,Good
0x80d3,Standard
0x80d4,Good
0x80d5,Good
0x80de,Good
0x80df,Good
0x80e0,Good
0x80e1,Good
0x80ea,Poor
0x80eb,Poor
0x80ec,Poor
0x80ed,Poor
0x80f6,Good
0x80f7,Good
0x80f8,Good
0x80f9,Good
0x8102,Poor
0x8103,Standard
0x8104,Standard
0x8105,Standard
0x810e,Good
0x810f,Good
0x8110,Good
0x8111,Good
0x811a,Good
0x811b,Good
0x811c,Good
0x811d,Good
0x8126,Standard
0x8127,Good
0x8128,Standard
0x8129,Standard
0x8132,Good
0x8133,Good
0x8134,Good
0x8135,Good
0x813e,Standard
0x813f,Standard
0x8140,Standard
0x8141,Standard
0x814a,Poor
0x814b,Poor
0x814c,Poor
0x814d,Poor
0x8156,Standard
0x8157,Good
0x8158,Good
0x8159,Good
0x8162,Good
0x8163,Good
0x8164,Good
0x8165,Good
0x816e,Good
0x816f,Good
0x8170,Good
0x8171,Good
0x817a,Standard
0x817b,Poor
0x817c,Standard
0x817d,Poor
0x8186,Poor
0x8187,Poor
0x8188,Poor
0x8189,Poor
0x8192,Good
0x8193,Good
0x8194,Good
0x8195,Good
0x819e,Poor
0x819f,Poor
0x81a0,Standard
0x81a1,Poor
0x81aa,Good
0x81ab,Good
0x81ac,Good
0x81ad,Good
0x81b6,Good
0x81b7,Good
0x81b8,Good
0x81b9,Good
0x81c2,Good
0x81c3,Good
0x81c4,Good
0x81c5,Good
0x81ce,Good
0x81cf,Good
0x81d0,Good
0x81d1,Good
0x81da,Standard
0x81db,Good
0x81dc,Good
0x81dd,Good
0x81e6,Poor
0x81e7,Poor
0x81e8,Poor
0x81e9,Poor
0x81f2,Poor
0x81f3,Poor
0x81f4,Poor
0x81f5,Poor
0x81fe,Standard
0x81ff,Standard
0x8200,Good
0x8201,Standard
0x820a,Standard
0x820b,Poor
0x820c,Poor
0x820d,Standard
0x8216,Good
0x8217,Good
0x8218,Good
0x8219,Good
0x8222,Good
0x8223,Good
0x8224,Good
0x8225,Good
0x822e,Poor
0x822f,Poor
0x8230,Poor
0x8231,Poor
0x823a,Good
0x823b,Good
0x823c,Good
0x823d,Good
0x8246,Standard
0x8247,Standard
0x8248,Standard
0x8249,Standard
0x8252,Good
0x8253,Good
0x8254,Good
0x8255,Good
0x825e,Poor
0x825f,Standard
0x8260,Good
0x8261,Poor
0x826a,Standard
0x826b,Standard
0x826c,Standard
0x826d,Standard
0x8276,Poor
0x8277,Poor
0x8278,Poor
0x8279,Poor
0x8282,Poor
0x8283,Standard
0x8284,Standard
0x8285,Standard
0x828e,Good
0x828f,Good
0x8290,Good
0x8291,Good
0x829a,Good
0x829b,Good
0x829c,Good
0x829d,Good
0x82a6,Standard
0x82a7,Standard
0x82a8,Standard
0x82a9,Standard
0x82b2,Standard
0x82b3,Poor
0x82b4,Poor
0x82b5,Poor
0x82be,Poor
0x82bf,Poor
0x82c0,Poor
0x82c1,Poor
0x82ca,Good
0x82cb,Good
0x82cc,Good
0x82cd,Good
0x82d6,Poor
0x82d7,Poor
0x82d8,Poor
0x82d9,Poor
0x82e2,Poor
0x82e3,Poor
0x82e4,Standard
0x82e5,Standard
0x82ee,Poor
0x82ef,Poor
0x82f0,Poor
0x82f1,Poor
0x82fa,Poor
0x82fb,Poor
0x82fc,Poor
0x82fd,Poor
0x8306,Standard
0x8307,Standard
0x8308,Standard
0x8309,Standard
0x8312,Good
0x8313,Good
0x8314,Good
0x8315,Good
0x831e,Good
0x831f,Standard
0x8320,Good
0x8321,Standard
0x832a,Good
0x832b,Good
0x832c,Good
0x832d,Good
0x8336,Standard
0x8337,Standard
0x8338,Standard
0x8339,Standard
0x8342,Good
0x8343,Good
0x8344,Standard
0x8345,Good
0x834e,Standard
0x834f,Standard
0x8350,Poor
0x8351,Poor
0x835a,Standard
0x835b,Poor
0x835c,Poor
0x835d,Poor
0x8366,Good
0x8367,Good
0x8368,Good
0x8369,Good
0x8372,Standard
0x8373,Standard
0x8374,Standard
0x8375,Standard
0x837e,Poor
0x837f,Poor
0x8380,Poor
0x8381,Poor
0x838a,Good
0x838b,Good
0x838c,Good
0x838d,Good
0x8396,Poor
0x8397,Poor
0x8398,Poor
0x8399,Poor
0x83a2,Good
0x83a3,Good
0x83a4,Good
0x83a5,Good
0x83ae,Good
0x83af,Good
0x83b0,Good
0x83b1,Standard
0x83ba,Good
0x83bb,Good
0x83bc,Good
0x83bd,Good
0x83c6,Good
0x83c7,Good
0x83c8,Good
0x83c9,Standard
0x83d2,Good
0x83d3,Good
0x83d4,Good
0x83d5,Good
0x83de,Poor
0x83df,Poor
0x83e0,Poor
0x83e1,Poor
0x83ea,Good
0x83eb,Good
0x83ec,Standard
0x83ed,Good
0x83f6,Good
0x83f7,Good
0x83f8,Good
0x83f9,Good
0x8402,Standard
0x8403,Standard
0x8404,Standard
0x8405,Standard
0x840e,Poor
0x840f,Standard
0x8410,Poor
0x8411,Poor
0x841a,Good
0x841b,Good
0x841c,Good
0x841d,Good
0x8426,Good
0x8427,Good
0x8428,Good
0x8429,Good
0x8432,Good
0x8433,Good
0x8434,Good
0x8435,Good
0x843e,Poor
0x843f,Poor
0x8440,Poor
0x8441,Poor
0x844a,Poor
0x844b,Poor
0x844c,Poor
0x844d,Poor
0x8456,Poor
0x8457,Poor
0x8458,Poor
0x8459,Poor
0x8462,Good
0x8463,Good
0x8464,Good
0x8465,Good
0x846e,Poor
0x846f,Poor
0x8470,Poor
0x8471,Poor
0x847a,Standard
0x847b,Poor
0x847c,Poor
0x847d,Standard
0x8486,Good
0x8487,Good
0x8488,Good
0x8489,Good
0x8492,Poor
0x8493,Poor
0x8494,Poor
0x8495,Poor
0x849e,Good
0x849f,Good
0x84a0,Good
0x84a1,Good
0x84aa,Standard
0x84ab,Standard
0x84ac,Standard
0x84ad,Standard
0x84b6,Good
0x84b7,Good
0x84b8,Good
0x84b9,Good
0x84c2,Good
0x84c3,Good
0x84c4,Standard
0x84c5,Standard
0x84ce,Poor
0x84cf,Poor
0x84d0,Poor
0x84d1,Poor
0x84da,Poor
0x84db,Poor
0x84dc,Poor
0x84dd,Poor
0x84e6,Standard
0x84e7,Good
0x84e8,Good
0x84e9,Good
0x84f2,Standard
0x84f3,Standard
0x84f4,Standard
0x84f5,Standard
0x84fe,Standard
0x84ff,Standard
0x8500,Standard
0x8501,Standard
0x850a,Poor
0x850b,Poor
0x850c,Poor
0x850d,Poor
0x8516,Good
0x8517,Good
0x8518,Good
0x8519,Good
0x8522,Poor
0x8523,Poor
0x8524,Poor
0x8525,Poor
0x852e,Poor
0x852f,Poor
0x8530,Poor
0x8531,Poor
0x853a,Good
0x853b,Good
0x853c,Good
0x853d,Good
0x8546,Poor
0x8547,Poor
0x8548,Poor
0x8549,Poor
0x8552,Poor
0x8553,Poor
0x8554,Poor
0x8555,Poor
0x855e,Poor
0x855f,Poor
0x8560,Poor
0x8561,Poor
0x856a,Good
0x856b,Good
0x856c,Good
0x856d,Good
0x8576,Standard
0x8577,Poor
0x8578,Standard
0x8579,Poor
0x8582,Poor
0x8583,Poor
0x8584,Poor
0x8585,Standard
0x858e,Good
0x858f,Good
0x8590,Good
0x8591,Good
0x859a,Standard
0x859b,Standard
0x859c,Standard
0x859d,Standard
0x85a6,Good
0x85a7,Good
0x85a8,Good
0x85a9,Good
0x85b2,Good
0x85b3,Good
0x85b4,Good
0x85b5,Good
0x85be,Poor
0x85bf,Poor
0x85c0,Poor
0x85c1,Standard
0x85ca,Standard
0x85cb,Standard
0x85cc,Standard
0x85cd,Poor
0x85d6,Standard
0x85d7,Poor
0x85d8,Poor
0x85d9,Standard
0x85e2,Poor
0x85e3,Standard
0x85e4,Poor
0x85e5,Standard
0x85ee,Good
0x85ef,Good
0x85f0,Good
0x85f1,Good
0x85fa,Poor
0x85fb,Poor
0x85fc,Poor
0x85fd,Poor
0x8606,Poor
0x8607,Poor
0x8608,Poor
0x8609,Poor
0x8612,Poor
0x8613,Poor
0x8614,Poor
0x8615,Poor
0x861e,Good
0x861f,Good
0x8620,Good
0x8621,Good
0x862a,Good
0x862b,Good
0x862c,Good
0x862d,Good
0x8636,Good
0x8637,Good
0x8638,Good
0x8639,Good
0x8642,Good
0x8643,Good
0x8644,Good
0x8645,Good
0x864e,Good
0x864f,Good
0x8650,Good
0x8651,Good
0x865a,Good
0x865b,Good
0x865c,Good
0x865d,Good
0x8666,Poor
0x8667,Poor
0x8668,Poor
0x8669,Poor
0x8672,Poor
0x8673,Poor
0x8674,Poor
0x8675,Poor
0x867e,Good
0x867f,Good
0x8680,Good
0x8681,Good
0x868a,Standard
0x868b,Standard
0x868c,Standard
0x868d,Standard
0x8696,Standard
0x8697,Standard
0x8698,Poor
0x8699,Poor
0x86a2,Good
0x86a3,Good
0x86a4,Good
0x86a5,Good
0x86ae,Good
0x86af,Good
0x86b0,Good
0x86b1,Good
0x86ba,Poor
0x86bb,Poor
0x86bc,Poor
0x86bd,Poor
0x86c6,Poor
0x86c7,Poor
0x86c8,Poor
0x86c9,Poor
0x86d2,Good
0x86d3,Good
0x86d4,Good
0x86d5,Good
0x86de,Good
0x86df,Good
0x86e0,Good
0x86e1,Good
0x86ea,Good
0x86eb,Good
0x86ec,Good
0x86ed,Good
0x86f6,Standard
0x86f7,Standard
0x86f8,Standard
0x86f9,Standard
0x8702,Standard
0x8703,Standard
0x8704,Standard
0x8705,Standard
0x870e,Standard
0x870f,Standard
0x8710,Standard
0x8711,Standard
0x871a,Good
0x871b,Good
0x871c,Good
0x871d,Standard
0x8726,Good
0x8727,Good
0x8728,Good
0x8729,Good
0x8732,Good
0x8733,Good
0x8734,Good
0x8735,Good
0x873e,Poor
0x873f,Poor
0x8740,Poor
0x8741,Poor
0x874a,Good
0x874b,Good
0x874c,Good
0x874d,Good
0x8756,Standard
0x8757,Poor
0x8758,Poor
0x8759,Poor
0x8762,Standard
0x8763,Standard
0x8764,Standard
0x8765,Standard
0x876e,Standard
0x876f,Standard
0x8770,Standard
0x8771,Standard
0x877a,Standard
0x877b,Standard
0x877c,Standard
0x877d,Standard
0x8786,Good
0x8787,Good
0x8788,Good
0x8789,Good
0x8792,Good
0x8793,Good
0x8794,Good
0x8795,Good
0x879e,Good
0x879f,Good
0x87a0,Good
0x87a1,Good
0x87aa,Poor
0x87ab,Poor
0x87ac,Poor
0x87ad,Poor
0x87b6,Poor
0x87b7,Poor
0x87b8,Poor
0x87b9,Poor
0x87c2,Good
0x87c3,Good
0x87c4,Good
0x87c5,Good
0x87ce,Good
0x87cf,Good
0x87d0,Good
0x87d1,Good
0x87da,Poor
0x87db,Poor
0x87dc,Poor
0x87dd,Poor
0x87e6,Poor
0x87e7,Poor
0x87e8,Poor
0x87e9,Poor
0x87f2,Standard
0x87f3,Standard
0x87f4,Good
0x87f5,Standard
0x87fe,Good
0x87ff,Good
0x8800,Good
0x8801,Good
0x880a,Good
0x880b,Good
0x880c,Good
0x880d,Standard
0x8816,Standard
0x8817,Good
0x8818,Good
0x8819,Good
0x8822,Poor
0x8823,Poor
0x8824,Poor
0x8825,Poor
0x882e,Good
0x882f,Good
0x8830,Good
0x8831,Good
0x883a,Poor
0x883b,Poor
0x883c,Standard
0x883d,Poor
0x8846,Good
0x8847,Good
0x8848,Good
0x8849,Good
0x8852,Good
0x8853,Good
0x8854,Good
0x8855,Good
0x885e,Standard
0x885f,Good
0x8860,Good
0x8861,Good
0x886a,Poor
0x886b,Poor
0x886c,Poor
0x886d,Poor
0x8876,Good
0x8877,Good
0x8878,Good
0x8879,Good
0x8882,Standard
0x8883,Standard
0x8884,Good
0x8885,Standard
0x888e,Standard
0x888f,Good
0x8890,Standard
0x8891,Standard
0x889a,Poor
0x889b,Poor
0x889c,Poor
0x889d,Poor
0x88a6,Poor
0x88a7,Poor
0x88a8,Poor
0x88a9,Poor
0x88b2,Good
0x88b3,Good
0x88b4,Good
0x88b5,Good
0x88be,Poor
0x88bf,Poor
0x88c0,Poor
0x88c1,Poor
0x88ca,Good
0x88cb,Good
0x88cc,Good
0x88cd,Good
0x88d6,Good
0x88d7,Good
0x88d8,Good
0x88d9,Good
0x88e2,Poor
0x88e3,Poor
0x88e4,Poor
0x88e5,Poor
0x88ee,Poor
0x88ef,Poor
0x88f0,Poor
0x88f1,Poor
0x88fa,Good
0x88fb,Good
0x88fc,Good
0x88fd,Good
0x8906,Good
0x8907,Good
0x8908,Good
0x8909,Good
0x8912,Standard
0x8913,Standard
0x8914,Standard
0x8915,Poor
0x891e,Good
0x891f,Good
0x8920,Good
0x8921,Good
0x892a,Poor
0x892b,Poor
0x892c,Poor
0x892d,Poor
0x8936,Poor
0x8937,Poor
0x8938,Poor
0x8939,Poor
0x8942,Good
0x8943,Good
0x8944,Good
0x8945,Good
0x894e,Poor
0x894f,Poor
0x8950,Poor
0x8951,Poor
0x895a,Poor
0x895b,Poor
0x895c,Poor
0x895d,Poor
0x8966,Standard
0x8967,Standard
0x8968,Standard
0x8969,Standard
0x8972,Good
0x8973,Good
0x8974,Good
0x8975,Good
0x897e,Poor
0x897f,Poor
0x8980,Poor
0x8981,Poor
0x898a,Good
0x898b,Good
0x898c,Good
0x898d,Good
0x8996,Standard
0x8997,Standard
0x8998,Standard
0x8999,Good
0x89a2,Good
0x89a3,Good
0x89a4,Good
0x89a5,Good
0x89ae,Good
0x89af,Good
0x89b0,Good
0x89b1,Good
0x89ba,Good
0x89bb,Good
0x89bc,Good
0x89bd,Good
0x89c6,Standard
0x89c7,Standard
0x89c8,Standard
0x89c9,Poor
0x89d2,Standard
0x89d3,Good
0x89d4,Good
0x89d5,Good
0x89de,Poor
0x89df,Poor
0x89e0,Poor
0x89e1,Poor
0x89ea,Standard
0x89eb,Standard
0x89ec,Standard
0x89ed,Standard
0x89f6,Poor
0x89f7,Poor
0x89f8,Poor
0x89f9,Poor
0x8a02,Poor
0x8a03,Poor
0x8a04,Poor
0x8a05,Poor
0x8a0e,Good
0x8a0f,Good
0x8a10,Good
0x8a11,Good
0x8a1a,Poor
0x8a1b,Poor
0x8a1c,Poor
0x8a1d,Poor
0x8a26,Poor
0x8a27,Poor
0x8a28,Poor
0x8a29,Poor
0x8a32,Poor
0x8a33,Poor
0x8a34,Poor
0x8a35,Poor
0x8a3e,Good
0x8a3f,Good
0x8a40,Good
0x8a41,Good
0x8a4a,Good
0x8a4b,Good
0x8a4c,Good
0x8a4d,Good
0x8a56,Poor
0x8a57,Poor
0x8a58,Poor
0x8a59,Poor
0x8a62,Good
0x8a63,Good
0x8a64,Good
0x8a65,Good
0x8a6e,Good
0x8a6f,Good
0x8a70,Good
0x8a71,Good
0x8a7a,Good
0x8a7b,Good
0x8a7c,Good
0x8a7d,Good
0x8a86,Poor
0x8a87,Poor
0x8a88,Poor
0x8a89,Poor
0x8a92,Standard
0x8a93,Poor
0x8a94,Standard
0x8a95,Poor
0x8a9e,Good
0x8a9f,Good
0x8aa0,Good
0x8aa1,Good
0x8aaa,Good
0x8aab,Good
0x8aac,Good
0x8aad,Good
0x8ab6,Good
0x8ab7,Standard
0x8ab8,Good
0x8ab9,Good
0x8ac2,Poor
0x8ac3,Poor
0x8ac4,Poor
0x8ac5,Poor
0x8ace,Standard
0x8acf,Standard
0x8ad0,Standard
0x8ad1,Standard
0x8ada,Good
0x8adb,Good
0x8adc,Good
0x8add,Good
0x8ae6,Standard
0x8ae7,Poor
0x8ae8,Poor
0x8ae9,Poor
0x8af2,Good
0x8af3,Good
0x8af4,Good
0x8af5,Good
0x8afe,Poor
0x8aff,Poor
0x8b00,Poor
0x8b01,Poor
0x8b0a,Standard
0x8b0b,Standard
0x8b0c,Standard
0x8b0d,Standard
0x8b16,Poor
0x8b17,Poor
0x8b18,Poor
0x8b19,Poor
0x8b22,Good
0x8b23,Good
0x8b24,Good
0x8b25,Good
0x8b2e,Good
0x8b2f,Good
0x8b30,Good
0x8b31,Good
0x8b3a,Standard
0x8b3b,Standard
0x8b3c,Standard
0x8b3d,Standard
0x8b46,Poor
0x8b47,Poor
0x8b48,Poor
0x8b49,Poor
0x8b52,Poor
0x8b53,Poor
0x8b54,Poor
0x8b55,Poor
0x8b5e,Standard
0x8b5f,Standard
0x8b60,Standard
0x8b61,Standard
0x8b6a,Good
0x8b6b,Good
0x8b6c,Good
0x8b6d,Good
0x8b76,Good
0x8b77,Good
0x8b78,Good
0x8b79,Good
0x8b82,Standard
0x8b83,Standard
0x8b84,Standard
0x8b85,Standard
0x8b8e,Poor
0x8b8f,Poor
0x8b90,Poor
0x8b91,Poor
0x8b9a,Standard
0x8b9b,Standard
0x8b9c,Standard
0x8b9d,Standard
0x8ba6,Good
0x8ba7,Good
0x8ba8,Good
0x8ba9,Good
0x8bb2,Good
0x8bb3,Good
0x8bb4,Good
0x8bb5,Good
0x8bbe,Poor
0x8bbf,Poor
0x8bc0,Poor
0x8bc1,Poor
0x8bca,Standard
0x8bcb,Standard
0x8bcc,Standard
0x8bcd,Standard
0x8bd6,Good
0x8bd7,Good
0x8bd8,Good
0x8bd9,Good
0x8be2,Poor
0x8be3,Poor
0x8be4,Poor
0x8be5,Standard
0x8bee,Good
0x8bef,Good
0x8bf0,Good
0x8bf1,Good
0x8bfa,Good
0x8bfb,Good
0x8bfc,Good
0x8bfd,Good
0x8c06,Poor
0x8c07,Poor
0x8c08,Poor
0x8c09,Poor
0x8c12,Good
0x8c13,Good
0x8c14,Good
0x8c15,Good
0x8c1e,Poor
0x8c1f,Poor
0x8c20,Poor
0x8c21,Poor
0x8c2a,Poor
0x8c2b,Poor
0x8c2c,Poor
0x8c2d,Poor
0x8c36,Standard
0x8c37,Standard
0x8c38,Poor
0x8c39,Standard
0x8c42,Good
0x8c43,Good
0x8c44,Good
0x8c45,Good
0x8c4e,Good
0x8c4f,Good
0x8c50,Good
0x8c51,Good
0x8c5a,Good
0x8c5b,Good
0x8c5c,Good
0x8c5d,Good
0x8c66,Good
0x8c67,Good
0x8c68,Good
0x8c69,Good
0x8c72,Standard
0x8c73,Standard
0x8c74,Standard
0x8c75,Poor
0x8c7e,Good
0x8c7f,Good
0x8c80,Good
0x8c81,Good
0x8c8a,Good
0x8c8b,Good
0x8c8c,Good
0x8c8d,Good
0x8c96,Standard
0x8c97,Standard
0x8c98,Standard
0x8c99,Standard
0x8ca2,Good
0x8ca3,Good
0x8ca4,Good
0x8ca5,Good
0x8cae,Poor
0x8caf,Poor
0x8cb0,Poor
0x8cb1,Poor
0x8cba,Poor
0x8cbb,Poor
0x8cbc,Poor
0x8cbd,Poor
0x8cc6,Standard
0x8cc7,Standard
0x8cc8,Standard
0x8cc9,Standard
0x8cd2,Standard
0x8cd3,Standard
0x8cd4,Poor
0x8cd5,Poor
0x8cde,Good
0x8cdf,Good
0x8ce0,Poor
0x8ce1,Standard
0x8cea,Standard
0x8ceb,Standard
0x8cec,Poor
0x8ced,Standard
0x8cf6,Poor
0x8cf7,Poor
0x8cf8,Poor
0x8cf9,Poor
0x8d02,Poor
0x8d03,Poor
0x8d04,Poor
0x8d05,Poor
0x8d0e,Standard
0x8d0f,Standard
0x8d10,Poor
0x8d11,Standard
0x8d1a,Good
0x8d1b,Good
0x8d1c,Good
0x8d1d,Good
0x8d26,Good
0x8d27,Good
0x8d28,Good
0x8d29,Good
0x8d32,Standard
0x8d33,Poor
0x8d34,Poor
0x8d35,Poor
0x8d3e,Good
0x8d3f,Standard
0x8d40,Good
0x8d41,Good
0x8d4a,Poor
0x8d4b,Poor
0x8d4c,Poor
0x8d4d,Poor
0x8d56,Poor
0x8d57,Poor
0x8d58,Poor
0x8d59,Poor
0x8d62,Poor
0x8d63,Standard
0x8d64,Standard
0x8d65,Standard
0x8d6e,Good
0x8d6f,Good
0x8d70,Good
0x8d71,Good
0x8d7a,Good
0x8d7b,Good
0x8d7c,Good
0x8d7d,Good
0x8d86,Good
0x8d87,Good
0x8d88,Good
0x8d89,Good
0x8d92,Standard
0x8d93,Standard
0x8d94,Standard
0x8d95,Standard
0x8d9e,Good
0x8d9f,Good
0x8da0,Good
0x8da1,Good
0x8daa,Poor
0x8dab,Poor
0x8dac,Poor
0x8dad,Poor
0x8db6,Poor
0x8db7,Poor
0x8db8,Poor
0x8db9,Poor
0x8dc2,Good
0x8dc3,Good
0x8dc4,Good
0x8dc5,Good
0x8dce,Poor
0x8dcf,Poor
0x8dd0,Poor
0x8dd1,Poor
0x8dda,Poor
0x8ddb,Poor
0x8ddc,Standard
0x8ddd,Poor
0x8de6,Good
0x8de7,Good
0x8de8,Good
0x8de9,Good
0x8df2,Good
0x8df3,Good
0x8df4,Good
0x8df5,Good
0x8dfe,Standard
0x8dff,Standard
0x8e00,Standard
0x8e01,Standard
0x8e0a,Good
0x8e0b,Standard
0x8e0c,Good
0x8e0d,Good
0x8e16,Poor
0x8e17,Poor
0x8e18,Poor
0x8e19,Poor
0x8e22,Good
0x8e23,Good
0x8e24,Good
0x8e25,Standard
0x8e2e,Good
0x8e2f,Good
0x8e30,Standard
0x8e31,Good
0x8e3a,Standard
0x8e3b,Standard
0x8e3c,Standard
0x8e3d,Standard
0x8e46,Good
0x8e47,Good
0x8e48,Good
0x8e49,Good
0x8e52,Standard
0x8e53,Standard
0x8e54,Standard
0x8e55,Standard
0x8e5e,Poor
0x8e5f,Standard
0x8e60,Standard
0x8e61,Standard
0x8e6a,Poor
0x8e6b,Poor
0x8e6c,Poor
0x8e6d,Poor
0x8e76,Poor
0x8e77,Poor
0x8e78,Poor
0x8e79,Poor
0x8e82,Good
0x8e83,Good
0x8e84,Good
0x8e85,Good
0x8e8e,Poor
0x8e8f,Poor
0x8e90,Poor
0x8e91,Poor
0x8e9a,Good
0x8e9b,Good
0x8e9c,Good
0x8e9d,Good
0x8ea6,Poor
0x8ea7,Poor
0x8ea8,Poor
0x8ea9,Poor
0x8eb2,Poor
0x8eb3,Poor
0x8eb4,Poor
0x8eb5,Poor
0x8ebe,Good
0x8ebf,Good
0x8ec0,Good
0x8ec1,Good
0x8eca,Poor
0x8ecb,Standard
0x8ecc,Poor
0x8ecd,Standard
0x8ed6,Good
0x8ed7,Good
0x8ed8,Good
0x8ed9,Good
0x8ee2,Standard
0x8ee3,Standard
0x8ee4,Standard
0x8ee5,Standard
0x8eee,Standard
0x8eef,Standard
0x8ef0,Standard
0x8ef1,Standard
0x8efa,Poor
0x8efb,Poor
0x8efc,Poor
0x8efd,Poor
0x8f06,Standard
0x8f07,Poor
0x8f08,Poor
0x8f09,Poor
0x8f12,Good
0x8f13,Good
0x8f14,Good
0x8f15,Good
0x8f1e,Good
0x8f1f,Good
0x8f20,Good
0x8f21,Good
0x8f2a,Poor
0x8f2b,Standard
0x8f2c,Poor
0x8f2d,Poor
0x8f36,Poor
0x8f37,Poor
0x8f38,Poor
0x8f39,Poor
0x8f42,Standard
0x8f43,Standard
0x8f44,Standard
0x8f45,Standard
0x8f4e,Poor
0x8f4f,Standard
0x8f50,Standard
0x8f51,Standard
0x8f5a,Poor
0x8f5b,Poor
0x8f5c,Poor
0x8f5d,Poor
0x8f66,Standard
0x8f67,Standard
0x8f68,Poor
0x8f69,Standard
0x8f72,Poor
0x8f73,Poor
0x8f74,Poor
0x8f75,Poor
0x8f7e,Poor
0x8f7f,Poor
0x8f80,Poor
0x8f81,Poor
0x8f8a,Poor
0x8f8b,Poor
0x8f8c,Poor
0x8f8d,Poor
0x8f96,Standard
0x8f97,Standard
0x8f98,Poor
0x8f99,Standard
0x8fa2,Poor
0x8fa3,Poor
0x8fa4,Poor
0x8fa5,Poor
0x8fae,Poor
0x8faf,Poor
0x8fb0,Poor
0x8fb1,Poor
0x8fba,Standard
0x8fbb,Poor
0x8fbc,Standard
0x8fbd,Standard
0x8fc6,Poor
0x8fc7,Poor
0x8fc8,Poor
0x8fc9,Poor
0x8fd2,Poor
0x8fd3,Poor
0x8fd4,Poor
0x8fd5,Standard
0x8fde,Good
0x8fdf,Good
0x8fe0,Good
0x8fe1,Good
0x8fea,Poor
0x8feb,Poor
0x8fec,Poor
0x8fed,Poor
0x8ff6,Good
0x8ff7,Good
0x8ff8,Good
0x8ff9,Good
0x9002,Poor
0x9003,Poor
0x9004,Poor
0x9005,Poor
0x900e,Poor
0x900f,Poor
0x9010,Poor
0x9011,Poor
0x901a,Poor
0x901b,Poor
0x901c,Poor
0x901d,Poor
0x9026,Poor
0x9027,Poor
0x9028,Poor
0x9029,Poor
0x9032,Good
0x9033,Good
0x9034,Good
0x9035,Good
0x903e,Good
0x903f,Good
0x9040,Good
0x9041,Good
0x904a,Poor
0x904b,Poor
0x904c,Poor
0x904d,Poor
0x9056,Poor
0x9057,Poor
0x9058,Poor
0x9059,Poor
0x9062,Standard
0x9063,Standard
0x9064,Poor
0x9065,Standard
0x906e,Good
0x906f,Good
0x9070,Good
0x9071,Good
0x907a,Poor
0x907b,Standard
0x907c,Poor
0x907d,Poor
0x9086,Standard
0x9087,Standard
0x9088,Standard
0x9089,Standard
0x9092,Good
0x9093,Good
0x9094,Good
0x9095,Good
0x909e,Poor
0x909f,Poor
0x90a0,Poor
0x90a1,Poor
0x90aa,Poor
0x90ab,Poor
0x90ac,Standard
0x90ad,Poor
0x90b6,Good
0x90b7,Good
0x90b8,Good
0x90b9,Good
0x90c2,Good
0x90c3,Good
0x90c4,Good
0x90c5,Good
0x90ce,Good
0x90cf,Good
0x90d0,Good
0x90d1,Good
0x90da,Good
0x90db,Good
0x90dc,Good
0x90dd,Good
0x90e6,Standard
0x90e7,Good
0x90e8,Standard
0x90e9,Standard
0x90f2,Good
0x90f3,Good
0x90f4,Good
0x90f5,Good
0x90fe,Standard
0x90ff,Standard
0x9100,Standard
0x9101,Standard
0x910a,Standard
0x910b,Standard
0x910c,Standard
0x910d,Standard
0x9116,Poor
0x9117,Poor
0x9118,Poor
0x9119,Poor
0x9122,Good
0x9123,Good
0x9124,Good
0x9125,Good
0x912e,Poor
0x912f,Poor
0x9130,Standard
0x9131,Poor
0x913a,Good
0x913b,Good
0x913c,Good
0x913d,Good
0x9146,Good
0x9147,Good
0x9148,Good
0x9149,Good
0x9152,Good
0x9153,Good
0x9154,Good
0x9155,Good
0x915e,Good
0x915f,Good
0x9160,Good
0x9161,Good
0x916a,Good
0x916b,Good
0x916c,Good
0x916d,Good
0x9176,Poor
0x9177,Poor
0x9178,Poor
0x9179,Poor
0x9182,Standard
0x9183,Poor
0x9184,Standard
0x9185,Poor
0x918e,Good
0x918f,Good
0x9190,Good
0x9191,Good
0x919a,Good
0x919b,Good
0x919c,Good
0x919d,Good
0x91a6,Good
0x91a7,Good
0x91a8,Standard
0x91a9,Standard
0x91b2,Poor
0x91b3,Poor
0x91b4,Poor
0x91b5,Poor
0x91be,Poor
0x91bf,Poor
0x91c0,Poor
0x91c1,Poor
0x91ca,Poor
0x91cb,Poor
0x91cc,Poor
0x91cd,Poor
0x91d6,Good
0x91d7,Good
0x91d8,Good
0x91d9,Good
0x91e2,Poor
0x91e3,Poor
0x91e4,Poor
0x91e5,Poor
0x91ee,Poor
0x91ef,Poor
0x91f0,Poor
0x91f1,Poor
0x91fa,Poor
0x91fb,Poor
0x91fc,Poor
0x91fd,Standard
0x9206,Standard
0x9207,Standard
0x9208,Standard
0x9209,Standard
0x9212,Poor
0x9213,Poor
0x9214,Poor
0x9215,Poor
0x921e,Good
0x921f,Good
0x9220,Good
0x9221,Good
0x922a,Poor
0x922b,Poor
0x922c,Poor
0x922d,Poor
0x9236,Good
0x9237,Good
0x9238,Good
0x9239,Good
0x9242,Standard
0x9243,Poor
0x9244,Standard
0x9245,Standard
0x924e,Poor
0x924f,Poor
0x9250,Poor
0x9251,Poor
0x925a,Standard
0x925b,Standard
0x925c,Standard
0x925d,Standard
0x9266,Poor
0x9267,Poor
0x9268,Poor
0x9269,Poor
0x9272,Standard
0x9273,Standard
0x9274,Standard
0x9275,Standard
0x927e,Poor
0x927f,Poor
0x9280,Poor
0x9281,Standard
0x928a,Standard
0x928b,Standard
0x928c,Standard
0x928d,Standard
0x9296,Poor
0x9297,Poor
0x9298,Poor
0x9299,Poor
0x92a2,Poor
0x92a3,Poor
0x92a4,Poor
0x92a5,Poor
0x92ae,Poor
0x92af,Poor
0x92b0,Poor
0x92b1,Poor
0x92ba,Poor
0x92bb,Poor
0x92bc,Poor
0x92bd,Poor
0x92c6,Poor
0x92c7,Poor
0x92c8,Poor
0x92c9,Poor
0x92d2,Standard
0x92d3,Standard
0x92d4,Standard
0x92d5,Standard
0x92de,Standard
0x92df,Poor
0x92e0,Standard
0x92e1,Standard
0x92ea,Poor
0x92eb,Poor
0x92ec,Poor
0x92ed,Poor
0x92f6,Standard
0x92f7,Standard
0x92f8,Standard
0x92f9,Standard
0x9302,Good
0x9303,Good
0x9304,Good
0x9305,Good
0x930e,Poor
0x930f,Poor
0x9310,Poor
0x9311,Poor
0x931a,Poor
0x931b,Poor
0x931c,Poor
0x931d,Poor
0x9326,Standard
0x9327,Standard
0x9328,Standard
0x9329,Standard
0x9332,Good
0x9333,Good
0x9334,Good
0x9335,Standard
0x933e,Poor
0x933f,Standard
0x9340,Poor
0x9341,Poor
0x934a,Standard
0x934b,Standard
0x934c,Standard
0x934d,Standard
0x9356,Poor
0x9357,Poor
0x9358,Poor
0x9359,Poor
0x9362,Good
0x9363,Good
0x9364,Good
0x9365,Good
0x936e,Standard
0x936f,Standard
0x9370,Standard
0x9371,Standard
0x937a,Standard
0x937b,Standard
0x937c,Good
0x937d,Standard
0x9386,Good
0x9387,Good
0x9388,Good
0x9389,Good
0x9392,Good
0x9393,Good
0x9394,Good
0x9395,Good
0x939e,Poor
0x939f,Poor
0x93a0,Poor
0x93a1,Standard
0x93aa,Standard
0x93ab,Standard
0x93ac,Standard
0x93ad,Standard
0x93b6,Poor
0x93b7,Poor
0x93b8,Poor
0x93b9,Poor
0x93c2,Poor
0x93c3,Poor
0x93c4,Poor
0x93c5,Poor
0x93ce,Poor
0x93cf,Poor
0x93d0,Poor
0x93d1,Standard
0x93da,Good
0x93db,Good
0x93dc,Good
0x93dd,Good
0x93e6,Poor
0x93e7,Standard
0x93e8,Poor
0x93e9,Poor
0x93f2,Standard
0x93f3,Standard
0x93f4,Standard
0x93f5,Standard
0x93fe,Poor
0x93ff,Poor
0x9400,Poor
0x9401,Poor
0x940a,Good
0x940b,Good
0x940c,Good
0x940d,Good
0x9416,Poor
0x9417,Poor
0x9418,Poor
0x9419,Poor
0x9422,Poor
0x9423,Poor
0x9424,Poor
0x9425,Poor
0x942e,Poor
0x942f,Poor
0x9430,Poor
0x9431,Poor
0x943a,Standard
0x943b,Standard
0x943c,Standard
0x943d,Standard
0x9446,Good
0x9447,Good
0x9448,Good
0x9449,Good
0x9452,Good
0x9453,Good
0x9454,Good
0x9455,Good
0x945e,Poor
0x945f,Poor
0x9460,Poor
0x9461,Poor
0x946a,Poor
0x946b,Poor
0x946c,Poor
0x946d,Poor
0x9476,Poor
0x9477,Poor
0x9478,Poor
0x9479,Poor
0x9482,Good
0x9483,Good
0x9484,Good
0x9485,Good
0x948e,Standard
0x948f,Standard
0x9490,Standard
0x9491,Standard
0x949a,Poor
0x949b,Poor
0x949c,Poor
0x949d,Poor
0x94a6,Poor
0x94a7,Poor
0x94a8,Poor
0x94a9,Poor
0x94b2,Good
0x94b3,Good
0x94b4,Good
0x94b5,Good
0x94be,Good
0x94bf,Good
0x94c0,Standard
0x94c1,Good
0x94ca,Poor
0x94cb,Standard
0x94cc,Standard
0x94cd,Standard
0x94d6,Poor
0x94d7,Poor
0x94d8,Poor
0x94d9,Poor
0x94e2,Good
0x94e3,Good
0x94e4,Good
0x94e5,Good
0x94ee,Poor
0x94ef,Poor
0x94f0,Poor
0x94f1,Poor
0x94fa,Poor
0x94fb,Poor
0x94fc,Poor
0x94fd,Poor
0x9506,Good
0x9507,Good
0x9508,Good
0x9509,Good
0x9512,Good
0x9513,Good
0x9514,Good
0x9515,Good
0x951e,Good
0x951f,Good
0x9520,Good
0x9521,Good
0x952a,Good
0x952b,Good
0x952c,Good
0x952d,Good
0x9536,Poor
0x9537,Poor
0x9538,Poor
0x9539,Poor
0x9542,Standard
0x9543,Standard
0x9544,Standard
0x9545,Standard
0x954e,Good
0x954f,Good
0x9550,Good
0x9551,Good
0x955a,Poor
0x955b,Poor
0x955c,Poor
0x955d,Poor
0x9566,Good
0x9567,Standard
0x9568,Good
0x9569,Good
0x9572,Good
0x9573,Good
0x9574,Good
0x9575,Good
0x957e,Poor
0x957f,Poor
0x9580,Poor
0x9581,Poor
0x958a,Poor
0x958b,Poor
0x958c,Poor
0x958d,Poor
0x9596,Good
0x9597,Poor
0x9598,Good
0x9599,Good
0x95a2,Poor
0x95a3,Standard
0x95a4,Poor
0x95a5,Poor
0x95ae,Good
0x95af,Good
0x95b0,Good
0x95b1,Good
0x95ba,Standard
0x95bb,Standard
0x95bc,Standard
0x95bd,Standard
0x95c6,Poor
0x95c7,Poor
0x95c8,Poor
0x95c9,Poor
0x95d2,Standard
0x95d3,Standard
0x95d4,Standard
0x95d5,Standard
0x95de,Standard
0x95df,Standard
0x95e0,Standard
0x95e1,Standard
0x95ea,Good
0x95eb,Good
0x95ec,Good
0x95ed,Good
0x95f6,Standard
0x95f7,Poor
0x95f8,Poor
0x95f9,Standard
0x9602,Good
0x9603,Good
0x9604,Good
0x9605,Standard
0x960e,Good
0x960f,Good
0x9610,Good
0x9611,Good
0x961a,Good
0x961b,Good
0x961c,Good
0x961d,Good
0x9626,Good
0x9627,Good
0x9628,Good
0x9629,Good
0x9632,Good
0x9633,Good
0x9634,Good
0x9635,Good
0x963e,Good
0x963f,Good
0x9640,Good
0x9641,Standard
0x964a,Good
0x964b,Good
0x964c,Good
0x964d,Good
0x9656,Poor
0x9657,Poor
0x9658,Poor
0x9659,Poor
0x9662,Good
0x9663,Good
0x9664,Good
0x9665,Good
0x966e,Good
0x966f,Good
0x9670,Good
0x9671,Good
0x967a,Poor
0x967b,Poor
0x967c,Poor
0x967d,Poor
0x9686,Poor
0x9687,Poor
0x9688,Poor
0x9689,Poor
0x9692,Good
0x9693,Good
0x9694,Good
0x9695,Good
0x969e,Standard
0x969f,Standard
0x96a0,Standard
0x96a1,Standard
0x96aa,Good
0x96ab,Good
0x96ac,Good
0x96ad,Good
0x96b6,Standard
0x96b7,Standard
0x96b8,Poor
0x96b9,Standard
0x96c2,Poor
0x96c3,Poor
0x96c4,Poor
0x96c5,Poor
0x96ce,Poor
0x96cf,Poor
0x96d0,Poor
0x96d1,Poor
0x96da,Good
0x96db,Good
0x96dc,Good
0x96dd,Good
0x96e6,Good
0x96e7,Good
0x96e8,Good
0x96e9,Good
0x96f2,Poor
0x96f3,Poor
0x96f4,Poor
0x96f5,Poor
0x96fe,Poor
0x96ff,Poor
0x9700,Poor
0x9701,Poor
0x970a,Good
0x970b,Good
0x970c,Good
0x970d,Good
0x9716,Poor
0x9717,Poor
0x9718,Poor
0x9719,Poor
0x9722,Poor
0x9723,Standard
0x9724,Standard
0x9725,Standard
0x972e,Standard
0x972f,Standard
0x9730,Standard
0x9731,Standard
0x973a,Good
0x973b,Good
0x973c,Good
0x973d,Good
0x9746,Poor
0x9747,Poor
0x9748,Poor
0x9749,Poor
0x9752,Good
0x9753,Good
0x9754,Good
0x9755,Good
0x975e,Poor
0x975f,Poor
0x9760,Poor
0x9761,Poor
0x976a,Good
0x976b,Good
0x976c,Standard
0x976d,Good
0x9776,Good
0x9777,Good
0x9778,Good
0x9779,Good
0x9782,Poor
0x9783,Poor
0x9784,Poor
0x9785,Poor
0x978e,Good
0x978f,Good
0x9790,Good
0x9791,Good
0x979a,Standard
0x979b,Standard
0x979c,Standard
0x979d,Standard
0x97a6,Poor
0x97a7,Poor
0x97a8,Poor
0x97a9,Poor
0x97b2,Good
0x97b3,Standard
0x97b4,Good
0x97b5,Good
0x97be,Poor
0x97bf,Poor
0x97c0,Poor
0x97c1,Poor
0x97ca,Good
0x97cb,Good
0x97cc,Good
0x97cd,Good
0x97d6,Good
0x97d7,Good
0x97d8,Good
0x97d9,Good
0x97e2,Poor
0x97e3,Poor
0x97e4,Poor
0x97e5,Poor
0x97ee,Poor
0x97ef,Poor
0x97f0,Poor
0x97f1,Poor
0x97fa,Standard
0x97fb,Standard
0x97fc,Standard
0x97fd,Standard
0x9806,Standard
0x9807,Standard
0x9808,Standard
0x9809,Good
0x9812,Standard
0x9813,Standard
0x9814,Standard
0x9815,Standard
0x981e,Good
0x981f,Good
0x9820,Good
0x9821,Good
0x982a,Good
0x982b,Good
0x982c,Good
0x982d,Good
0x9836,Good
0x9837,Good
0x9838,Good
0x9839,Good
0x9842,Standard
0x9843,Standard
0x9844,Good
0x9845,Standard
0x984e,Poor
0x984f,Standard
0x9850,Standard
0x9851,Standard
0x985a,Standard
0x985b,Good
0x985c,Good
0x985d,Good
0x9866,Good
0x9867,Good
0x9868,Good
0x9869,Good
0x9872,Standard
0x9873,Standard
0x9874,Standard
0x9875,Standard
0x987e,Poor
0x987f,Poor
0x9880,Poor
0x9881,Poor
0x988a,Poor
0x988b,Poor
0x988c,Poor
0x988d,Poor
0x9896,Good
0x9897,Good
0x9898,Good
0x9899,Good
0x98a2,Good
0x98a3,Good
0x98a4,Good
0x98a5,Good
0x98ae,Good
0x98af,Good
0x98b0,Good
0x98b1,Good
0x98ba,Good
0x98bb,Good
0x98bc,Good
0x98bd,Good
0x98c6,Good
0x98c7,Good
0x98c8,Good
0x98c9,Good
0x98d2,Good
0x98d3,Good
0x98d4,Good
0x98d5,Good
0x98de,Good
0x98df,Good
0x98e0,Standard
0x98e1,Good
0x98ea,Standard
0x98eb,Standard
0x98ec,Standard
0x98ed,Standard
0x98f6,Standard
0x98f7,Standard
0x98f8,Standard
0x98f9,Poor
0x9902,Good
0x9903,Good
0x9904,Good
0x9905,Good
0x990e,Standard
0x990f,Poor
0x9910,Poor
0x9911,Poor
0x991a,Good
0x991b,Good
0x991c,Good
0x991d,Good
0x9926,Poor
0x9927,Poor
0x9928,Poor
0x9929,Poor
0x9932,Good
0x9933,Good
0x9934,Good
0x9935,Good
0x993e,Standard
0x993f,Standard
0x9940,Standard
0x9941,Standard
0x994a,Good
0x994b,Good
0x994c,Good
0x994d,Good
0x9956,Good
0x9957,Good
0x9958,Good
0x9959,Good
0x9962,Poor
0x9963,Standard
0x9964,Standard
0x9965,Poor
0x996e,Good
0x996f,Good
0x9970,Good
0x9971,Good
0x997a,Standard
0x997b,Standard
0x997c,Standard
0x997d,Standard
0x9986,Standard
0x9987,Poor
0x9988,Standard
0x9989,Poor
0x9992,Good
0x9993,Good
0x9994,Good
0x9995,Good
0x999e,Standard
0x999f,Standard
0x99a0,Standard
0x99a1,Standard
0x99aa,Poor
0x99ab,Poor
0x99ac,Poor
0x99ad,Poor
0x99b6,Poor
0x99b7,Poor
0x99b8,Poor
0x99b9,Poor
0x99c2,Standard
0x99c3,Poor
0x99c4,Standard
0x99c5,Standard
0x99ce,Good
0x99cf,Good
0x99d0,Good
0x99d1,Good
0x99da,Good
0x99db,Good
0x99dc,Good
0x99dd,Good
0x99e6,Poor
0x99e7,Poor
0x99e8,Poor
0x99e9,Poor
0x99f2,Poor
0x99f3,Poor
0x99f4,Poor
0x99f5,Poor
0x99fe,Good
0x99ff,Good
0x9a00,Standard
0x9a01,Good
0x9a0a,Good
0x9a0b,Good
0x9a0c,Good
0x9a0d,Good
0x9a16,Good
0x9a17,Good
0x9a18,Good
0x9a19,Good
0x9a22,Poor
0x9a23,Poor
0x9a24,Poor
0x9a25,Poor
0x9a2e,Standard
0x9a2f,Standard
0x9a30,Standard
0x9a31,Poor
0x9a3a,Poor
0x9a3b,Poor
0x9a3c,Poor
0x9a3d,Poor
0x9a46,Poor
0x9a47,Standard
0x9a48,Poor
0x9a49,Poor
0x9a52,Standard
0x9a53,Standard
0x9a54,Standard
0x9a55,Standard
0x9a5e,Good
0x9a5f,Good
0x9a60,Good
0x9a61,Good
0x9a6a,Poor
0x9a6b,Poor
0x9a6c,Poor
0x9a6d,Poor
0x9a76,Good
0x9a77,Standard
0x9a78,Poor
0x9a79,Good
0x9a82,Poor
0x9a83,Poor
0x9a84,Poor
0x9a85,Poor
0x9a8e,Standard
0x9a8f,Standard
0x9a90,Standard
0x9a91,Standard
0x9a9a,Poor
0x9a9b,Poor
0x9a9c,Poor
0x9a9d,Poor
0x9aa6,Poor
0x9aa7,Poor
0x9aa8,Poor
0x9aa9,Poor
0x9ab2,Poor
0x9ab3,Poor
0x9ab4,Poor
0x9ab5,Poor
0x9abe,Poor
0x9abf,Poor
0x9ac0,Poor
0x9ac1,Poor
0x9aca,Good
0x9acb,Good
0x9acc,Good
0x9acd,Good
0x9ad6,Good
0x9ad7,Good
0x9ad8,Good
0x9ad9,Good
0x9ae2,Good
0x9ae3,Good
0x9ae4,Good
0x9ae5,Standard
0x9aee,Good
0x9aef,Good
0x9af0,Good
0x9af1,Good
0x9afa,Good
0x9afb,Good
0x9afc,Good
0x9afd,Good
0x9b06,Good
0x9b07,Good
0x9b08,Good
0x9b09,Good
0x9b12,Good
0x9b13,Good
0x9b14,Good
0x9b15,Good
0x9b1e,Poor
0x9b1f,Poor
0x9b20,Poor
0x9b21,Poor
0x9b2a,Good
0x9b2b,Good
0x9b2c,Good
0x9b2d,Good
0x9b36,Good
0x9b37,Good
0x9b38,Good
0x9b39,Good
0x9b42,Good
0x9b43,Good
0x9b44,Good
0x9b45,Good
0x9b4e,Poor
0x9b4f,Poor
0x9b50,Poor
0x9b51,Poor
0x9b5a,Poor
0x9b5b,Poor
0x9b5c,Poor
0x9b5d,Poor
0x9b66,Poor
0x9b67,Poor
0x9b68,Poor
0x9b69,Poor
0x9b72,Standard
0x9b73,Standard
0x9b74,Standard
0x9b75,Standard
0x9b7e,Good
0x9b7f,Good
0x9b80,Good
0x9b81,Good
0x9b8a,Good
0x9b8b,Good
0x9b8c,Standard
0x9b8d,Good
0x9b96,Good
0x9b97,Good
0x9b98,Good
0x9b99,Good
0x9ba2,Good
0x9ba3,Good
0x9ba4,Good
0x9ba5,Good
0x9bae,Poor
0x9baf,Poor
0x9bb0,Poor
0x9bb1,Poor
0x9bba,Poor
0x9bbb,Poor
0x9bbc,Poor
0x9bbd,Poor
0x9bc6,Poor
0x9bc7,Poor
0x9bc8,Poor
0x9bc9,Poor
0x9bd2,Poor
0x9bd3,Poor
0x9bd4,Poor
0x9bd5,Poor
0x9bde,Good
0x9bdf,Good
0x9be0,Good
0x9be1,Good
0x9bea,Poor
0x9beb,Poor
0x9bec,Poor
0x9bed,Poor
0x9bf6,Good
0x9bf7,Good
0x9bf8,Good
0x9bf9,Good
0x9c02,Standard
0x9c03,Standard
0x9c04,Standard
0x9c05,Standard
0x9c0e,Poor
0x9c0f,Poor
0x9c10,Poor
0x9c11,Poor
0x9c1a,Standard
0x9c1b,Standard
0x9c1c,Standard
0x9c1d,Poor
0x9c26,Standard
0x9c27,Poor
0x9c28,Standard
0x9c29,Standard
0x9c32,Good
0x9c33,Good
0x9c34,Good
0x9c35,Good
0x9c3e,Good
0x9c3f,Good
0x9c40,Good
0x9c41,Good
0x9c4a,Poor
0x9c4b,Poor
0x9c4c,Poor
0x9c4d,Poor
0x9c56,Standard
0x9c57,Standard
0x9c58,Standard
0x9c59,Standard
0x9c62,Poor
0x9c63,Poor
0x9c64,Poor
0x9c65,Poor
0x9c6e,Good
0x9c6f,Good
0x9c70,Good
0x9c71,Good
0x9c7a,Good
0x9c7b,Good
0x9c7c,Good
0x9c7d,Good
0x9c86,Good
0x9c87,Good
0x9c88,Good
0x9c89,Good
0x9c92,Good
0x9c93,Good
0x9c94,Good
0x9c95,Good
0x9c9e,Good
0x9c9f,Good
0x9ca0,Good
0x9ca1,Good
0x9caa,Good
0x9cab,Good
0x9cac,Good
0x9cad,Good
0x9cb6,Good
0x9cb7,Standard
0x9cb8,Standard
0x9cb9,Standard
0x9cc2,Good
0x9cc3,Good
0x9cc4,Good
0x9cc5,Good
0x9cce,Standard
0x9ccf,Standard
0x9cd0,Standard
0x9cd1,Standard
0x9cda,Good
0x9cdb,Good
0x9cdc,Good
0x9cdd,Good
0x9ce6,Standard
0x9ce7,Poor
0x9ce8,Standard
0x9ce9,Standard
0x9cf2,Good
0x9cf3,Good
0x9cf4,Good
0x9cf5,Good
0x9cfe,Good
0x9cff,Good
0x9d00,Good
0x9d01,Good
0x9d0a,Standard
0x9d0b,Standard
0x9d0c,Standard
0x9d0d,Standard
0x9d16,Standard
0x9d17,Standard
0x9d18,Standard
0x9d19,Standard
0x9d22,Good
0x9d23,Good
0x9d24,Good
0x9d25,Good
0x9d2e,Poor
0x9d2f,Poor
0x9d30,Poor
0x9d31,Poor
0x9d3a,Good
0x9d3b,Good
0x9d3c,Good
0x9d3d,Good
0x9d46,Poor
0x9d47,Poor
0x9d48,Poor
0x9d49,Poor
0x9d52,Poor
0x9d53,Poor
0x9d54,Poor
0x9d55,Poor
0x9d5e,Good
0x9d5f,Good
0x9d60,Good
0x9d61,Good
0x9d6a,Standard
0x9d6b,Poor
0x9d6c,Poor
0x9d6d,Poor
0x9d76,Poor
0x9d77,Poor
0x9d78,Poor
0x9d79,Poor
0x9d82,Standard
0x9d83,Good
0x9d84,Good
0x9d85,Good
0x9d8e,Good
0x9d8f,Good
0x9d90,Good
0x9d91,Good
0x9d9a,Poor
0x9d9b,Poor
0x9d9c,Poor
0x9d9d,Poor
0x9da6,Good
0x9da7,Good
0x9da8,Good
0x9da9,Good
0x9db2,Standard
0x9db3,Standard
0x9db4,Standard
0x9db5,Standard
0x9dbe,Poor
0x9dbf,Poor
0x9dc0,Standard
0x9dc1,Poor
0x9dca,Good
0x9dcb,Good
0x9dcc,Good
0x9dcd,Good
0x9dd6,Standard
0x9dd7,Standard
0x9dd8,Standard
0x9dd9,Standard
0x9de2,Standard
0x9de3,Standard
0x9de4,Poor
0x9de5,Standard
0x9dee,Poor
0x9def,Poor
0x9df0,Poor
0x9df1,Poor
0x9dfa,Standard
0x9dfb,Standard
0x9dfc,Standard
0x9dfd,Standard
0x9e06,Poor
0x9e07,Poor
0x9e08,Poor
0x9e09,Poor
0x9e12,Good
0x9e13,Good
0x9e14,Good
0x9e15,Good
0x9e1e,Good
0x9e1f,Good
0x9e20,Good
0x9e21,Good
0x9e2a,Standard
0x9e2b,Poor
0x9e2c,Poor
0x9e2d,Poor
0x9e36,Poor
0x9e37,Poor
0x9e38,Poor
0x9e39,Poor
0x9e42,Good
0x9e43,Good
0x9e44,Good
0x9e45,Good
0x9e4e,Good
0x9e4f,Good
0x9e50,Good
0x9e51,Good
0x9e5a,Good
0x9e5b,Good
0x9e5c,Good
0x9e5d,Good
0x9e66,Standard
0x9e67,Standard
0x9e68,Standard
0x9e69,Standard
0x9e72,Good
0x9e73,Good
0x9e74,Standard
0x9e75,Standard
0x9e7e,Poor
0x9e7f,Poor
0x9e80,Poor
0x9e81,Poor
0x9e8a,Poor
0x9e8b,Poor
0x9e8c,Standard
0x9e8d,Poor
0x9e96,Standard
0x9e97,Standard
0x9e98,Standard
0x9e99,Standard
0x9ea2,Standard
0x9ea3,Standard
0x9ea4,Standard
0x9ea5,Standard
0x9eae,Good
0x9eaf,Standard
0x9eb0,Good
0x9eb1,Standard
0x9eba,Good
0x9ebb,Good
0x9ebc,Good
0x9ebd,Good
0x9ec6,Good
0x9ec7,Good
0x9ec8,Standard
0x9ec9,Good
0x9ed2,Poor
0x9ed3,Poor
0x9ed4,Poor
0x9ed5,Poor
0x9ede,Poor
0x9edf,Poor
0x9ee0,Poor
0x9ee1,Poor
0x9eea,Good
0x9eeb,Good
0x9eec,Good
0x9eed,Good
0x9ef6,Poor
0x9ef7,Poor
0x9ef8,Poor
0x9ef9,Poor
0x9f02,Standard
0x9f03,Standard
0x9f04,Standard
0x9f05,Standard
0x9f0e,Good
0x9f0f,Good
0x9f10,Good
0x9f11,Good
0x9f1a,Good
0x9f1b,Good
0x9f1c,Good
0x9f1d,Good
0x9f26,Poor
0x9f27,Poor
0x9f28,Poor
0x9f29,Poor
0x9f32,Good
0x9f33,Good
0x9f34,Good
0x9f35,Good
0x9f3e,Good
0x9f3f,Good
0x9f40,Good
0x9f41,Good
0x9f4a,Good
0x9f4b,Good
0x9f4c,Good
0x9f4d,Good
0x9f56,Poor
0x9f57,Poor
0x9f58,Poor
0x9f59,Poor
0x9f62,Poor
0x9f63,Poor
0x9f64,Poor
0x9f65,Poor
0x9f6e,Standard
0x9f6f,Standard
0x9f70,Standard
0x9f71,Standard
0x9f7a,Poor
0x9f7b,Poor
0x9f7c,Poor
0x9f7d,Poor
0x9f86,Standard
0x9f87,Standard
0x9f88,Standard
0x9f89,Standard
0x9f92,Poor
0x9f93,Poor
0x9f94,Poor
0x9f95,Poor
0x9f9e,Standard
0x9f9f,Standard
0x9fa0,Standard
0x9fa1,Standard
0x9faa,Poor
0x9fab,Standard
0x9fac,Standard
0x9fad,Poor
0x9fb6,Poor
0x9fb7,Poor
0x9fb8,Poor
0x9fb9,Poor
0x9fc2,Poor
0x9fc3,Poor
0x9fc4,Poor
0x9fc5,Poor
0x9fce,Good
0x9fcf,Good
0x9fd0,Good
0x9fd1,Good
0x9fda,Good
0x9fdb,Good
0x9fdc,Good
0x9fdd,Good
0x9fe6,Poor
0x9fe7,Poor
0x9fe8,Poor
0x9fe9,Poor
0x9ff2,Poor
0x9ff3,Poor
0x9ff4,Poor
0x9ff5,Poor
0x9ffe,Standard
0x9fff,Standard
0xa000,Standard
0xa001,Standard
0xa00a,Poor
0xa00b,Poor
0xa00c,Poor
0xa00d,Poor
0xa016,Poor
0xa017,Poor
0xa018,Poor
0xa019,Poor
0xa022,Good
0xa023,Good
0xa024,Good
0xa025,Good
0xa02e,Standard
0xa02f,Standard
0xa030,Poor
0xa031,Poor
0xa03a,Standard
0xa03b,Standard
0xa03c,Standard
0xa03d,Standard
0xa046,Good
0xa047,Good
0xa048,Good
0xa049,Good
0xa052,Poor
0xa053,Poor
0xa054,Poor
0xa055,Poor
0xa05e,Good
0xa05f,Standard
0xa060,Good
0xa061,Good
0xa06a,Good
0xa06b,Standard
0xa06c,Standard
0xa06d,Good
0xa076,Poor
0xa077,Poor
0xa078,Poor
0xa079,Poor
0xa082,Standard
0xa083,Standard
0xa084,Poor
0xa085,Standard
0xa08e,Standard
0xa08f,Standard
0xa090,Standard
0xa091,Standard
0xa09a,Good
0xa09b,Good
0xa09c,Good
0xa09d,Good
0xa0a6,Good
0xa0a7,Good
0xa0a8,Good
0xa0a9,Good
0xa0b2,Good
0xa0b3,Good
0xa0b4,Good
0xa0b5,Good
0xa0be,Standard
0xa0bf,Standard
0xa0c0,Standard
0xa0c1,Poor
0xa0ca,Good
0xa0cb,Good
0xa0cc,Good
0xa0cd,Good
0xa0d6,Good
0xa0d7,Good
0xa0d8,Good
0xa0d9,Good
0xa0e2,Good
0xa0e3,Good
0xa0e4,Good
0xa0e5,Good
0xa0ee,Standard
0xa0ef,Good
0xa0f0,Good
0xa0f1,Standard
0xa0fa,Poor
0xa0fb,Poor
0xa0fc,Poor
0xa0fd,Poor
0xa106,Good
0xa107,Good
0xa108,Good
0xa109,Good
0xa112,Standard
0xa113,Standard
0xa114,Standard
0xa115,Standard
0xa11e,Standard
0xa11f,Standard
0xa120,Standard
0xa121,Standard
0xa12a,Poor
0xa12b,Poor
0xa12c,Poor
0xa12d,Poor
0xa136,Good
0xa137,Good
0xa138,Good
0xa139,Good
0xa142,Poor
0xa143,Poor
0xa144,Poor
0xa145,Poor
0xa14e,Poor
0xa14f,Poor
0xa150,Poor
0xa151,Poor
0xa15a,Poor
0xa15b,Poor
0xa15c,Poor
0xa15d,Poor
0xa166,Good
0xa167,Good
0xa168,Good
0xa169,Good
0xa172,Good
0xa173,Good
0xa174,Good
0xa175,Good
0xa17e,Good
0xa17f,Good
0xa180,Good
0xa181,Good
0xa18a,Standard
0xa18b,Standard
0xa18c,Standard
0xa18d,Standard
0xa196,Poor
0xa197,Poor
0xa198,Poor
0xa199,Poor
0xa1a2,Poor
0xa1a3,Poor
0xa1a4,Poor
0xa1a5,Poor
0xa1ae,Good
0xa1af,Good
0xa1b0,Good
0xa1b1,Good
0xa1ba,Good
0xa1bb,Standard
0xa1bc,Good
0xa1bd,Good
0xa1c6,Poor
0xa1c7,Poor
0xa1c8,Poor
0xa1c9,Poor
0xa1d2,Poor
0xa1d3,Standard
0xa1d4,Poor
0xa1d5,Standard
0xa1de,Standard
0xa1df,Standard
0xa1e0,Standard
0xa1e1,Standard
0xa1ea,Standard
0xa1eb,Standard
0xa1ec,Standard
0xa1ed,Standard
0xa1f6,Poor
0xa1f7,Poor
0xa1f8,Poor
0xa1f9,Poor
0xa202,Poor
0xa203,Poor
0xa204,Poor
0xa205,Poor
0xa20e,Good
0xa20f,Good
0xa210,Good
0xa211,Good
0xa21a,Poor
0xa21b,Poor
0xa21c,Poor
0xa21d,Poor
0xa226,Poor
0xa227,Standard
0xa228,Poor
0xa229,Standard
0xa232,Good
0xa233,Good
0xa234,Good
0xa235,Good
0xa23e,Poor
0xa23f,Poor
0xa240,Poor
0xa241,Poor
0xa24a,Good
0xa24b,Good
0xa24c,Good
0xa24d,Good
0xa256,Good
0xa257,Good
0xa258,Good
0xa259,Good
0xa262,Good
0xa263,Good
0xa264,Good
0xa265,Good
0xa26e,Poor
0xa26f,Poor
0xa270,Poor
0xa271,Poor
0xa27a,Poor
0xa27b,Poor
0xa27c,Standard
0xa27d,Poor
0xa286,Standard
0xa287,Standard
0xa288,Good
0xa289,Standard
0xa292,Good
0xa293,Good
0xa294,Good
0xa295,Good
0xa29e,Poor
0xa29f,Standard
0xa2a0,Standard
0xa2a1,Standard
0xa2aa,Good
0xa2ab,Good
0xa2ac,Good
0xa2ad,Good
0xa2b6,Poor
0xa2b7,Poor
0xa2b8,Poor
0xa2b9,Poor
0xa2c2,Standard
0xa2c3,Standard
0xa2c4,Standard
0xa2c5,Poor
0xa2ce,Standard
0xa2cf,Poor
0xa2d0,Poor
0xa2d1,Standard
0xa2da,Standard
0xa2db,Standard
0xa2dc,Good
0xa2dd,Standard
0xa2e6,Good
0xa2e7,Good
0xa2e8,Good
0xa2e9,Good
0xa2f2,Good
0xa2f3,Good
0xa2f4,Good
0xa2f5,Good
0xa2fe,Poor
0xa2ff,Poor
0xa300,Poor
0xa301,Poor
0xa30a,Poor
0xa30b,Poor
0xa30c,Poor
0xa30d,Poor
0xa316,Good
0xa317,Good
0xa318,Good
0xa319,Good
0xa322,Poor
0xa323,Standard
0xa324,Standard
0xa325,Poor
0xa32e,Good
0xa32f,Good
0xa330,Good
0xa331,Good
0xa33a,Poor
0xa33b,Poor
0xa33c,Poor
0xa33d,Poor
0xa346,Good
0xa347,Good
0xa348,Good
0xa349,Good
0xa352,Good
0xa353,Good
0xa354,Good
0xa355,Good
0xa35e,Poor
0xa35f,Poor
0xa360,Poor
0xa361,Poor
0xa36a,Good
0xa36b,Good
0xa36c,Good
0xa36d,Good
0xa376,Good
0xa377,Good
0xa378,Good
0xa379,Good
0xa382,Poor
0xa383,Poor
0xa384,Poor
0xa385,Poor
0xa38e,Poor
0xa38f,Poor
0xa390,Poor
0xa391,Poor
0xa39a,Standard
0xa39b,Standard
0xa39c,Standard
0xa39d,Standard
0xa3a6,Poor
0xa3a7,Poor
0xa3a8,Poor
0xa3a9,Poor
0xa3b2,Good
0xa3b3,Good
0xa3b4,Good
0xa3b5,Good
0xa3be,Standard
0xa3bf,Standard
0xa3c0,Standard
0xa3c1,Standard
0xa3ca,Good
0xa3cb,Good
0xa3cc,Good
0xa3cd,Good
0xa3d6,Good
0xa3d7,Good
0xa3d8,Good
0xa3d9,Good
0xa3e2,Poor
0xa3e3,Poor
0xa3e4,Poor
0xa3e5,Poor
0xa3ee,Standard
0xa3ef,Standard
0xa3f0,Standard
0xa3f1,Standard
0xa3fa,Poor
0xa3fb,Poor
0xa3fc,Poor
0xa3fd,Poor
0xa406,Good
0xa407,Good
0xa408,Good
0xa409,Good
0xa412,Poor
0xa413,Poor
0xa414,Poor
0xa415,Poor
0xa41e,Good
0xa41f,Good
0xa420,Good
0xa421,Good
0xa42a,Standard
0xa42b,Standard
0xa42c,Standard
0xa42d,Standard
0xa436,Good
0xa437,Good
0xa438,Good
0xa439,Good
0xa442,Good
0xa443,Good
0xa444,Good
0xa445,Good
0xa44e,Standard
0xa44f,Standard
0xa450,Standard
0xa451,Standard
0xa45a,Standard
0xa45b,Standard
0xa45c,Standard
0xa45d,Standard
0xa466,Good
0xa467,Good
0xa468,Good
0xa469,Good
0xa472,Standard
0xa473,Standard
0xa474,Standard
0xa475,Standard
0xa47e,Good
0xa47f,Good
0xa480,Good
0xa481,Good
0xa48a,Good
0xa48b,Good
0xa48c,Good
0xa48d,Good
0xa496,Poor
0xa497,Poor
0xa498,Poor
0xa499,Poor
0xa4a2,Poor
0xa4a3,Poor
0xa4a4,Poor
0xa4a5,Poor
0xa4ae,Good
0xa4af,Good
0xa4b0,Good
0xa4b1,Good
0xa4ba,Poor
0xa4bb,Poor
0xa4bc,Poor
0xa4bd,Poor
0xa4c6,Poor
0xa4c7,Poor
0xa4c8,Poor
0xa4c9,Poor
0xa4d2,Standard
0xa4d3,Poor
0xa4d4,Standard
0xa4d5,Standard
0xa4de,Good
0xa4df,Good
0xa4e0,Good
0xa4e1,Good
0xa4ea,Poor
0xa4eb,Poor
0xa4ec,Poor
0xa4ed,Poor
0xa4f6,Standard
0xa4f7,Standard
0xa4f8,Standard
0xa4f9,Standard
0xa502,Poor
0xa503,Poor
0xa504,Poor
0xa505,Poor
0xa50e,Good
0xa50f,Good
0xa510,Good
0xa511,Good
0xa51a,Standard
0xa51b,Standard
0xa51c,Standard
0xa51d,Poor
0xa526,Poor
0xa527,Poor
0xa528,Poor
0xa529,Poor
0xa532,Poor
0xa533,Poor
0xa534,Poor
0xa535,Poor
0xa53e,Good
0xa53f,Good
0xa540,Good
0xa541,Good
0xa54a,Standard
0xa54b,Standard
0xa54c,Good
0xa54d,Standard
0xa556,Good
0xa557,Good
0xa558,Good
0xa559,Good
0xa562,Standard
0xa563,Standard
0xa564,Standard
0xa565,Standard
0xa56e,Standard
0xa56f,Standard
0xa570,Standard
0xa571,Standard
0xa57a,Poor
0xa57b,Poor
0xa57c,Poor
0xa57d,Poor
0xa586,Good
0xa587,Good
0xa588,Good
0xa589,Good
0xa592,Good
0xa593,Good
0xa594,Good
0xa595,Good
0xa59e,Poor
0xa59f,Standard
0xa5a0,Standard
0xa5a1,Standard
0xa5aa,Good
0xa5ab,Good
0xa5ac,Good
0xa5ad,Good
0xa5b6,Standard
0xa5b7,Standard
0xa5b8,Standard
0xa5b9,Standard
0xa5c2,Good
0xa5c3,Good
0xa5c4,Good
0xa5c5,Good
0xa5ce,Good
0xa5cf,Good
0xa5d0,Good
0xa5d1,Good
0xa5da,Standard
0xa5db,Standard
0xa5dc,Poor
0xa5dd,Standard
0xa5e6,Good
0xa5e7,Good
0xa5e8,Good
0xa5e9,Good
0xa5f2,Good
0xa5f3,Good
0xa5f4,Good
0xa5f5,Good
0xa5fe,Good
0xa5ff,Good
0xa600,Good
0xa601,Good
0xa60a,Poor
0xa60b,Poor
0xa60c,Poor
0xa60d,Poor
0xa616,Good
0xa617,Good
0xa618,Good
0xa619,Good
0xa622,Good
0xa623,Good
0xa624,Good
0xa625,Good
0xa62e,Good
0xa62f,Good
0xa630,Good
0xa631,Good
0xa63a,Poor
0xa63b,Poor
0xa63c,Poor
0xa63d,Poor
0xa646,Good
0xa647,Good
0xa648,Good
0xa649,Good
0xa652,Poor
0xa653,Poor
0xa654,Poor
0xa655,Poor
0xa65e,Good
0xa65f,Poor
0xa660,Good
0xa661,Good
0xa66a,Poor
0xa66b,Poor
0xa66c,Poor
0xa66d,Poor
0xa676,Good
0xa677,Good
0xa678,Good
0xa679,Good
0xa682,Poor
0xa683,Poor
0xa684,Poor
0xa685,Poor
0xa68e,Good
0xa68f,Good
0xa690,Good
0xa691,Good
0xa69a,Good
0xa69b,Good
0xa69c,Good
0xa69d,Good
0xa6a6,Poor
0xa6a7,Poor
0xa6a8,Poor
0xa6a9,Poor
0xa6b2,Good
0xa6b3,Good
0xa6b4,Good
0xa6b5,Good
0xa6be,Poor
0xa6bf,Poor
0xa6c0,Poor
0xa6c1,Poor
0xa6ca,Good
0xa6cb,Good
0xa6cc,Good
0xa6cd,Good
0xa6d6,Standard
0xa6d7,Standard
0xa6d8,Standard
0xa6d9,Standard
0xa6e2,Poor
0xa6e3,Poor
0xa6e4,Poor
0xa6e5,Poor
0xa6ee,Poor
0xa6ef,Poor
0xa6f0,Poor
0xa6f1,Poor
0xa6fa,Good
0xa6fb,Good
0xa6fc,Good
0xa6fd,Good
0xa706,Standard
0xa707,Poor
0xa708,Standard
0xa709,Standard
0xa712,Good
0xa713,Good
0xa714,Good
0xa715,Good
0xa71e,Poor
0xa71f,Poor
0xa720,Poor
0xa721,Poor
0xa72a,Standard
0xa72b,Standard
0xa72c,Standard
0xa72d,Standard
0xa736,Standard
0xa737,Good
0xa738,Good
0xa739,Good
0xa742,Good
0xa743,Good
0xa744,Good
0xa745,Good
0xa74e,Good
0xa74f,Good
0xa750,Good
0xa751,Standard
0xa75a,Poor
0xa75b,Poor
0xa75c,Poor
0xa75d,Poor
0xa766,Poor
0xa767,Poor
0xa768,Poor
0xa769,Poor
0xa772,Poor
0xa773,Standard
0xa774,Poor
0xa775,Standard
0xa77e,Good
0xa77f,Good
0xa780,Good
0xa781,Good
0xa78a,Standard
0xa78b,Standard
0xa78c,Standard
0xa78d,Standard
0xa796,Good
0xa797,Good
0xa798,Good
0xa799,Good
0xa7a2,Good
0xa7a3,Good
0xa7a4,Good
0xa7a5,Good
0xa7ae,Good
0xa7af,Good
0xa7b0,Good
0xa7b1,Good
0xa7ba,Standard
0xa7bb,Standard
0xa7bc,Standard
0xa7bd,Standard
0xa7c6,Good
0xa7c7,Good
0xa7c8,Good
0xa7c9,Good
0xa7d2,Standard
0xa7d3,Poor
0xa7d4,Standard
0xa7d5,Standard
0xa7de,Standard
0xa7df,Standard
0xa7e0,Standard
0xa7e1,Standard
0xa7ea,Good
0xa7eb,Good
0xa7ec,Good
0xa7ed,Good
0xa7f6,Poor
0xa7f7,Poor
0xa7f8,Poor
0xa7f9,Poor
0xa802,Good
0xa803,Good
0xa804,Good
0xa805,Good
0xa80e,Good
0xa80f,Good
0xa810,Good
0xa811,Good
0xa81a,Good
0xa81b,Good
0xa81c,Good
0xa81d,Good
0xa826,Good
0xa827,Good
0xa828,Good
0xa829,Good
0xa832,Good
0xa833,Good
0xa834,Good
0xa835,Good
0xa83e,Standard
0xa83f,Standard
0xa840,Standard
0xa841,Standard
0xa84a,Good
0xa84b,Good
0xa84c,Good
0xa84d,Good
0xa856,Poor
0xa857,Poor
0xa858,Poor
0xa859,Poor
0xa862,Good
0xa863,Good
0xa864,Good
0xa865,Good
0xa86e,Good
0xa86f,Good
0xa870,Good
0xa871,Good
0xa87a,Standard
0xa87b,Standard
0xa87c,Poor
0xa87d,Poor
0xa886,Good
0xa887,Good
0xa888,Good
0xa889,Good
0xa892,Poor
0xa893,Poor
0xa894,Poor
0xa895,Poor
0xa89e,Good
0xa89f,Good
0xa8a0,Good
0xa8a1,Good
0xa8aa,Poor
0xa8ab,Poor
0xa8ac,Poor
0xa8ad,Poor
0xa8b6,Good
0xa8b7,Good
0xa8b8,Good
0xa8b9,Good
0xa8c2,Poor
0xa8c3,Standard
0xa8c4,Standard
0xa8c5,Poor
0xa8ce,Standard
0xa8cf,Good
0xa8d0,Good
0xa8d1,Good
0xa8da,Good
0xa8db,Good
0xa8dc,Good
0xa8dd,Good
0xa8e6,Standard
0xa8e7,Poor
0xa8e8,Standard
0xa8e9,Standard
0xa8f2,Poor
0xa8f3,Poor
0xa8f4,Poor
0xa8f5,Poor
0xa8fe,Standard
0xa8ff,Standard
0xa900,Standard
0xa901,Standard
0xa90a,Standard
0xa90b,Good
0xa90c,Good
0xa90d,Good
0xa916,Good
0xa917,Good
0xa918,Good
0xa919,Good
0xa922,Good
0xa923,Good
0xa924,Good
0xa925,Good
0xa92e,Poor
0xa92f,Poor
0xa930,Poor
0xa931,Poor
0xa93a,Poor
0xa93b,Poor
0xa93c,Standard
0xa93d,Poor
0xa946,Good
0xa947,Good
0xa948,Good
0xa949,Good
0xa952,Good
0xa953,Good
0xa954,Good
0xa955,Good
0xa95e,Standard
0xa95f,Standard
0xa960,Standard
0xa961,Standard
0xa96a,Poor
0xa96b,Poor
0xa96c,Poor
0xa96d,Poor
0xa976,Good
0xa977,Good
0xa978,Good
0xa979,Good
0xa982,Poor
0xa983,Poor
0xa984,Poor
0xa985,Poor
0xa98e,Good
0xa98f,Good
0xa990,Good
0xa991,Good
0xa99a,Standard
0xa99b,Good
0xa99c,Standard
0xa99d,Standard
0xa9a6,Poor
0xa9a7,Poor
0xa9a8,Poor
0xa9a9,Poor
0xa9b2,Standard
0xa9b3,Standard
0xa9b4,Standard
0xa9b5,Standard
0xa9be,Good
0xa9bf,Good
0xa9c0,Good
0xa9c1,Good
0xa9ca,Standard
0xa9cb,Good
0xa9cc,Good
0xa9cd,Good
0xa9d6,Good
0xa9d7,Standard
0xa9d8,Good
0xa9d9,Good
0xa9e2,Good
0xa9e3,Good
0xa9e4,Good
0xa9e5,Good
0xa9ee,Good
0xa9ef,Good
0xa9f0,Good
0xa9f1,Good
0xa9fa,Poor
0xa9fb,Standard
0xa9fc,Standard
0xa9fd,Standard
0xaa06,Poor
0xaa07,Poor
0xaa08,Poor
0xaa09,Poor
0xaa12,Poor
0xaa13,Poor
0xaa14,Poor
0xaa15,Standard
0xaa1e,Poor
0xaa1f,Poor
0xaa20,Poor
0xaa21,Poor
0xaa2a,Poor
0xaa2b,Poor
0xaa2c,Poor
0xaa2d,Poor
0xaa36,Good
0xaa37,Good
0xaa38,Good
0xaa39,Good
0xaa42,Good
0xaa43,Good
0xaa44,Good
0xaa45,Good
0xaa4e,Poor
0xaa4f,Poor
0xaa50,Poor
0xaa51,Poor
0xaa5a,Good
0xaa5b,Good
0xaa5c,Good
0xaa5d,Good
0xaa66,Good
0xaa67,Good
0xaa68,Good
0xaa69,Good
0xaa72,Standard
0xaa73,Standard
0xaa74,Standard
0xaa75,Standard
0xaa7e,Standard
0xaa7f,Good
0xaa80,Good
0xaa81,Poor
0xaa8a,Good
0xaa8b,Good
0xaa8c,Good
0xaa8d,Good
0xaa96,Standard
0xaa97,Standard
0xaa98,Standard
0xaa99,Good
0xaaa2,Standard
0xaaa3,Standard
0xaaa4,Standard
0xaaa5,Standard
0xaaae,Good
0xaaaf,Good
0xaab0,Good
0xaab1,Good
0xaaba,Good
0xaabb,Good
0xaabc,Good
0xaabd,Good
0xaac6,Good
0xaac7,Good
0xaac8,Good
0xaac9,Good
0xaad2,Good
0xaad3,Good
0xaad4,Good
0xaad5,Good
0xaade,Good
0xaadf,Good
0xaae0,Good
0xaae1,Good
0xaaea,Poor
0xaaeb,Poor
0xaaec,Poor
0xaaed,Poor
0xaaf6,Good
0xaaf7,Standard
0xaaf8,Good
0xaaf9,Good
0xab02,Good
0xab03,Good
0xab04,Good
0xab05,Good
0xab0e,Poor
0xab0f,Poor
0xab10,Poor
0xab11,Poor
0xab1a,Good
0xab1b,Good
0xab1c,Good
0xab1d,Good
0xab26,Good
0xab27,Good
0xab28,Good
0xab29,Standard
0xab32,Good
0xab33,Good
0xab34,Good
0xab35,Good
0xab3e,Poor
0xab3f,Poor
0xab40,Poor
0xab41,Poor
0xab4a,Poor
0xab4b,Standard
0xab4c,Standard
0xab4d,Poor
0xab56,Poor
0xab57,Poor
0xab58,Poor
0xab59,Poor
0xab62,Good
0xab63,Good
0xab64,Good
0xab65,Good
0xab6e,Standard
0xab6f,Poor
0xab70,Poor
0xab71,Poor
0xab7a,Good
0xab7b,Good
0xab7c,Good
0xab7d,Good
0xab86,Good
0xab87,Good
0xab88,Good
0xab89,Good
0xab92,Standard
0xab93,Standard
0xab94,Standard
0xab95,Standard
0xab9e,Good
0xab9f,Good
0xaba0,Good
0xaba1,Good
0xabaa,Standard
0xabab,Standard
0xabac,Poor
0xabad,Standard
0xabb6,Poor
0xabb7,Poor
0xabb8,Poor
0xabb9,Poor
0xabc2,Good
0xabc3,Good
0xabc4,Good
0xabc5,Good
0xabce,Poor
0xabcf,Poor
0xabd0,Poor
0xabd1,Poor
0xabda,Good
0xabdb,Good
0xabdc,Good
0xabdd,Good
0xabe6,Standard
0xabe7,Standard
0xabe8,Standard
0xabe9,Standard
0xabf2,Poor
0xabf3,Poor
0xabf4,Poor
0xabf5,Poor
0xabfe,Good
0xabff,Good
0xac00,Good
0xac01,Good
0xac0a,Poor
0xac0b,Poor
0xac0c,Poor
0xac0d,Poor
0xac16,Poor
0xac17,Standard
0xac18,Poor
0xac19,Standard
0xac22,Good
0xac23,Good
0xac24,Good
0xac25,Good
0xac2e,Poor
0xac2f,Poor
0xac30,Poor
0xac31,Poor
0xac3a,Standard
0xac3b,Standard
0xac3c,Poor
0xac3d,Standard
0xac46,Good
0xac47,Good
0xac48,Good
0xac49,Good
0xac52,Poor
0xac53,Poor
0xac54,Poor
0xac55,Poor
0xac5e,Poor
0xac5f,Poor
0xac60,Poor
0xac61,Poor
0xac6a,Poor
0xac6b,Poor
0xac6c,Poor
0xac6d,Poor
0xac76,Poor
0xac77,Poor
0xac78,Poor
0xac79,Poor
0xac82,Good
0xac83,Good
0xac84,Good
0xac85,Good
0xac8e,Poor
0xac8f,Poor
0xac90,Poor
0xac91,Poor
0xac9a,Good
0xac9b,Good
0xac9c,Good
0xac9d,Good
0xaca6,Poor
0xaca7,Poor
0xaca8,Poor
0xaca9,Poor
0xacb2,Good
0xacb3,Good
0xacb4,Good
0xacb5,Good
0xacbe,Good
0xacbf,Good
0xacc0,Good
0xacc1,Good
0xacca,Poor
0xaccb,Poor
0xaccc,Poor
0xaccd,Poor
0xacd6,Good
0xacd7,Good
0xacd8,Good
0xacd9,Good
0xace2,Good
0xace3,Good
0xace4,Good
0xace5,Good
0xacee,Poor
0xacef,Poor
0xacf0,Poor
0xacf1,Poor
0xacfa,Good
0xacfb,Good
0xacfc,Good
0xacfd,Good
0xad06,Poor
0xad07,Poor
0xad08,Poor
0xad09,Poor
0xad12,Good
0xad13,Good
0xad14,Good
0xad15,Good
0xad1e,Standard
0xad1f,Poor
0xad20,Good
0xad21,Standard
0xad2a,Good
0xad2b,Good
0xad2c,Good
0xad2d,Good
0xad36,Good
0xad37,Standard
0xad38,Standard
0xad39,Good
0xad42,Poor
0xad43,Poor
0xad44,Poor
0xad45,Poor
0xad4e,Good
0xad4f,Good
0xad50,Good
0xad51,Good
0xad5a,Good
0xad5b,Good
0xad5c,Good
0xad5d,Good
0xad66,Standard
0xad67,Standard
0xad68,Standard
0xad69,Poor
0xad72,Standard
0xad73,Good
0xad74,Good
0xad75,Good
0xad7e,Poor
0xad7f,Poor
0xad80,Poor
0xad81,Poor
0xad8a,Poor
0xad8b,Standard
0xad8c,Standard
0xad8d,Poor
0xad96,Good
0xad97,Good
0xad98,Good
0xad99,Good
0xada2,Good
0xada3,Good
0xada4,Good
0xada5,Good
0xadae,Good
0xadaf,Good
0xadb0,Good
0xadb1,Good
0xadba,Poor
0xadbb,Poor
0xadbc,Poor
0xadbd,Poor
0xadc6,Poor
0xadc7,Poor
0xadc8,Poor
0xadc9,Poor
0xadd2,Good
0xadd3,Good
0xadd4,Good
0xadd5,Good
0xadde,Good
0xaddf,Good
0xade0,Good
0xade1,Good
0xadea,Poor
0xadeb,Poor
0xadec,Poor
0xaded,Poor
0xadf6,Poor
0xadf7,Poor
0xadf8,Poor
0xadf9,Poor
0xae02,Poor
0xae03,Poor
0xae04,Poor
0xae05,Poor
0xae0e,Poor
0xae0f,Poor
0xae10,Poor
0xae11,Poor
0xae1a,Good
0xae1b,Good
0xae1c,Good
0xae1d,Standard
0xae26,Good
0xae27,Good
0xae28,Good
0xae29,Good
0xae32,Poor
0xae33,Poor
0xae34,Poor
0xae35,Poor
0xae3e,Standard
0xae3f,Standard
0xae40,Standard
0xae41,Standard
0xae4a,Good
0xae4b,Good
0xae4c,Good
0xae4d,Good
0xae56,Good
0xae57,Good
0xae58,Good
0xae59,Good
0xae62,Poor
0xae63,Poor
0xae64,Poor
0xae65,Poor
0xae6e,Good
0xae6f,Good
0xae70,Good
0xae71,Good
0xae7a,Good
0xae7b,Good
0xae7c,Good
0xae7d,Good
0xae86,Good
0xae87,Good
0xae88,Good
0xae89,Good
0xae92,Poor
0xae93,Poor
0xae94,Poor
0xae95,Poor
0xae9e,Good
0xae9f,Good
0xaea0,Good
0xaea1,Good
0xaeaa,Poor
0xaeab,Poor
0xaeac,Poor
0xaead,Poor
0xaeb6,Good
0xaeb7,Good
0xaeb8,Good
0xaeb9,Good
0xaec2,Good
0xaec3,Good
0xaec4,Good
0xaec5,Good
0xaece,Standard
0xaecf,Standard
0xaed0,Standard
0xaed1,Standard
0xaeda,Good
0xaedb,Good
0xaedc,Good
0xaedd,Good
0xaee6,Good
0xaee7,Good
0xaee8,Good
0xaee9,Good
0xaef2,Poor
0xaef3,Poor
0xaef4,Poor
0xaef5,Poor
0xaefe,Poor
0xaeff,Poor
0xaf00,Poor
0xaf01,Poor
0xaf0a,Standard
0xaf0b,Standard
0xaf0c,Standard
0xaf0d,Standard
0xaf16,Poor
0xaf17,Standard
0xaf18,Standard
0xaf19,Standard
0xaf22,Poor
0xaf23,Poor
0xaf24,Poor
0xaf25,Poor
0xaf2e,Standard
0xaf2f,Standard
0xaf30,Standard
0xaf31,Standard
0xaf3a,Good
0xaf3b,Good
0xaf3c,Good
0xaf3d,Good
0xaf46,Standard
0xaf47,Standard
0xaf48,Standard
0xaf49,Poor
0xaf52,Good
0xaf53,Good
0xaf54,Good
0xaf55,Good
0xaf5e,Good
0xaf5f,Good
0xaf60,Good
0xaf61,Good
0xaf6a,Good
0xaf6b,Good
0xaf6c,Standard
0xaf6d,Good
0xaf76,Good
0xaf77,Good
0xaf78,Good
0xaf79,Good
0xaf82,Good
0xaf83,Good
0xaf84,Good
0xaf85,Standard
0xaf8e,Good
0xaf8f,Good
0xaf90,Good
0xaf91,Standard
0xaf9a,Good
0xaf9b,Good
0xaf9c,Good
0xaf9d,Good
0xafa6,Poor
0xafa7,Poor
0xafa8,Poor
0xafa9,Poor
0xafb2,Good
0xafb3,Good
0xafb4,Good
0xafb5,Good
0xafbe,Good
0xafbf,Good
0xafc0,Good
0xafc1,Good
0xafca,Poor
0xafcb,Standard
0xafcc,Poor
0xafcd,Standard
0xafd6,Poor
0xafd7,Poor
0xafd8,Poor
0xafd9,Poor
0xafe2,Standard
0xafe3,Standard
0xafe4,Standard
0xafe5,Poor
0xafee,Standard
0xafef,Standard
0xaff0,Standard
0xaff1,Standard
0xaffa,Poor
0xaffb,Poor
0xaffc,Poor
0xaffd,Poor
0xb006,Poor
0xb007,Poor
0xb008,Poor
0xb009,Poor
0xb012,Good
0xb013,Good
0xb014,Good
0xb015,Good
0xb01e,Good
0xb01f,Good
0xb020,Good
0xb021,Good
0xb02a,Good
0xb02b,Good
0xb02c,Good
0xb02d,Good
0xb036,Good
0xb037,Good
0xb038,Good
0xb039,Good
0xb042,Good
0xb043,Good
0xb044,Good
0xb045,Good
0xb04e,Good
0xb04f,Good
0xb050,Good
0xb051,Good
0xb05a,Poor
0xb05b,Poor
0xb05c,Poor
0xb05d,Poor
0xb066,Standard
0xb067,Standard
0xb068,Standard
0xb069,Standard
0xb072,Poor
0xb073,Poor
0xb074,Poor
0xb075,Poor
0xb07e,Good
0xb07f,Good
0xb080,Good
0xb081,Good
0xb08a,Standard
0xb08b,Poor
0xb08c,Standard
0xb08d,Poor
0xb096,Standard
0xb097,Standard
0xb098,Standard
0xb099,Standard
0xb0a2,Poor
0xb0a3,Standard
0xb0a4,Poor
0xb0a5,Standard
0xb0ae,Standard
0xb0af,Standard
0xb0b0,Standard
0xb0b1,Standard
0xb0ba,Good
0xb0bb,Good
0xb0bc,Good
0xb0bd,Good
0xb0c6,Good
0xb0c7,Good
0xb0c8,Good
0xb0c9,Good
0xb0d2,Poor
0xb0d3,Poor
0xb0d4,Poor
0xb0d5,Poor
0xb0de,Good
0xb0df,Good
0xb0e0,Good
0xb0e1,Good
0xb0ea,Poor
0xb0eb,Poor
0xb0ec,Poor
0xb0ed,Poor
0xb0f6,Poor
0xb0f7,Poor
0xb0f8,Poor
0xb0f9,Poor
0xb102,Good
0xb103,Good
0xb104,Good
0xb105,Good
0xb10e,Good
0xb10f,Good
0xb110,Good
0xb111,Good
0xb11a,Standard
0xb11b,Good
0xb11c,Good
0xb11d,Good
0xb126,Poor
0xb127,Poor
0xb128,Poor
0xb129,Poor
0xb132,Poor
0xb133,Poor
0xb134,Poor
0xb135,Poor
0xb13e,Good
0xb13f,Standard
0xb140,Good
0xb141,Standard
0xb14a,Good
0xb14b,Good
0xb14c,Good
0xb14d,Good
0xb156,Good
0xb157,Standard
0xb158,Good
0xb159,Standard
0xb162,Poor
0xb163,Poor
0xb164,Poor
0xb165,Poor
0xb16e,Poor
0xb16f,Poor
0xb170,Poor
0xb171,Poor
0xb17a,Good
0xb17b,Good
0xb17c,Good
0xb17d,Good
0xb186,Good
0xb187,Good
0xb188,Good
0xb189,Good
0xb192,Standard
0xb193,Standard
0xb194,Standard
0xb195,Standard
0xb19e,Standard
0xb19f,Standard
0xb1a0,Standard
0xb1a1,Standard
0xb1aa,Standard
0xb1ab,Standard
0xb1ac,Standard
0xb1ad,Standard
0xb1b6,Standard
0xb1b7,Standard
0xb1b8,Standard
0xb1b9,Standard
0xb1c2,Good
0xb1c3,Good
0xb1c4,Good
0xb1c5,Good
0xb1ce,Good
0xb1cf,Good
0xb1d0,Good
0xb1d1,Good
0xb1da,Poor
0xb1db,Poor
0xb1dc,Poor
0xb1dd,Poor
0xb1e6,Good
0xb1e7,Good
0xb1e8,Good
0xb1e9,Good
0xb1f2,Good
0xb1f3,Good
0xb1f4,Good
0xb1f5,Good
0xb1fe,Good
0xb1ff,Good
0xb200,Good
0xb201,Good
0xb20a,Poor
0xb20b,Standard
0xb20c,Poor
0xb20d,Poor
0xb216,Standard
0xb217,Standard
0xb218,Standard
0xb219,Standard
0xb222,Standard
0xb223,Poor
0xb224,Standard
0xb225,Standard
0xb22e,Good
0xb22f,Good
0xb230,Good
0xb231,Standard
0xb23a,Standard
0xb23b,Standard
0xb23c,Standard
0xb23d,Standard
0xb246,Poor
0xb247,Poor
0xb248,Poor
0xb249,Poor
0xb252,Good
0xb253,Good
0xb254,Good
0xb255,Good
0xb25e,Good
0xb25f,Good
0xb260,Good
0xb261,Good
0xb26a,Standard
0xb26b,Standard
0xb26c,Standard
0xb26d,Standard
0xb276,Standard
0xb277,Standard
0xb278,Standard
0xb279,Good
0xb282,Poor
0xb283,Poor
0xb284,Poor
0xb285,Poor
0xb28e,Good
0xb28f,Good
0xb290,Good
0xb291,Good
0xb29a,Poor
0xb29b,Poor
0xb29c,Poor
0xb29d,Poor
0xb2a6,Poor
0xb2a7,Poor
0xb2a8,Poor
0xb2a9,Poor
0xb2b2,Standard
0xb2b3,Good
0xb2b4,Good
0xb2b5,Good
0xb2be,Good
0xb2bf,Good
0xb2c0,Good
0xb2c1,Good
0xb2ca,Good
0xb2cb,Good
0xb2cc,Good
0xb2cd,Good
0xb2d6,Standard
0xb2d7,Good
0xb2d8,Standard
0xb2d9,Standard
0xb2e2,Good
0xb2e3,Good
0xb2e4,Good
0xb2e5,Good
0xb2ee,Good
0xb2ef,Good
0xb2f0,Good
0xb2f1,Good
0xb2fa,Good
0xb2fb,Good
0xb2fc,Good
0xb2fd,Good
0xb306,Standard
0xb307,Standard
0xb308,Standard
0xb309,Standard
0xb312,Poor
0xb313,Poor
0xb314,Poor
0xb315,Poor
0xb31e,Good
0xb31f,Good
0xb320,Good
0xb321,Good
0xb32a,Good
0xb32b,Good
0xb32c,Good
0xb32d,Good
0xb336,Good
0xb337,Good
0xb338,Good
0xb339,Good
0xb342,Poor
0xb343,Poor
0xb344,Poor
0xb345,Poor
0xb34e,Poor
0xb34f,Poor
0xb350,Poor
0xb351,Poor
0xb35a,Good
0xb35b,Good
0xb35c,Good
0xb35d,Good
0xb366,Poor
0xb367,Poor
0xb368,Poor
0xb369,Poor
0xb372,Good
0xb373,Good
0xb374,Good
0xb375,Good
0xb37e,Good
0xb37f,Good
0xb380,Good
0xb381,Good
0xb38a,Standard
0xb38b,Standard
0xb38c,Poor
0xb38d,Poor
0xb396,Good
0xb397,Good
0xb398,Good
0xb399,Standard
0xb3a2,Good
0xb3a3,Good
0xb3a4,Good
0xb3a5,Good
0xb3ae,Poor
0xb3af,Standard
0xb3b0,Standard
0xb3b1,Standard
0xb3ba,Poor
0xb3bb,Poor
0xb3bc,Poor
0xb3bd,Poor
0xb3c6,Good
0xb3c7,Good
0xb3c8,Good
0xb3c9,Good
0xb3d2,Poor
0xb3d3,Standard
0xb3d4,Standard
0xb3d5,Standard
0xb3de,Good
0xb3df,Good
0xb3e0,Good
0xb3e1,Good
0xb3ea,Standard
0xb3eb,Standard
0xb3ec,Poor
0xb3ed,Standard
0xb3f6,Standard
0xb3f7,Standard
0xb3f8,Standard
0xb3f9,Standard
0xb402,Poor
0xb403,Poor
0xb404,Poor
0xb405,Poor
0xb40e,Good
0xb40f,Good
0xb410,Good
0xb411,Good
0xb41a,Poor
0xb41b,Poor
0xb41c,Poor
0xb41d,Poor
0xb426,Good
0xb427,Good
0xb428,Good
0xb429,Good
0xb432,Good
0xb433,Good
0xb434,Good
0xb435,Good
0xb43e,Poor
0xb43f,Poor
0xb440,Poor
0xb441,Poor
0xb44a,Good
0xb44b,Good
0xb44c,Good
0xb44d,Good
0xb456,Good
0xb457,Good
0xb458,Good
0xb459,Good
0xb462,Good
0xb463,Good
0xb464,Good
0xb465,Good
0xb46e,Standard
0xb46f,Standard
0xb470,Standard
0xb471,Standard
0xb47a,Good
0xb47b,Good
0xb47c,Good
0xb47d,Good
0xb486,Good
0xb487,Good
0xb488,Good
0xb489,Standard
0xb492,Poor
0xb493,Poor
0xb494,Poor
0xb495,Poor
0xb49e,Good
0xb49f,Standard
0xb4a0,Good
0xb4a1,Good
0xb4aa,Good
0xb4ab,Good
0xb4ac,Good
0xb4ad,Good
0xb4b6,Good
0xb4b7,Good
0xb4b8,Good
0xb4b9,Good
0xb4c2,Poor
0xb4c3,Standard
0xb4c4,Standard
0xb4c5,Standard
0xb4ce,Good
0xb4cf,Good
0xb4d0,Good
0xb4d1,Good
0xb4da,Good
0xb4db,Good
0xb4dc,Good
0xb4dd,Standard
0xb4e6,Standard
0xb4e7,Poor
0xb4e8,Standard
0xb4e9,Standard
0xb4f2,Standard
0xb4f3,Standard
0xb4f4,Standard
0xb4f5,Good
0xb4fe,Poor
0xb4ff,Poor
0xb500,Poor
0xb501,Poor
0xb50a,Standard
0xb50b,Standard
0xb50c,Standard
0xb50d,Standard
0xb516,Good
0xb517,Good
0xb518,Good
0xb519,Good
0xb522,Standard
0xb523,Standard
0xb524,Standard
0xb525,Standard
0xb52e,Standard
0xb52f,Good
0xb530,Good
0xb531,Good
0xb53a,Standard
0xb53b,Standard
0xb53c,Standard
0xb53d,Standard
0xb546,Good
0xb547,Good
0xb548,Good
0xb549,Good
0xb552,Poor
0xb553,Poor
0xb554,Poor
0xb555,Poor
0xb55e,Good
0xb55f,Good
0xb560,Good
0xb561,Good
0xb56a,Good
0xb56b,Good
0xb56c,Good
0xb56d,Good
0xb576,Poor
0xb577,Poor
0xb578,Standard
0xb579,Poor
0xb582,Good
0xb583,Good
0xb584,Good
0xb585,Good
0xb58e,Standard
0xb58f,Standard
0xb590,Standard
0xb591,Standard
0xb59a,Good
0xb59b,Good
0xb59c,Good
0xb59d,Good
0xb5a6,Good
0xb5a7,Good
0xb5a8,Good
0xb5a9,Good
0xb5b2,Poor
0xb5b3,Poor
0xb5b4,Poor
0xb5b5,Poor
0xb5be,Good
0xb5bf,Good
0xb5c0,Good
0xb5c1,Good
0xb5ca,Standard
0xb5cb,Good
0xb5cc,Good
0xb5cd,Good
0xb5d6,Good
0xb5d7,Good
0xb5d8,Good
0xb5d9,Good
0xb5e2,Standard
0xb5e3,Good
0xb5e4,Good
0xb5e5,Good
0xb5ee,Poor
0xb5ef,Poor
0xb5f0,Poor
0xb5f1,Poor
0xb5fa,Good
0xb5fb,Standard
0xb5fc,Good
0xb5fd,Good
0xb606,Standard
0xb607,Standard
0xb608,Standard
0xb609,Standard
0xb612,Good
0xb613,Good
0xb614,Good
0xb615,Good
0xb61e,Standard
0xb61f,Standard
0xb620,Standard
0xb621,Standard
0xb62a,Good
0xb62b,Good
0xb62c,Good
0xb62d,Good
0xb636,Good
0xb637,Good
0xb638,Good
0xb639,Good
0xb642,Standard
0xb643,Standard
0xb644,Standard
0xb645,Poor
0xb64e,Good
0xb64f,Good
0xb650,Good
0xb651,Good
0xb65a,Good
0xb65b,Good
0xb65c,Good
0xb65d,Good
0xb666,Standard
0xb667,Standard
0xb668,Standard
0xb669,Standard
0xb672,Poor
0xb673,Poor
0xb674,Poor
0xb675,Poor
0xb67e,Good
0xb67f,Good
0xb680,Good
0xb681,Good
0xb68a,Good
0xb68b,Good
0xb68c,Good
0xb68d,Good
0xb696,Good
0xb697,Standard
0xb698,Good
0xb699,Standard
0xb6a2,Good
0xb6a3,Good
0xb6a4,Good
0xb6a5,Good
0xb6ae,Poor
0xb6af,Poor
0xb6b0,Poor
0xb6b1,Poor
0xb6ba,Poor
0xb6bb,Poor
0xb6bc,Poor
0xb6bd,Poor
0xb6c6,Good
0xb6c7,Good
0xb6c8,Good
0xb6c9,Good
0xb6d2,Good
0xb6d3,Good
0xb6d4,Good
0xb6d5,Good
0xb6de,Good
0xb6df,Good
0xb6e0,Good
0xb6e1,Good
0xb6ea,Good
0xb6eb,Good
0xb6ec,Good
0xb6ed,Good
0xb6f6,Good
0xb6f7,Good
0xb6f8,Good
0xb6f9,Good
0xb702,Good
0xb703,Good
0xb704,Good
0xb705,Good
0xb70e,Good
0xb70f,Good
0xb710,Good
0xb711,Good
0xb71a,Good
0xb71b,Good
0xb71c,Good
0xb71d,Good
0xb726,Poor
0xb727,Poor
0xb728,Poor
0xb729,Poor
0xb732,Standard
0xb733,Poor
0xb734,Standard
0xb735,Standard
0xb73e,Poor
0xb73f,Poor
0xb740,Poor
0xb741,Poor
0xb74a,Good
0xb74b,Good
0xb74c,Good
0xb74d,Good
0xb756,Poor
0xb757,Poor
0xb758,Poor
0xb759,Poor
0xb762,Good
0xb763,Good
0xb764,Good
0xb765,Good
0xb76e,Good
0xb76f,Good
0xb770,Good
0xb771,Good
0xb77a,Poor
0xb77b,Poor
0xb77c,Poor
0xb77d,Poor
0xb786,Poor
0xb787,Poor
0xb788,Poor
0xb789,Poor
0xb792,Standard
0xb793,Standard
0xb794,Standard
0xb795,Standard
0xb79e,Standard
0xb79f,Standard
0xb7a0,Poor
0xb7a1,Poor
0xb7aa,Good
0xb7ab,Good
0xb7ac,Good
0xb7ad,Good
0xb7b6,Good
0xb7b7,Good
0xb7b8,Good
0xb7b9,Good
0xb7c2,Poor
0xb7c3,Poor
0xb7c4,Poor
0xb7c5,Poor
0xb7ce,Good
0xb7cf,Good
0xb7d0,Good
0xb7d1,Good
0xb7da,Poor
0xb7db,Poor
0xb7dc,Poor
0xb7dd,Poor
0xb7e6,Poor
0xb7e7,Poor
0xb7e8,Poor
0xb7e9,Poor
0xb7f2,Poor
0xb7f3,Poor
0xb7f4,Poor
0xb7f5,Poor
0xb7fe,Poor
0xb7ff,Standard
0xb800,Poor
0xb801,Poor
0xb80a,Good
0xb80b,Good
0xb80c,Good
0xb80d,Good
0xb816,Standard
0xb817,Standard
0xb818,Standard
0xb819,Standard
0xb822,Poor
0xb823,Poor
0xb824,Poor
0xb825,Poor
0xb82e,Standard
0xb82f,Good
0xb830,Good
0xb831,Good
0xb83a,Poor
0xb83b,Poor
0xb83c,Poor
0xb83d,Standard
0xb846,Good
0xb847,Good
0xb848,Good
0xb849,Good
0xb852,Standard
0xb853,Standard
0xb854,Standard
0xb855,Standard
0xb85e,Good
0xb85f,Good
0xb860,Good
0xb861,Good
0xb86a,Good
0xb86b,Good
0xb86c,Good
0xb86d,Good
0xb876,Good
0xb877,Good
0xb878,Good
0xb879,Good
0xb882,Good
0xb883,Good
0xb884,Good
0xb885,Good
0xb88e,Good
0xb88f,Good
0xb890,Good
0xb891,Good
0xb89a,Good
0xb89b,Good
0xb89c,Good
0xb89d,Good
0xb8a6,Poor
0xb8a7,Poor
0xb8a8,Poor
0xb8a9,Poor
0xb8b2,Good
0xb8b3,Good
0xb8b4,Good
0xb8b5,Good
0xb8be,Standard
0xb8bf,Standard
0xb8c0,Standard
0xb8c1,Poor
0xb8ca,Good
0xb8cb,Good
0xb8cc,Good
0xb8cd,Good
0xb8d6,Good
0xb8d7,Good
0xb8d8,Good
0xb8d9,Good
0xb8e2,Poor
0xb8e3,Poor
0xb8e4,Poor
0xb8e5,Poor
0xb8ee,Good
0xb8ef,Good
0xb8f0,Good
0xb8f1,Good
0xb8fa,Standard
0xb8fb,Standard
0xb8fc,Standard
0xb8fd,Standard
0xb906,Good
0xb907,Good
0xb908,Good
0xb909,Good
0xb912,Poor
0xb913,Poor
0xb914,Poor
0xb915,Poor
0xb91e,Poor
0xb91f,Poor
0xb920,Poor
0xb921,Poor
0xb92a,Standard
0xb92b,Standard
0xb92c,Standard
0xb92d,Standard
0xb936,Standard
0xb937,Standard
0xb938,Standard
0xb939,Standard
0xb942,Poor
0xb943,Poor
0xb944,Poor
0xb945,Poor
0xb94e,Good
0xb94f,Good
0xb950,Good
0xb951,Good
0xb95a,Poor
0xb95b,Poor
0xb95c,Poor
0xb95d,Poor
0xb966,Poor
0xb967,Poor
0xb968,Poor
0xb969,Poor
0xb972,Standard
0xb973,Poor
0xb974,Poor
0xb975,Poor
0xb97e,Poor
0xb97f,Poor
0xb980,Poor
0xb981,Poor
0xb98a,Standard
0xb98b,Standard
0xb98c,Poor
0xb98d,Poor
0xb996,Standard
0xb997,Standard
0xb998,Standard
0xb999,Standard
0xb9a2,Good
0xb9a3,Good
0xb9a4,Good
0xb9a5,Good
0xb9ae,Poor
0xb9af,Poor
0xb9b0,Poor
0xb9b1,Poor
0xb9ba,Poor
0xb9bb,Poor
0xb9bc,Poor
0xb9bd,Poor
0xb9c6,Standard
0xb9c7,Poor
0xb9c8,Standard
0xb9c9,Standard
0xb9d2,Poor
0xb9d3,Poor
0xb9d4,Poor
0xb9d5,Poor
0xb9de,Poor
0xb9df,Standard
0xb9e0,Poor
0xb9e1,Poor
0xb9ea,Standard
0xb9eb,Good
0xb9ec,Good
0xb9ed,Good
0xb9f6,Poor
0xb9f7,Poor
0xb9f8,Poor
0xb9f9,Poor
0xba02,Good
0xba03,Good
0xba04,Good
0xba05,Good
0xba0e,Good
0xba0f,Good
0xba10,Good
0xba11,Good
0xba1a,Good
0xba1b,Good
0xba1c,Good
0xba1d,Good
0xba26,Poor
0xba27,Poor
0xba28,Poor
0xba29,Poor
0xba32,Poor
0xba33,Poor
0xba34,Poor
0xba35,Standard
0xba3e,Standard
0xba3f,Poor
0xba40,Standard
0xba41,Standard
0xba4a,Poor
0xba4b,Poor
0xba4c,Poor
0xba4d,Standard
0xba56,Poor
0xba57,Poor
0xba58,Poor
0xba59,Poor
0xba62,Poor
0xba63,Poor
0xba64,Poor
0xba65,Poor
0xba6e,Good
0xba6f,Good
0xba70,Good
0xba71,Good
0xba7a,Standard
0xba7b,Poor
0xba7c,Poor
0xba7d,Standard
0xba86,Standard
0xba87,Standard
0xba88,Standard
0xba89,Standard
0xba92,Poor
0xba93,Poor
0xba94,Poor
0xba95,Poor
0xba9e,Good
0xba9f,Good
0xbaa0,Good
0xbaa1,Good
0xbaaa,Good
0xbaab,Good
0xbaac,Good
0xbaad,Good
0xbab6,Good
0xbab7,Standard
0xbab8,Good
0xbab9,Good
0xbac2,Standard
0xbac3,Standard
0xbac4,Standard
0xbac5,Standard
0xbace,Standard
0xbacf,Standard
0xbad0,Standard
0xbad1,Standard
0xbada,Good
0xbadb,Good
0xbadc,Good
0xbadd,Good
0xbae6,Poor
0xbae7,Poor
0xbae8,Poor
0xbae9,Poor
0xbaf2,Good
0xbaf3,Good
0xbaf4,Good
0xbaf5,Good
0xbafe,Good
0xbaff,Good
0xbb00,Good
0xbb01,Good
0xbb0a,Good
0xbb0b,Good
0xbb0c,Good
0xbb0d,Good
0xbb16,Good
0xbb17,Good
0xbb18,Good
0xbb19,Good
0xbb22,Good
0xbb23,Good
0xbb24,Good
0xbb25,Good
0xbb2e,Good
0xbb2f,Good
0xbb30,Good
0xbb31,Standard
0xbb3a,Poor
0xbb3b,Poor
0xbb3c,Poor
0xbb3d,Poor
0xbb46,Poor
0xbb47,Poor
0xbb48,Poor
0xbb49,Poor
0xbb52,Standard
0xbb53,Poor
0xbb54,Standard
0xbb55,Poor
0xbb5e,Poor
0xbb5f,Poor
0xbb60,Poor
0xbb61,Poor
0xbb6a,Good
0xbb6b,Good
0xbb6c,Good
0xbb6d,Standard
0xbb76,Poor
0xbb77,Poor
0xbb78,Poor
0xbb79,Poor
0xbb82,Poor
0xbb83,Standard
0xbb84,Poor
0xbb85,Poor
0xbb8e,Poor
0xbb8f,Standard
0xbb90,Poor
0xbb91,Poor
0xbb9a,Poor
0xbb9b,Poor
0xbb9c,Poor
0xbb9d,Poor
0xbba6,Poor
0xbba7,Poor
0xbba8,Poor
0xbba9,Poor
0xbbb2,Standard
0xbbb3,Standard
0xbbb4,Standard
0xbbb5,Standard
0xbbbe,Good
0xbbbf,Good
0xbbc0,Good
0xbbc1,Good
0xbbca,Poor
0xbbcb,Poor
0xbbcc,Poor
0xbbcd,Poor
0xbbd6,Poor
0xbbd7,Standard
0xbbd8,Standard
0xbbd9,Standard
0xbbe2,Good
0xbbe3,Good
0xbbe4,Good
0xbbe5,Good
0xbbee,Poor
0xbbef,Poor
0xbbf0,Poor
0xbbf1,Poor
0xbbfa,Good
0xbbfb,Good
0xbbfc,Good
0xbbfd,Good
0xbc06,Good
0xbc07,Good
0xbc08,Good
0xbc09,Good
0xbc12,Poor
0xbc13,Poor
0xbc14,Poor
0xbc15,Poor
0xbc1e,Good
0xbc1f,Good
0xbc20,Good
0xbc21,Good
0xbc2a,Good
0xbc2b,Good
0xbc2c,Good
0xbc2d,Poor
0xbc36,Standard
0xbc37,Standard
0xbc38,Standard
0xbc39,Standard
0xbc42,Good
0xbc43,Good
0xbc44,Good
0xbc45,Good
0xbc4e,Standard
0xbc4f,Standard
0xbc50,Standard
0xbc51,Standard
0xbc5a,Good
0xbc5b,Good
0xbc5c,Good
0xbc5d,Good
0xbc66,Good
0xbc67,Good
0xbc68,Standard
0xbc69,Standard
0xbc72,Poor
0xbc73,Poor
0xbc74,Poor
0xbc75,Poor
0xbc7e,Poor
0xbc7f,Poor
0xbc80,Poor
0xbc81,Poor
0xbc8a,Good
0xbc8b,Good
0xbc8c,Good
0xbc8d,Good
0xbc96,Good
0xbc97,Good
0xbc98,Good
0xbc99,Good
0xbca2,Good
0xbca3,Good
0xbca4,Good
0xbca5,Good
0xbcae,Poor
0xbcaf,Poor
0xbcb0,Poor
0xbcb1,Poor
0xbcba,Standard
0xbcbb,Poor
0xbcbc,Poor
0xbcbd,Poor
0xbcc6,Poor
0xbcc7,Poor
0xbcc8,Poor
0xbcc9,Poor
0xbcd2,Good
0xbcd3,Good
0xbcd4,Good
0xbcd5,Good
0xbcde,Standard
0xbcdf,Standard
0xbce0,Standard
0xbce1,Standard
0xbcea,Good
0xbceb,Good
0xbcec,Standard
0xbced,Good
0xbcf6,Good
0xbcf7,Good
0xbcf8,Good
0xbcf9,Good
0xbd02,Good
0xbd03,Good
0xbd04,Good
0xbd05,Good
0xbd0e,Poor
0xbd0f,Poor
0xbd10,Poor
0xbd11,Poor
0xbd1a,Good
0xbd1b,Good
0xbd1c,Good
0xbd1d,Good
0xbd26,Poor
0xbd27,Poor
0xbd28,Poor
0xbd29,Poor
0xbd32,Standard
0xbd33,Standard
0xbd34,Poor
0xbd35,Standard
0xbd3e,Poor
0xbd3f,Poor
0xbd40,Poor
0xbd41,Poor
0xbd4a,Standard
0xbd4b,Standard
0xbd4c,Standard
0xbd4d,Standard
0xbd56,Poor
0xbd57,Poor
0xbd58,Poor
0xbd59,Poor
0xbd62,Standard
0xbd63,Good
0xbd64,Standard
0xbd65,Standard
0xbd6e,Poor
0xbd6f,Poor
0xbd70,Poor
0xbd71,Poor
0xbd7a,Poor
0xbd7b,Poor
0xbd7c,Poor
0xbd7d,Standard
0xbd86,Poor
0xbd87,Poor
0xbd88,Poor
0xbd89,Poor
0xbd92,Good
0xbd93,Good
0xbd94,Good
0xbd95,Good
0xbd9e,Good
0xbd9f,Good
0xbda0,Good
0xbda1,Good
0xbdaa,Good
0xbdab,Good
0xbdac,Good
0xbdad,Good
0xbdb6,Standard
0xbdb7,Standard
0xbdb8,Standard
0xbdb9,Standard
0xbdc2,Standard
0xbdc3,Standard
0xbdc4,Standard
0xbdc5,Standard
0xbdce,Good
0xbdcf,Good
0xbdd0,Good
0xbdd1,Good
0xbdda,Poor
0xbddb,Poor
0xbddc,Standard
0xbddd,Poor
0xbde6,Poor
0xbde7,Poor
0xbde8,Poor
0xbde9,Poor
0xbdf2,Poor
0xbdf3,Poor
0xbdf4,Poor
0xbdf5,Poor
0xbdfe,Poor
0xbdff,Poor
0xbe00,Poor
0xbe01,Poor
0xbe0a,Good
0xbe0b,Good
0xbe0c,Good
0xbe0d,Good
0xbe16,Good
0xbe17,Good
0xbe18,Good
0xbe19,Good
0xbe22,Poor
0xbe23,Poor
0xbe24,Poor
0xbe25,Poor
0xbe2e,Poor
0xbe2f,Poor
0xbe30,Poor
0xbe31,Poor
0xbe3a,Good
0xbe3b,Good
0xbe3c,Good
0xbe3d,Good
0xbe46,Good
0xbe47,Standard
0xbe48,Good
0xbe49,Standard
0xbe52,Standard
0xbe53,Poor
0xbe54,Standard
0xbe55,Standard
0xbe5e,Good
0xbe5f,Good
0xbe60,Good
0xbe61,Good
0xbe6a,Good
0xbe6b,Good
0xbe6c,Good
0xbe6d,Good
0xbe76,Poor
0xbe77,Poor
0xbe78,Poor
0xbe79,Poor
0xbe82,Standard
0xbe83,Standard
0xbe84,Standard
0xbe85,Standard
0xbe8e,Poor
0xbe8f,Poor
0xbe90,Poor
0xbe91,Standard
0xbe9a,Poor
0xbe9b,Poor
0xbe9c,Poor
0xbe9d,Poor
0xbea6,Good
0xbea7,Good
0xbea8,Good
0xbea9,Good
0xbeb2,Poor
0xbeb3,Poor
0xbeb4,Poor
0xbeb5,Poor
0xbebe,Good
0xbebf,Good
0xbec0,Good
0xbec1,Good
0xbeca,Standard
0xbecb,Standard
0xbecc,Standard
0xbecd,Standard
0xbed6,Poor
0xbed7,Poor
0xbed8,Poor
0xbed9,Poor
0xbee2,Poor
0xbee3,Poor
0xbee4,Poor
0xbee5,Poor
0xbeee,Poor
0xbeef,Poor
0xbef0,Poor
0xbef1,Poor
0xbefa,Good
0xbefb,Good
0xbefc,Good
0xbefd,Good
0xbf06,Good
0xbf07,Good
0xbf08,Good
0xbf09,Standard
0xbf12,Good
0xbf13,Good
0xbf14,Good
0xbf15,Good
0xbf1e,Good
0xbf1f,Good
0xbf20,Good
0xbf21,Good
0xbf2a,Good
0xbf2b,Good
0xbf2c,Good
0xbf2d,Good
0xbf36,Standard
0xbf37,Poor
0xbf38,Poor
0xbf39,Poor
0xbf42,Standard
0xbf43,Standard
0xbf44,Standard
0xbf45,Standard
0xbf4e,Poor
0xbf4f,Poor
0xbf50,Poor
0xbf51,Poor
0xbf5a,Good
0xbf5b,Good
0xbf5c,Good
0xbf5d,Good
0xbf66,Poor
0xbf67,Poor
0xbf68,Poor
0xbf69,Poor
0xbf72,Good
0xbf73,Good
0xbf74,Good
0xbf75,Good
0xbf7e,Good
0xbf7f,Good
0xbf80,Good
0xbf81,Good
0xbf8a,Good
0xbf8b,Good
0xbf8c,Good
0xbf8d,Good
0xbf96,Good
0xbf97,Good
0xbf98,Good
0xbf99,Good
0xbfa2,Poor
0xbfa3,Poor
0xbfa4,Poor
0xbfa5,Poor
0xbfae,Good
0xbfaf,Good
0xbfb0,Good
0xbfb1,Good
0xbfba,Good
0xbfbb,Good
0xbfbc,Good
0xbfbd,Good
0xbfc6,Poor
0xbfc7,Poor
0xbfc8,Poor
0xbfc9,Poor
0xbfd2,Poor
0xbfd3,Poor
0xbfd4,Poor
0xbfd5,Poor
0xbfde,Poor
0xbfdf,Poor
0xbfe0,Poor
0xbfe1,Poor
0xbfea,Standard
0xbfeb,Standard
0xbfec,Standard
0xbfed,Standard
0xbff6,Poor
0xbff7,Poor
0xbff8,Poor
0xbff9,Poor
0xc002,Good
0xc003,Good
0xc004,Good
0xc005,Good
0xc00e,Standard
0xc00f,Standard
0xc010,Standard
0xc011,Standard
0xc01a,Standard
0xc01b,Poor
0xc01c,Poor
0xc01d,Poor
0xc026,Poor
0xc027,Poor
0xc028,Poor
0xc029,Poor
0xc032,Good
0xc033,Good
0xc034,Good
0xc035,Good
0xc03e,Good
0xc03f,Good
0xc040,Good
0xc041,Good
0xc04a,Good
0xc04b,Good
0xc04c,Good
0xc04d,Good
0xc056,Poor
0xc057,Poor
0xc058,Poor
0xc059,Poor
0xc062,Poor
0xc063,Poor
0xc064,Poor
0xc065,Poor
0xc06e,Good
0xc06f,Standard
0xc070,Good
0xc071,Good
0xc07a,Standard
0xc07b,Standard
0xc07c,Standard
0xc07d,Standard
0xc086,Standard
0xc087,Good
0xc088,Good
0xc089,Good
0xc092,Good
0xc093,Good
0xc094,Good
0xc095,Good
0xc09e,Good
0xc09f,Good
0xc0a0,Good
0xc0a1,Good
0xc0aa,Good
0xc0ab,Good
0xc0ac,Good
0xc0ad,Good
0xc0b6,Poor
0xc0b7,Poor
0xc0b8,Poor
0xc0b9,Poor
0xc0c2,Standard
0xc0c3,Standard
0xc0c4,Standard
0xc0c5,Standard
0xc0ce,Poor
0xc0cf,Poor
0xc0d0,Poor
0xc0d1,Poor
0xc0da,Standard
0xc0db,Standard
0xc0dc,Standard
0xc0dd,Standard
0xc0e6,Poor
0xc0e7,Poor
0xc0e8,Poor
0xc0e9,Poor
0xc0f2,Poor
0xc0f3,Poor
0xc0f4,Poor
0xc0f5,Poor
0xc0fe,Poor
0xc0ff,Poor
0xc100,Poor
0xc101,Poor
0xc10a,Poor
0xc10b,Standard
0xc10c,Standard
0xc10d,Standard
0xc116,Good
0xc117,Good
0xc118,Good
0xc119,Good
0xc122,Poor
0xc123,Poor
0xc124,Poor
0xc125,Poor
0xc12e,Standard
0xc12f,Standard
0xc130,Poor
0xc131,Standard
0xc13a,Good
0xc13b,Good
0xc13c,Good
0xc13d,Good
0xc146,Standard
0xc147,Standard
0xc148,Standard
0xc149,Standard
0xc152,Good
0xc153,Good
0xc154,Good
0xc155,Good
0xc15e,Good
0xc15f,Good
0xc160,Good
0xc161,Good
0xc16a,Standard
0xc16b,Standard
0xc16c,Standard
0xc16d,Standard
0xc176,Poor
0xc177,Poor
0xc178,Poor
0xc179,Poor
0xc182,Standard
0xc183,Standard
0xc184,Standard
0xc185,Standard
0xc18e,Good
0xc18f,Good
0xc190,Good
0xc191,Good
0xc19a,Poor
0xc19b,Poor
0xc19c,Poor
0xc19d,Poor
0xc1a6,Good
0xc1a7,Good
0xc1a8,Good
0xc1a9,Good
0xc1b2,Poor
0xc1b3,Poor
0xc1b4,Poor
0xc1b5,Poor
0xc1be,Poor
0xc1bf,Poor
0xc1c0,Poor
0xc1c1,Poor
0xc1ca,Good
0xc1cb,Good
0xc1cc,Good
0xc1cd,Good
0xc1d6,Poor
0xc1d7,Poor
0xc1d8,Poor
0xc1d9,Poor
0xc1e2,Standard
0xc1e3,Standard
0xc1e4,Standard
0xc1e5,Standard
0xc1ee,Standard
0xc1ef,Standard
0xc1f0,Standard
0xc1f1,Standard
0xc1fa,Poor
0xc1fb,Poor
0xc1fc,Poor
0xc1fd,Poor
0xc206,Good
0xc207,Good
0xc208,Good
0xc209,Good
0xc212,Good
0xc213,Good
0xc214,Good
0xc215,Good
0xc21e,Good
0xc21f,Good
0xc220,Good
0xc221,Good
0xc22a,Standard
0xc22b,Standard
0xc22c,Standard
0xc22d,Standard
0xc236,Poor
0xc237,Poor
0xc238,Poor
0xc239,Poor
0xc242,Poor
0xc243,Standard
0xc244,Standard
0xc245,Standard
0xc24e,Good
0xc24f,Good
0xc250,Good
0xc251,Good
0xc25a,Good
0xc25b,Good
0xc25c,Good
0xc25d,Good
0xc266,Poor
0xc267,Standard
0xc268,Poor
0xc269,Poor
0xc272,Good
0xc273,Good
0xc274,Good
0xc275,Good
0xc27e,Good
0xc27f,Good
0xc280,Good
0xc281,Good
0xc28a,Standard
0xc28b,Standard
0xc28c,Standard
0xc28d,Standard
0xc296,Poor
0xc297,Poor
0xc298,Poor
0xc299,Poor
0xc2a2,Good
0xc2a3,Standard
0xc2a4,Standard
0xc2a5,Poor
0xc2ae,Standard
0xc2af,Standard
0xc2b0,Standard
0xc2b1,Standard
0xc2ba,Good
0xc2bb,Good
0xc2bc,Good
0xc2bd,Good
0xc2c6,Standard
0xc2c7,Poor
0xc2c8,Standard
0xc2c9,Standard
0xc2d2,Poor
0xc2d3,Poor
0xc2d4,Poor
0xc2d5,Poor
0xc2de,Good
0xc2df,Good
0xc2e0,Good
0xc2e1,Good
0xc2ea,Standard
0xc2eb,Standard
0xc2ec,Standard
0xc2ed,Standard
0xc2f6,Good
0xc2f7,Good
0xc2f8,Good
0xc2f9,Good
0xc302,Good
0xc303,Good
0xc304,Standard
0xc305,Good
0xc30e,Good
0xc30f,Good
0xc310,Good
0xc311,Good
0xc31a,Good
0xc31b,Good
0xc31c,Good
0xc31d,Good
0xc326,Good
0xc327,Good
0xc328,Good
0xc329,Good
0xc332,Good
0xc333,Good
0xc334,Good
0xc335,Good
0xc33e,Good
0xc33f,Good
0xc340,Good
0xc341,Good
0xc34a,Poor
0xc34b,Poor
0xc34c,Poor
0xc34d,Poor
0xc356,Poor
0xc357,Poor
0xc358,Poor
0xc359,Poor
0xc362,Poor
0xc363,Poor
0xc364,Poor
0xc365,Poor
0xc36e,Poor
0xc36f,Poor
0xc370,Poor
0xc371,Poor
0xc37a,Good
0xc37b,Good
0xc37c,Good
0xc37d,Good
0xc386,Good
0xc387,Good
0xc388,Good
0xc389,Good
0xc392,Good
0xc393,Good
0xc394,Good
0xc395,Good
0xc39e,Standard
0xc39f,Good
0xc3a0,Standard
0xc3a1,Good
0xc3aa,Standard
0xc3ab,Poor
0xc3ac,Standard
0xc3ad,Standard
0xc3b6,Standard
0xc3b7,Standard
0xc3b8,Standard
0xc3b9,Standard
0xc3c2,Standard
0xc3c3,Standard
0xc3c4,Good
0xc3c5,Standard
0xc3ce,Good
0xc3cf,Good
0xc3d0,Good
0xc3d1,Standard
0xc3da,Standard
0xc3db,Standard
0xc3dc,Standard
0xc3dd,Standard
0xc3e6,Good
0xc3e7,Good
0xc3e8,Good
0xc3e9,Good
0xc3f2,Good
0xc3f3,Good
0xc3f4,Good
0xc3f5,Good
0xc3fe,Good
0xc3ff,Good
0xc400,Good
0xc401,Good
0xc40a,Good
0xc40b,Good
0xc40c,Good
0xc40d,Good
0xc416,Poor
0xc417,Poor
0xc418,Poor
0xc419,Poor
0xc422,Standard
0xc423,Standard
0xc424,Standard
0xc425,Standard
0xc42e,Standard
0xc42f,Good
0xc430,Standard
0xc431,Standard
0xc43a,Good
0xc43b,Good
0xc43c,Good
0xc43d,Good
0xc446,Standard
0xc447,Standard
0xc448,Standard
0xc449,Standard
0xc452,Poor
0xc453,Standard
0xc454,Standard
0xc455,Poor
0xc45e,Poor
0xc45f,Poor
0xc460,Poor
0xc461,Poor
0xc46a,Poor
0xc46b,Poor
0xc46c,Poor
0xc46d,Poor
0xc476,Poor
0xc477,Poor
0xc478,Poor
0xc479,Poor
0xc482,Good
0xc483,Good
0xc484,Good
0xc485,Good
0xc48e,Poor
0xc48f,Poor
0xc490,Poor
0xc491,Poor
0xc49a,Good
0xc49b,Good
0xc49c,Good
0xc49d,Good
0xc4a6,Good
0xc4a7,Good
0xc4a8,Good
0xc4a9,Good
0xc4b2,Standard
0xc4b3,Poor
0xc4b4,Poor
0xc4b5,Poor
0xc4be,Standard
0xc4bf,Standard
0xc4c0,Standard
0xc4c1,Standard
0xc4ca,Good
0xc4cb,Good
0xc4cc,Good
0xc4cd,Good
0xc4d6,Poor
0xc4d7,Poor
0xc4d8,Poor
0xc4d9,Poor
0xc4e2,Good
0xc4e3,Good
0xc4e4,Good
0xc4e5,Good
0xc4ee,Standard
0xc4ef,Good
0xc4f0,Standard
0xc4f1,Good
0xc4fa,Good
0xc4fb,Good
0xc4fc,Good
0xc4fd,Good
0xc506,Good
0xc507,Good
0xc508,Good
0xc509,Good
0xc512,Poor
0xc513,Poor
0xc514,Poor
0xc515,Poor
0xc51e,Poor
0xc51f,Poor
0xc520,Poor
0xc521,Poor
0xc52a,Poor
0xc52b,Poor
0xc52c,Poor
0xc52d,Poor
0xc536,Good
0xc537,Good
0xc538,Good
0xc539,Good
0xc542,Poor
0xc543,Standard
0xc544,Poor
0xc545,Poor
0xc54e,Good
0xc54f,Good
0xc550,Good
0xc551,Good
0xc55a,Standard
0xc55b,Standard
0xc55c,Standard
0xc55d,Standard
0xc566,Good
0xc567,Good
0xc568,Good
0xc569,Good
0xc572,Poor
0xc573,Poor
0xc574,Poor
0xc575,Poor
0xc57e,Good
0xc57f,Good
0xc580,Good
0xc581,Good
0xc58a,Standard
0xc58b,Standard
0xc58c,Standard
0xc58d,Standard
0xc596,Standard
0xc597,Standard
0xc598,Standard
0xc599,Poor
0xc5a2,Standard
0xc5a3,Standard
0xc5a4,Standard
0xc5a5,Standard
0xc5ae,Good
0xc5af,Good
0xc5b0,Good
0xc5b1,Good
0xc5ba,Poor
0xc5bb,Poor
0xc5bc,Poor
0xc5bd,Poor
0xc5c6,Good
0xc5c7,Good
0xc5c8,Good
0xc5c9,Good
0xc5d2,Poor
0xc5d3,Poor
0xc5d4,Poor
0xc5d5,Poor
0xc5de,Poor
0xc5df,Poor
0xc5e0,Poor
0xc5e1,Poor
0xc5ea,Good
0xc5eb,Good
0xc5ec,Good
0xc5ed,Good
0xc5f6,Good
0xc5f7,Good
0xc5f8,Good
0xc5f9,Good
0xc602,Good
0xc603,Good
0xc604,Good
0xc605,Good
0xc60e,Poor
0xc60f,Poor
0xc610,Poor
0xc611,Poor
0xc61a,Good
0xc61b,Good
0xc61c,Good
0xc61d,Good
0xc626,Poor
0xc627,Poor
0xc628,Poor
0xc629,Poor
0xc632,Good
0xc633,Good
0xc634,Good
0xc635,Good
0xc63e,Good
0xc63f,Good
0xc640,Good
0xc641,Good
0xc64a,Poor
0xc64b,Poor
0xc64c,Poor
0xc64d,Poor
0xc656,Poor
0xc657,Poor
0xc658,Poor
0xc659,Poor
0xc662,Poor
0xc663,Poor
0xc664,Poor
0xc665,Poor
0xc66e,Good
0xc66f,Good
0xc670,Good
0xc671,Good
0xc67a,Poor
0xc67b,Poor
0xc67c,Poor
0xc67d,Poor
0xc686,Good
0xc687,Good
0xc688,Good
0xc689,Good
0xc692,Good
0xc693,Good
0xc694,Good
0xc695,Good
0xc69e,Standard
0xc69f,Standard
0xc6a0,Standard
0xc6a1,Standard
0xc6aa,Good
0xc6ab,Good
0xc6ac,Good
0xc6ad,Good
0xc6b6,Good
0xc6b7,Good
0xc6b8,Good
0xc6b9,Good
0xc6c2,Good
0xc6c3,Good
0xc6c4,Good
0xc6c5,Good
0xc6ce,Poor
0xc6cf,Poor
0xc6d0,Poor
0xc6d1,Poor
0xc6da,Good
0xc6db,Good
0xc6dc,Good
0xc6dd,Good
0xc6e6,Good
0xc6e7,Good
0xc6e8,Good
0xc6e9,Good
0xc6f2,Good
0xc6f3,Good
0xc6f4,Good
0xc6f5,Good
0xc6fe,Standard
0xc6ff,Standard
0xc700,Standard
0xc701,Poor
0xc70a,Standard
0xc70b,Poor
0xc70c,Poor
0xc70d,Poor
0xc716,Standard
0xc717,Standard
0xc718,Standard
0xc719,Standard
0xc722,Poor
0xc723,Poor
0xc724,Poor
0xc725,Poor
0xc72e,Standard
0xc72f,Standard
0xc730,Standard
0xc731,Standard
0xc73a,Good
0xc73b,Good
0xc73c,Good
0xc73d,Good
0xc746,Poor
0xc747,Poor
0xc748,Poor
0xc749,Poor
0xc752,Poor
0xc753,Poor
0xc754,Poor
0xc755,Poor
0xc75e,Good
0xc75f,Good
0xc760,Good
0xc761,Good
0xc76a,Good
0xc76b,Good
0xc76c,Good
0xc76d,Good
0xc776,Poor
0xc777,Poor
0xc778,Poor
0xc779,Poor
0xc782,Poor
0xc783,Poor
0xc784,Poor
0xc785,Poor
0xc78e,Good
0xc78f,Good
0xc790,Good
0xc791,Good
0xc79a,Poor
0xc79b,Poor
0xc79c,Poor
0xc79d,Poor
0xc7a6,Good
0xc7a7,Good
0xc7a8,Good
0xc7a9,Good
0xc7b2,Standard
0xc7b3,Standard
0xc7b4,Standard
0xc7b5,Standard
0xc7be,Good
0xc7bf,Good
0xc7c0,Good
0xc7c1,Good
0xc7ca,Good
0xc7cb,Good
0xc7cc,Good
0xc7cd,Good
0xc7d6,Standard
0xc7d7,Good
0xc7d8,Good
0xc7d9,Good
0xc7e2,Standard
0xc7e3,Good
0xc7e4,Standard
0xc7e5,Standard
0xc7ee,Poor
0xc7ef,Poor
0xc7f0,Poor
0xc7f1,Poor
0xc7fa,Poor
0xc7fb,Poor
0xc7fc,Poor
0xc7fd,Poor
0xc806,Good
0xc807,Good
0xc808,Good
0xc809,Good
0xc812,Good
0xc813,Good
0xc814,Good
0xc815,Good
0xc81e,Standard
0xc81f,Standard
0xc820,Standard
0xc821,Standard
0xc82a,Poor
0xc82b,Poor
0xc82c,Standard
0xc82d,Standard
0xc836,Good
0xc837,Good
0xc838,Good
0xc839,Good
0xc842,Good
0xc843,Good
0xc844,Good
0xc845,Good
0xc84e,Standard
0xc84f,Poor
0xc850,Standard
0xc851,Poor
0xc85a,Good
0xc85b,Good
0xc85c,Good
0xc85d,Good
0xc866,Poor
0xc867,Poor
0xc868,Poor
0xc869,Poor
0xc872,Good
0xc873,Standard
0xc874,Good
0xc875,Good
0xc87e,Poor
0xc87f,Standard
0xc880,Poor
0xc881,Poor
0xc88a,Standard
0xc88b,Standard
0xc88c,Standard
0xc88d,Standard
0xc896,Poor
0xc897,Poor
0xc898,Poor
0xc899,Poor
0xc8a2,Good
0xc8a3,Good
0xc8a4,Good
0xc8a5,Good
0xc8ae,Good
0xc8af,Good
0xc8b0,Good
0xc8b1,Good
0xc8ba,Poor
0xc8bb,Poor
0xc8bc,Poor
0xc8bd,Poor
0xc8c6,Good
0xc8c7,Standard
0xc8c8,Good
0xc8c9,Good
0xc8d2,Poor
0xc8d3,Poor
0xc8d4,Poor
0xc8d5,Poor
0xc8de,Poor
0xc8df,Poor
0xc8e0,Poor
0xc8e1,Standard
0xc8ea,Standard
0xc8eb,Standard
0xc8ec,Standard
0xc8ed,Standard
0xc8f6,Standard
0xc8f7,Standard
0xc8f8,Standard
0xc8f9,Standard
0xc902,Good
0xc903,Good
0xc904,Good
0xc905,Good
0xc90e,Poor
0xc90f,Poor
0xc910,Poor
0xc911,Poor
0xc91a,Poor
0xc91b,Poor
0xc91c,Poor
0xc91d,Poor
0xc926,Good
0xc927,Good
0xc928,Good
0xc929,Good
0xc932,Standard
0xc933,Standard
0xc934,Standard
0xc935,Standard
0xc93e,Good
0xc93f,Good
0xc940,Good
0xc941,Good
0xc94a,Good
0xc94b,Good
0xc94c,Good
0xc94d,Good
0xc956,Poor
0xc957,Poor
0xc958,Poor
0xc959,Poor
0xc962,Poor
0xc963,Poor
0xc964,Poor
0xc965,Poor
0xc96e,Good
0xc96f,Good
0xc970,Good
0xc971,Good
0xc97a,Good
0xc97b,Standard
0xc97c,Good
0xc97d,Good
0xc986,Good
0xc987,Good
0xc988,Good
0xc989,Good
0xc992,Poor
0xc993,Standard
0xc994,Poor
0xc995,Poor
0xc99e,Good
0xc99f,Good
0xc9a0,Good
0xc9a1,Good
0xc9aa,Poor
0xc9ab,Poor
0xc9ac,Poor
0xc9ad,Poor
0xc9b6,Good
0xc9b7,Good
0xc9b8,Good
0xc9b9,Good
0xc9c2,Standard
0xc9c3,Poor
0xc9c4,Standard
0xc9c5,Poor
0xc9ce,Poor
0xc9cf,Poor
0xc9d0,Standard
0xc9d1,Poor
0xc9da,Good
0xc9db,Good
0xc9dc,Good
0xc9dd,Good
0xc9e6,Standard
0xc9e7,Standard
0xc9e8,Standard
0xc9e9,Standard
0xc9f2,Poor
0xc9f3,Poor
0xc9f4,Poor
0xc9f5,Poor
0xc9fe,Good
0xc9ff,Good
0xca00,Good
0xca01,Good
0xca0a,Good
0xca0b,Good
0xca0c,Good
0xca0d,Good
0xca16,Poor
0xca17,Poor
0xca18,Poor
0xca19,Poor
0xca22,Poor
0xca23,Poor
0xca24,Poor
0xca25,Poor
0xca2e,Good
0xca2f,Good
0xca30,Good
0xca31,Good
0xca3a,Good
0xca3b,Good
0xca3c,Good
0xca3d,Good
0xca46,Poor
0xca47,Poor
0xca48,Poor
0xca49,Poor
0xca52,Poor
0xca53,Poor
0xca54,Poor
0xca55,Poor
0xca5e,Poor
0xca5f,Poor
0xca60,Poor
0xca61,Poor
0xca6a,Poor
0xca6b,Poor
0xca6c,Poor
0xca6d,Poor
0xca76,Standard
0xca77,Poor
0xca78,Poor
0xca79,Standard
0xca82,Standard
0xca83,Standard
0xca84,Standard
0xca85,Standard
0xca8e,Poor
0xca8f,Poor
0xca90,Poor
0xca91,Poor
0xca9a,Poor
0xca9b,Poor
0xca9c,Poor
0xca9d,Poor
0xcaa6,Good
0xcaa7,Good
0xcaa8,Good
0xcaa9,Good
0xcab2,Standard
0xcab3,Standard
0xcab4,Standard
0xcab5,Standard
0xcabe,Standard
0xcabf,Standard
0xcac0,Standard
0xcac1,Standard
0xcaca,Good
0xcacb,Good
0xcacc,Good
0xcacd,Good
0xcad6,Poor
0xcad7,Poor
0xcad8,Poor
0xcad9,Poor
0xcae2,Poor
0xcae3,Poor
0xcae4,Poor
0xcae5,Poor
0xcaee,Good
0xcaef,Good
0xcaf0,Good
0xcaf1,Good
0xcafa,Good
0xcafb,Good
0xcafc,Standard
0xcafd,Good
0xcb06,Poor
0xcb07,Poor
0xcb08,Poor
0xcb09,Poor
0xcb12,Poor
0xcb13,Poor
0xcb14,Poor
0xcb15,Poor
0xcb1e,Good
0xcb1f,Good
0xcb20,Good
0xcb21,Standard
0xcb2a,Poor
0xcb2b,Poor
0xcb2c,Poor
0xcb2d,Poor
0xcb36,Good
0xcb37,Good
0xcb38,Good
0xcb39,Good
0xcb42,Poor
0xcb43,Poor
0xcb44,Poor
0xcb45,Poor
0xcb4e,Standard
0xcb4f,Standard
0xcb50,Standard
0xcb51,Poor
0xcb5a,Good
0xcb5b,Good
0xcb5c,Good
0xcb5d,Good
0xcb66,Good
0xcb67,Good
0xcb68,Good
0xcb69,Good
0xcb72,Poor
0xcb73,Poor
0xcb74,Good
0xcb75,Standard
0xcb7e,Poor
0xcb7f,Poor
0xcb80,Poor
0xcb81,Standard
0xcb8a,Good
0xcb8b,Good
0xcb8c,Good
0xcb8d,Good
0xcb96,Good
0xcb97,Good
0xcb98,Good
0xcb99,Good
0xcba2,Good
0xcba3,Good
0xcba4,Good
0xcba5,Good
0xcbae,Poor
0xcbaf,Poor
0xcbb0,Poor
0xcbb1,Poor
0xcbba,Good
0xcbbb,Good
0xcbbc,Good
0xcbbd,Good
0xcbc6,Good
0xcbc7,Standard
0xcbc8,Standard
0xcbc9,Standard
0xcbd2,Good
0xcbd3,Good
0xcbd4,Good
0xcbd5,Good
0xcbde,Good
0xcbdf,Good
0xcbe0,Good
0xcbe1,Good
0xcbea,Standard
0xcbeb,Standard
0xcbec,Standard
0xcbed,Poor
0xcbf6,Standard
0xcbf7,Poor
0xcbf8,Poor
0xcbf9,Standard
0xcc02,Standard
0xcc03,Standard
0xcc04,Standard
0xcc05,Standard
0xcc0e,Poor
0xcc0f,Poor
0xcc10,Standard
0xcc11,Poor
0xcc1a,Poor
0xcc1b,Poor
0xcc1c,Poor
0xcc1d,Standard
0xcc26,Good
0xcc27,Good
0xcc28,Good
0xcc29,Good
0xcc32,Good
0xcc33,Good
0xcc34,Good
0xcc35,Good
0xcc3e,Poor
0xcc3f,Poor
0xcc40,Poor
0xcc41,Poor
0xcc4a,Good
0xcc4b,Good
0xcc4c,Good
0xcc4d,Good
0xcc56,Poor
0xcc57,Poor
0xcc58,Poor
0xcc59,Poor
0xcc62,Poor
0xcc63,Poor
0xcc64,Poor
0xcc65,Poor
0xcc6e,Poor
0xcc6f,Poor
0xcc70,Poor
0xcc71,Poor
0xcc7a,Poor
0xcc7b,Poor
0xcc7c,Poor
0xcc7d,Poor
0xcc86,Good
0xcc87,Good
0xcc88,Good
0xcc89,Good
0xcc92,Good
0xcc93,Good
0xcc94,Good
0xcc95,Good
0xcc9e,Good
0xcc9f,Good
0xcca0,Good
0xcca1,Good
0xccaa,Poor
0xccab,Poor
0xccac,Poor
0xccad,Poor
0xccb6,Standard
0xccb7,Standard
0xccb8,Standard
0xccb9,Standard
0xccc2,Good
0xccc3,Good
0xccc4,Good
0xccc5,Good
0xccce,Poor
0xcccf,Poor
0xccd0,Poor
0xccd1,Poor
0xccda,Standard
0xccdb,Standard
0xccdc,Standard
0xccdd,Poor
0xcce6,Standard
0xcce7,Standard
0xcce8,Standard
0xcce9,Standard
0xccf2,Standard
0xccf3,Good
0xccf4,Good
0xccf5,Standard
0xccfe,Poor
0xccff,Poor
0xcd00,Poor
0xcd01,Poor
0xcd0a,Poor
0xcd0b,Poor
0xcd0c,Poor
0xcd0d,Poor
0xcd16,Standard
0xcd17,Standard
0xcd18,Standard
0xcd19,Standard
0xcd22,Poor
0xcd23,Standard
0xcd24,Poor
0xcd25,Poor
0xcd2e,Poor
0xcd2f,Poor
0xcd30,Poor
0xcd31,Poor
0xcd3a,Poor
0xcd3b,Poor
0xcd3c,Poor
0xcd3d,Poor
0xcd46,Good
0xcd47,Good
0xcd48,Good
0xcd49,Good
0xcd52,Poor
0xcd53,Poor
0xcd54,Poor
0xcd55,Poor
0xcd5e,Poor
0xcd5f,Poor
0xcd60,Poor
0xcd61,Poor
0xcd6a,Poor
0xcd6b,Poor
0xcd6c,Poor
0xcd6d,Poor
0xcd76,Good
0xcd77,Good
0xcd78,Good
0xcd79,Good
0xcd82,Standard
0xcd83,Standard
0xcd84,Standard
0xcd85,Standard
0xcd8e,Good
0xcd8f,Good
0xcd90,Good
0xcd91,Good
0xcd9a,Good
0xcd9b,Good
0xcd9c,Good
0xcd9d,Good
0xcda6,Standard
0xcda7,Standard
0xcda8,Standard
0xcda9,Standard
0xcdb2,Poor
0xcdb3,Poor
0xcdb4,Poor
0xcdb5,Poor
0xcdbe,Poor
0xcdbf,Poor
0xcdc0,Poor
0xcdc1,Poor
0xcdca,Good
0xcdcb,Good
0xcdcc,Good
0xcdcd,Good
0xcdd6,Good
0xcdd7,Good
0xcdd8,Good
0xcdd9,Good
0xcde2,Good
0xcde3,Good
0xcde4,Good
0xcde5,Good
0xcdee,Good
0xcdef,Good
0xcdf0,Good
0xcdf1,Good
0xcdfa,Poor
0xcdfb,Poor
0xcdfc,Poor
0xcdfd,Poor
0xce06,Poor
0xce07,Poor
0xce08,Poor
0xce09,Poor
0xce12,Good
0xce13,Good
0xce14,Good
0xce15,Good
0xce1e,Poor
0xce1f,Poor
0xce20,Poor
0xce21,Poor
0xce2a,Good
0xce2b,Standard
0xce2c,Good
0xce2d,Good
0xce36,Poor
0xce37,Poor
0xce38,Standard
0xce39,Poor
0xce42,Good
0xce43,Good
0xce44,Good
0xce45,Good
0xce4e,Good
0xce4f,Good
0xce50,Good
0xce51,Good
0xce5a,Poor
0xce5b,Poor
0xce5c,Poor
0xce5d,Poor
0xce66,Standard
0xce67,Standard
0xce68,Standard
0xce69,Standard
0xce72,Poor
0xce73,Standard
0xce74,Standard
0xce75,Standard
0xce7e,Poor
0xce7f,Poor
0xce80,Poor
0xce81,Poor
0xce8a,Good
0xce8b,Good
0xce8c,Good
0xce8d,Good
0xce96,Good
0xce97,Good
0xce98,Good
0xce99,Good
0xcea2,Good
0xcea3,Good
0xcea4,Good
0xcea5,Good
0xceae,Standard
0xceaf,Poor
0xceb0,Poor
0xceb1,Poor
0xceba,Good
0xcebb,Good
0xcebc,Good
0xcebd,Good
0xcec6,Good
0xcec7,Good
0xcec8,Good
0xcec9,Good
0xced2,Standard
0xced3,Standard
0xced4,Standard
0xced5,Standard
0xcede,Standard
0xcedf,Standard
0xcee0,Standard
0xcee1,Standard
0xceea,Poor
0xceeb,Poor
0xceec,Poor
0xceed,Poor
0xcef6,Poor
0xcef7,Poor
0xcef8,Poor
0xcef9,Poor
0xcf02,Good
0xcf03,Good
0xcf04,Good
0xcf05,Good
0xcf0e,Good
0xcf0f,Good
0xcf10,Good
0xcf11,Good
0xcf1a,Standard
0xcf1b,Standard
0xcf1c,Standard
0xcf1d,Standard
0xcf26,Poor
0xcf27,Poor
0xcf28,Poor
0xcf29,Poor
0xcf32,Poor
0xcf33,Poor
0xcf34,Poor
0xcf35,Poor
0xcf3e,Standard
0xcf3f,Standard
0xcf40,Standard
0xcf41,Standard
0xcf4a,Poor
0xcf4b,Poor
0xcf4c,Poor
0xcf4d,Standard
0xcf56,Poor
0xcf57,Poor
0xcf58,Poor
0xcf59,Poor
0xcf62,Good
0xcf63,Good
0xcf64,Good
0xcf65,Good
0xcf6e,Good
0xcf6f,Good
0xcf70,Good
0xcf71,Good
0xcf7a,Standard
0xcf7b,Standard
0xcf7c,Poor
0xcf7d,Standard
0xcf86,Good
0xcf87,Good
0xcf88,Good
0xcf89,Good
0xcf92,Good
0xcf93,Good
0xcf94,Good
0xcf95,Good
0xcf9e,Good
0xcf9f,Good
0xcfa0,Good
0xcfa1,Good
0xcfaa,Poor
0xcfab,Poor
0xcfac,Poor
0xcfad,Standard
0xcfb6,Good
0xcfb7,Good
0xcfb8,Good
0xcfb9,Good
0xcfc2,Poor
0xcfc3,Poor
0xcfc4,Poor
0xcfc5,Poor
0xcfce,Standard
0xcfcf,Standard
0xcfd0,Standard
0xcfd1,Standard
0xcfda,Good
0xcfdb,Good
0xcfdc,Good
0xcfdd,Good
0xcfe6,Good
0xcfe7,Good
0xcfe8,Good
0xcfe9,Good
0xcff2,Good
0xcff3,Good
0xcff4,Good
0xcff5,Good
0xcffe,Poor
0xcfff,Poor
0xd000,Poor
0xd001,Poor
0xd00a,Standard
0xd00b,Standard
0xd00c,Poor
0xd00d,Standard
0xd016,Poor
0xd017,Poor
0xd018,Poor
0xd019,Poor
0xd022,Good
0xd023,Good
0xd024,Good
0xd025,Good
0xd02e,Standard
0xd02f,Standard
0xd030,Good
0xd031,Poor
0xd03a,Good
0xd03b,Good
0xd03c,Good
0xd03d,Good
0xd046,Poor
0xd047,Poor
0xd048,Poor
0xd049,Poor
0xd052,Good
0xd053,Good
0xd054,Good
0xd055,Good
0xd05e,Good
0xd05f,Good
0xd060,Good
0xd061,Good
0xd06a,Good
0xd06b,Good
0xd06c,Good
0xd06d,Good
0xd076,Poor
0xd077,Poor
0xd078,Poor
0xd079,Poor
0xd082,Good
0xd083,Good
0xd084,Good
0xd085,Good
0xd08e,Good
0xd08f,Good
0xd090,Good
0xd091,Standard
0xd09a,Poor
0xd09b,Poor
0xd09c,Poor
0xd09d,Poor
0xd0a6,Standard
0xd0a7,Standard
0xd0a8,Standard
0xd0a9,Standard
0xd0b2,Good
0xd0b3,Good
0xd0b4,Good
0xd0b5,Good
0xd0be,Good
0xd0bf,Good
0xd0c0,Good
0xd0c1,Standard
0xd0ca,Poor
0xd0cb,Poor
0xd0cc,Standard
0xd0cd,Standard
0xd0d6,Standard
0xd0d7,Standard
0xd0d8,Standard
0xd0d9,Standard
0xd0e2,Good
0xd0e3,Poor
0xd0e4,Good
0xd0e5,Good
0xd0ee,Poor
0xd0ef,Poor
0xd0f0,Poor
0xd0f1,Poor
0xd0fa,Poor
0xd0fb,Poor
0xd0fc,Poor
0xd0fd,Poor
0xd106,Good
0xd107,Good
0xd108,Good
0xd109,Good
0xd112,Good
0xd113,Good
0xd114,Good
0xd115,Good
0xd11e,Good
0xd11f,Good
0xd120,Good
0xd121,Good
0xd12a,Poor
0xd12b,Poor
0xd12c,Poor
0xd12d,Poor
0xd136,Good
0xd137,Good
0xd138,Good
0xd139,Good
0xd142,Poor
0xd143,Poor
0xd144,Poor
0xd145,Poor
0xd14e,Standard
0xd14f,Good
0xd150,Good
0xd151,Good
0xd15a,Good
0xd15b,Good
0xd15c,Good
0xd15d,Good
0xd166,Standard
0xd167,Standard
0xd168,Standard
0xd169,Standard
0xd172,Poor
0xd173,Poor
0xd174,Poor
0xd175,Poor
0xd17e,Good
0xd17f,Good
0xd180,Good
0xd181,Good
0xd18a,Good
0xd18b,Good
0xd18c,Good
0xd18d,Good
0xd196,Poor
0xd197,Poor
0xd198,Poor
0xd199,Poor
0xd1a2,Good
0xd1a3,Standard
0xd1a4,Poor
0xd1a5,Poor
0xd1ae,Poor
0xd1af,Standard
0xd1b0,Standard
0xd1b1,Standard
0xd1ba,Good
0xd1bb,Good
0xd1bc,Good
0xd1bd,Good
0xd1c6,Good
0xd1c7,Good
0xd1c8,Good
0xd1c9,Good
0xd1d2,Poor
0xd1d3,Poor
0xd1d4,Poor
0xd1d5,Poor
0xd1de,Good
0xd1df,Good
0xd1e0,Good
0xd1e1,Good
0xd1ea,Good
0xd1eb,Good
0xd1ec,Good
0xd1ed,Good
0xd1f6,Standard
0xd1f7,Good
0xd1f8,Standard
0xd1f9,Standard
0xd202,Standard
0xd203,Poor
0xd204,Poor
0xd205,Poor
0xd20e,Standard
0xd20f,Standard
0xd210,Standard
0xd211,Standard
0xd21a,Standard
0xd21b,Standard
0xd21c,Standard
0xd21d,Standard
0xd226,Poor
0xd227,Poor
0xd228,Poor
0xd229,Poor
0xd232,Good
0xd233,Good
0xd234,Good
0xd235,Good
0xd23e,Good
0xd23f,Good
0xd240,Good
0xd241,Good
0xd24a,Poor
0xd24b,Poor
0xd24c,Poor
0xd24d,Poor
0xd256,Poor
0xd257,Poor
0xd258,Poor
0xd259,Poor
0xd262,Good
0xd263,Good
0xd264,Good
0xd265,Good
0xd26e,Standard
0xd26f,Standard
0xd270,Standard
0xd271,Good
0xd27a,Standard
0xd27b,Standard
0xd27c,Standard
0xd27d,Standard
0xd286,Good
0xd287,Good
0xd288,Good
0xd289,Good
0xd292,Poor
0xd293,Poor
0xd294,Poor
0xd295,Poor
0xd29e,Poor
0xd29f,Poor
0xd2a0,Poor
0xd2a1,Poor
0xd2aa,Good
0xd2ab,Good
0xd2ac,Good
0xd2ad,Good
0xd2b6,Standard
0xd2b7,Standard
0xd2b8,Standard
0xd2b9,Standard
0xd2c2,Good
0xd2c3,Good
0xd2c4,Good
0xd2c5,Good
0xd2ce,Good
0xd2cf,Good
0xd2d0,Good
0xd2d1,Good
0xd2da,Good
0xd2db,Good
0xd2dc,Good
0xd2dd,Good
0xd2e6,Good
0xd2e7,Good
0xd2e8,Good
0xd2e9,Good
0xd2f2,Standard
0xd2f3,Standard
0xd2f4,Standard
0xd2f5,Standard
0xd2fe,Good
0xd2ff,Standard
0xd300,Good
0xd301,Good
0xd30a,Poor
0xd30b,Poor
0xd30c,Poor
0xd30d,Poor
0xd316,Good
0xd317,Good
0xd318,Good
0xd319,Good
0xd322,Good
0xd323,Good
0xd324,Good
0xd325,Good
0xd32e,Standard
0xd32f,Standard
0xd330,Standard
0xd331,Standard
0xd33a,Standard
0xd33b,Standard
0xd33c,Poor
0xd33d,Standard
0xd346,Good
0xd347,Good
0xd348,Good
0xd349,Good
0xd352,Poor
0xd353,Poor
0xd354,Poor
0xd355,Poor
0xd35e,Poor
0xd35f,Poor
0xd360,Poor
0xd361,Poor
0xd36a,Standard
0xd36b,Standard
0xd36c,Poor
0xd36d,Standard
0xd376,Good
0xd377,Good
0xd378,Good
0xd379,Good
0xd382,Good
0xd383,Good
0xd384,Good
0xd385,Good
0xd38e,Poor
0xd38f,Poor
0xd390,Poor
0xd391,Poor
0xd39a,Good
0xd39b,Good
0xd39c,Standard
0xd39d,Good
0xd3a6,Good
0xd3a7,Good
0xd3a8,Good
0xd3a9,Good
0xd3b2,Poor
0xd3b3,Standard
0xd3b4,Poor
0xd3b5,Poor
0xd3be,Standard
0xd3bf,Standard
0xd3c0,Standard
0xd3c1,Standard
0xd3ca,Standard
0xd3cb,Standard
0xd3cc,Standard
0xd3cd,Standard
0xd3d6,Poor
0xd3d7,Poor
0xd3d8,Poor
0xd3d9,Poor
0xd3e2,Good
0xd3e3,Good
0xd3e4,Good
0xd3e5,Good
0xd3ee,Good
0xd3ef,Good
0xd3f0,Good
0xd3f1,Good
0xd3fa,Good
0xd3fb,Good
0xd3fc,Good
0xd3fd,Good
0xd406,Poor
0xd407,Poor
0xd408,Poor
0xd409,Poor
0xd412,Standard
0xd413,Standard
0xd414,Standard
0xd415,Standard
0xd41e,Poor
0xd41f,Poor
0xd420,Poor
0xd421,Poor
0xd42a,Poor
0xd42b,Poor
0xd42c,Poor
0xd42d,Poor
0xd436,Standard
0xd437,Standard
0xd438,Standard
0xd439,Poor
0xd442,Poor
0xd443,Poor
0xd444,Poor
0xd445,Poor
0xd44e,Standard
0xd44f,Standard
0xd450,Standard
0xd451,Standard
0xd45a,Poor
0xd45b,Poor
0xd45c,Standard
0xd45d,Poor
0xd466,Standard
0xd467,Standard
0xd468,Standard
0xd469,Standard
0xd472,Good
0xd473,Good
0xd474,Good
0xd475,Good
0xd47e,Good
0xd47f,Good
0xd480,Good
0xd481,Standard
0xd48a,Poor
0xd48b,Poor
0xd48c,Poor
0xd48d,Poor
0xd496,Poor
0xd497,Poor
0xd498,Poor
0xd499,Poor
0xd4a2,Standard
0xd4a3,Standard
0xd4a4,Standard
0xd4a5,Standard
0xd4ae,Poor
0xd4af,Poor
0xd4b0,Poor
0xd4b1,Poor
0xd4ba,Good
0xd4bb,Good
0xd4bc,Good
0xd4bd,Good
0xd4c6,Standard
0xd4c7,Standard
0xd4c8,Standard
0xd4c9,Standard
0xd4d2,Good
0xd4d3,Good
0xd4d4,Good
0xd4d5,Good
0xd4de,Poor
0xd4df,Poor
0xd4e0,Poor
0xd4e1,Poor
0xd4ea,Standard
0xd4eb,Standard
0xd4ec,Standard
0xd4ed,Standard
0xd4f6,Good
0xd4f7,Good
0xd4f8,Good
0xd4f9,Good
0xd502,Poor
0xd503,Poor
0xd504,Poor
0xd505,Poor
0xd50e,Standard
0xd50f,Poor
0xd510,Poor
0xd511,Standard
0xd51a,Poor
0xd51b,Poor
0xd51c,Standard
0xd51d,Poor
0xd526,Poor
0xd527,Standard
0xd528,Standard
0xd529,Standard
0xd532,Poor
0xd533,Poor
0xd534,Poor
0xd535,Poor
0xd53e,Poor
0xd53f,Poor
0xd540,Poor
0xd541,Poor
0xd54a,Poor
0xd54b,Standard
0xd54c,Poor
0xd54d,Standard
0xd556,Poor
0xd557,Poor
0xd558,Poor
0xd559,Poor
0xd562,Good
0xd563,Good
0xd564,Standard
0xd565,Good
0xd56e,Poor
0xd56f,Poor
0xd570,Poor
0xd571,Poor
0xd57a,Poor
0xd57b,Poor
0xd57c,Poor
0xd57d,Poor
0xd586,Poor
0xd587,Poor
0xd588,Poor
0xd589,Poor
0xd592,Standard
0xd593,Standard
0xd594,Poor
0xd595,Standard
0xd59e,Standard
0xd59f,Poor
0xd5a0,Standard
0xd5a1,Standard
0xd5aa,Poor
0xd5ab,Poor
0xd5ac,Poor
0xd5ad,Poor
0xd5b6,Good
0xd5b7,Good
0xd5b8,Good
0xd5b9,Standard
0xd5c2,Standard
0xd5c3,Standard
0xd5c4,Standard
0xd5c5,Standard
0xd5ce,Poor
0xd5cf,Poor
0xd5d0,Poor
0xd5d1,Poor
0xd5da,Poor
0xd5db,Poor
0xd5dc,Poor
0xd5dd,Poor
0xd5e6,Poor
0xd5e7,Poor
0xd5e8,Poor
0xd5e9,Poor
0xd5f2,Good
0xd5f3,Good
0xd5f4,Good
0xd5f5,Good
0xd5fe,Standard
0xd5ff,Standard
0xd600,Standard
0xd601,Standard
0xd60a,Good
0xd60b,Good
0xd60c,Good
0xd60d,Good
0xd616,Standard
0xd617,Standard
0xd618,Standard
0xd619,Standard
0xd622,Good
0xd623,Good
0xd624,Good
0xd625,Good
0xd62e,Poor
0xd62f,Poor
0xd630,Poor
0xd631,Poor
0xd63a,Standard
0xd63b,Standard
0xd63c,Standard
0xd63d,Standard
0xd646,Standard
0xd647,Good
0xd648,Standard
0xd649,Poor
0xd652,Poor
0xd653,Poor
0xd654,Poor
0xd655,Poor
0xd65e,Poor
0xd65f,Poor
0xd660,Poor
0xd661,Poor
0xd66a,Standard
0xd66b,Standard
0xd66c,Standard
0xd66d,Good
0xd676,Good
0xd677,Good
0xd678,Good
0xd679,Good
0xd682,Good
0xd683,Good
0xd684,Good
0xd685,Good
0xd68e,Good
0xd68f,Good
0xd690,Good
0xd691,Good
0xd69a,Good
0xd69b,Good
0xd69c,Good
0xd69d,Good
0xd6a6,Standard
0xd6a7,Poor
0xd6a8,Standard
0xd6a9,Poor
0xd6b2,Good
0xd6b3,Good
0xd6b4,Good
0xd6b5,Good
0xd6be,Good
0xd6bf,Good
0xd6c0,Standard
0xd6c1,Good
0xd6ca,Poor
0xd6cb,Poor
0xd6cc,Poor
0xd6cd,Poor
0xd6d6,Good
0xd6d7,Good
0xd6d8,Good
0xd6d9,Good
0xd6e2,Good
0xd6e3,Good
0xd6e4,Good
0xd6e5,Good
0xd6ee,Poor
0xd6ef,Standard
0xd6f0,Standard
0xd6f1,Poor
0xd6fa,Good
0xd6fb,Good
0xd6fc,Good
0xd6fd,Good
0xd706,Good
0xd707,Good
0xd708,Good
0xd709,Good
0xd712,Good
0xd713,Good
0xd714,Good
0xd715,Good
0xd71e,Standard
0xd71f,Good
0xd720,Good
0xd721,Good
0xd72a,Standard
0xd72b,Standard
0xd72c,Standard
0xd72d,Good
0xd736,Good
0xd737,Good
0xd738,Good
0xd739,Good
0xd742,Poor
0xd743,Poor
0xd744,Poor
0xd745,Poor
0xd74e,Good
0xd74f,Good
0xd750,Good
0xd751,Good
0xd75a,Good
0xd75b,Good
0xd75c,Good
0xd75d,Good
0xd766,Good
0xd767,Good
0xd768,Good
0xd769,Good
0xd772,Poor
0xd773,Poor
0xd774,Poor
0xd775,Poor
0xd77e,Good
0xd77f,Good
0xd780,Good
0xd781,Good
0xd78a,Good
0xd78b,Good
0xd78c,Good
0xd78d,Good
0xd796,Good
0xd797,Good
0xd798,Good
0xd799,Good
0xd7a2,Poor
0xd7a3,Poor
0xd7a4,Poor
0xd7a5,Poor
0xd7ae,Poor
0xd7af,Poor
0xd7b0,Poor
0xd7b1,Poor
0xd7ba,Standard
0xd7bb,Good
0xd7bc,Standard
0xd7bd,Good
0xd7c6,Good
0xd7c7,Good
0xd7c8,Good
0xd7c9,Good
0xd7d2,Good
0xd7d3,Good
0xd7d4,Good
0xd7d5,Good
0xd7de,Poor
0xd7df,Poor
0xd7e0,Poor
0xd7e1,Poor
0xd7ea,Good
0xd7eb,Good
0xd7ec,Good
0xd7ed,Good
0xd7f6,Poor
0xd7f7,Good
0xd7f8,Good
0xd7f9,Good
0xd802,Poor
0xd803,Poor
0xd804,Poor
0xd805,Poor
0xd80e,Good
0xd80f,Good
0xd810,Good
0xd811,Good
0xd81a,Standard
0xd81b,Standard
0xd81c,Standard
0xd81d,Standard
0xd826,Poor
0xd827,Poor
0xd828,Poor
0xd829,Poor
0xd832,Poor
0xd833,Poor
0xd834,Poor
0xd835,Poor
0xd83e,Poor
0xd83f,Poor
0xd840,Poor
0xd841,Poor
0xd84a,Poor
0xd84b,Poor
0xd84c,Poor
0xd84d,Poor
0xd856,Good
0xd857,Good
0xd858,Good
0xd859,Good
0xd862,Good
0xd863,Good
0xd864,Good
0xd865,Good
0xd86e,Poor
0xd86f,Poor
0xd870,Poor
0xd871,Poor
0xd87a,Standard
0xd87b,Good
0xd87c,Good
0xd87d,Good
0xd886,Good
0xd887,Good
0xd888,Good
0xd889,Good
0xd892,Good
0xd893,Good
0xd894,Good
0xd895,Good
0xd89e,Good
0xd89f,Standard
0xd8a0,Good
0xd8a1,Good
0xd8aa,Standard
0xd8ab,Poor
0xd8ac,Standard
0xd8ad,Standard
0xd8b6,Good
0xd8b7,Good
0xd8b8,Good
0xd8b9,Good
0xd8c2,Poor
0xd8c3,Poor
0xd8c4,Poor
0xd8c5,Poor
0xd8ce,Standard
0xd8cf,Standard
0xd8d0,Standard
0xd8d1,Standard
0xd8da,Good
0xd8db,Good
0xd8dc,Good
0xd8dd,Good
0xd8e6,Poor
0xd8e7,Poor
0xd8e8,Standard
0xd8e9,Poor
0xd8f2,Good
0xd8f3,Good
0xd8f4,Good
0xd8f5,Good
0xd8fe,Poor
0xd8ff,Poor
0xd900,Poor
0xd901,Poor
0xd90a,Good
0xd90b,Good
0xd90c,Good
0xd90d,Good
0xd916,Poor
0xd917,Poor
0xd918,Poor
0xd919,Poor
0xd922,Good
0xd923,Good
0xd924,Good
0xd925,Good
0xd92e,Poor
0xd92f,Poor
0xd930,Poor
0xd931,Poor
0xd93a,Poor
0xd93b,Poor
0xd93c,Poor
0xd93d,Poor
0xd946,Poor
0xd947,Poor
0xd948,Poor
0xd949,Poor
0xd952,Poor
0xd953,Poor
0xd954,Poor
0xd955,Poor
0xd95e,Standard
0xd95f,Standard
0xd960,Standard
0xd961,Standard
0xd96a,Poor
0xd96b,Poor
0xd96c,Poor
0xd96d,Poor
0xd976,Poor
0xd977,Poor
0xd978,Poor
0xd979,Poor
0xd982,Good
0xd983,Good
0xd984,Good
0xd985,Good
0xd98e,Good
0xd98f,Good
0xd990,Good
0xd991,Good
0xd99a,Good
0xd99b,Good
0xd99c,Good
0xd99d,Good
0xd9a6,Good
0xd9a7,Good
0xd9a8,Good
0xd9a9,Good
0xd9b2,Poor
0xd9b3,Standard
0xd9b4,Standard
0xd9b5,Standard
0xd9be,Poor
0xd9bf,Standard
0xd9c0,Standard
0xd9c1,Poor
0xd9ca,Poor
0xd9cb,Poor
0xd9cc,Standard
0xd9cd,Poor
0xd9d6,Good
0xd9d7,Good
0xd9d8,Good
0xd9d9,Good
0xd9e2,Good
0xd9e3,Good
0xd9e4,Good
0xd9e5,Good
0xd9ee,Standard
0xd9ef,Standard
0xd9f0,Standard
0xd9f1,Standard
0xd9fa,Good
0xd9fb,Standard
0xd9fc,Good
0xd9fd,Good
0xda06,Standard
0xda07,Poor
0xda08,Poor
0xda09,Standard
0xda12,Poor
0xda13,Poor
0xda14,Poor
0xda15,Poor
0xda1e,Good
0xda1f,Good
0xda20,Standard
0xda21,Good
0xda2a,Good
0xda2b,Good
0xda2c,Good
0xda2d,Good
0xda36,Standard
0xda37,Standard
0xda38,Standard
0xda39,Standard
0xda42,Poor
0xda43,Standard
0xda44,Standard
0xda45,Standard
0xda4e,Poor
0xda4f,Poor
0xda50,Poor
0xda51,Poor
0xda5a,Standard
0xda5b,Standard
0xda5c,Standard
0xda5d,Standard
0xda66,Good
0xda67,Good
0xda68,Good
0xda69,Good
0xda72,Good
0xda73,Good
0xda74,Good
0xda75,Good
0xda7e,Poor
0xda7f,Poor
0xda80,Poor
0xda81,Poor
0xda8a,Good
0xda8b,Good
0xda8c,Good
0xda8d,Good
0xda96,Poor
0xda97,Poor
0xda98,Poor
0xda99,Poor
0xdaa2,Good
0xdaa3,Good
0xdaa4,Good
0xdaa5,Good
0xdaae,Good
0xdaaf,Good
0xdab0,Good
0xdab1,Good
0xdaba,Poor
0xdabb,Poor
0xdabc,Poor
0xdabd,Poor
0xdac6,Good
0xdac7,Good
0xdac8,Good
0xdac9,Good
0xdad2,Poor
0xdad3,Poor
0xdad4,Poor
0xdad5,Poor
0xdade,Standard
0xdadf,Standard
0xdae0,Poor
0xdae1,Poor
0xdaea,Poor
0xdaeb,Poor
0xdaec,Poor
0xdaed,Poor
0xdaf6,Poor
0xdaf7,Poor
0xdaf8,Poor
0xdaf9,Poor
0xdb02,Good
0xdb03,Good
0xdb04,Good
0xdb05,Good
0xdb0e,Good
0xdb0f,Good
0xdb10,Good
0xdb11,Good
0xdb1a,Standard
0xdb1b,Good
0xdb1c,Standard
0xdb1d,Standard
0xdb26,Good
0xdb27,Good
0xdb28,Good
0xdb29,Good
0xdb32,Poor
0xdb33,Standard
0xdb34,Poor
0xdb35,Poor
0xdb3e,Good
0xdb3f,Good
0xdb40,Good
0xdb41,Good
0xdb4a,Good
0xdb4b,Good
0xdb4c,Good
0xdb4d,Good
0xdb56,Poor
0xdb57,Poor
0xdb58,Poor
0xdb59,Poor
0xdb62,Good
0xdb63,Good
0xdb64,Good
0xdb65,Good
0xdb6e,Good
0xdb6f,Good
0xdb70,Good
0xdb71,Good
0xdb7a,Poor
0xdb7b,Poor
0xdb7c,Poor
0xdb7d,Poor
0xdb86,Standard
0xdb87,Standard
0xdb88,Standard
0xdb89,Good
0xdb92,Good
0xdb93,Good
0xdb94,Good
0xdb95,Good
0xdb9e,Poor
0xdb9f,Poor
0xdba0,Poor
0xdba1,Poor
0xdbaa,Standard
0xdbab,Standard
0xdbac,Standard
0xdbad,Standard
0xdbb6,Poor
0xdbb7,Poor
0xdbb8,Poor
0xdbb9,Poor
0xdbc2,Good
0xdbc3,Good
0xdbc4,Good
0xdbc5,Good
0xdbce,Poor
0xdbcf,Poor
0xdbd0,Poor
0xdbd1,Poor
0xdbda,Good
0xdbdb,Good
0xdbdc,Good
0xdbdd,Good
0xdbe6,Standard
0xdbe7,Standard
0xdbe8,Standard
0xdbe9,Standard
0xdbf2,Good
0xdbf3,Good
0xdbf4,Good
0xdbf5,Good
0xdbfe,Good
0xdbff,Good
0xdc00,Good
0xdc01,Good
0xdc0a,Standard
0xdc0b,Standard
0xdc0c,Standard
0xdc0d,Standard
0xdc16,Standard
0xdc17,Standard
0xdc18,Standard
0xdc19,Standard
0xdc22,Good
0xdc23,Good
0xdc24,Good
0xdc25,Good
0xdc2e,Poor
0xdc2f,Poor
0xdc30,Poor
0xdc31,Poor
0xdc3a,Standard
0xdc3b,Standard
0xdc3c,Standard
0xdc3d,Standard
0xdc46,Good
0xdc47,Good
0xdc48,Good
0xdc49,Good
0xdc52,Poor
0xdc53,Poor
0xdc54,Poor
0xdc55,Poor
0xdc5e,Standard
0xdc5f,Standard
0xdc60,Standard
0xdc61,Standard
0xdc6a,Good
0xdc6b,Good
0xdc6c,Good
0xdc6d,Standard
0xdc76,Poor
0xdc77,Poor
0xdc78,Poor
0xdc79,Poor
0xdc82,Good
0xdc83,Good
0xdc84,Good
0xdc85,Good
0xdc8e,Poor
0xdc8f,Poor
0xdc90,Poor
0xdc91,Poor
0xdc9a,Good
0xdc9b,Good
0xdc9c,Good
0xdc9d,Good
0xdca6,Good
0xdca7,Good
0xdca8,Good
0xdca9,Good
0xdcb2,Standard
0xdcb3,Standard
0xdcb4,Good
0xdcb5,Good
0xdcbe,Poor
0xdcbf,Poor
0xdcc0,Poor
0xdcc1,Poor
0xdcca,Standard
0xdccb,Standard
0xdccc,Standard
0xdccd,Standard
0xdcd6,Good
0xdcd7,Good
0xdcd8,Good
0xdcd9,Good
0xdce2,Good
0xdce3,Good
0xdce4,Good
0xdce5,Good
0xdcee,Good
0xdcef,Good
0xdcf0,Good
0xdcf1,Good
0xdcfa,Good
0xdcfb,Good
0xdcfc,Good
0xdcfd,Good
0xdd06,Poor
0xdd07,Standard
0xdd08,Standard
0xdd09,Standard
0xdd12,Good
0xdd13,Good
0xdd14,Good
0xdd15,Good
0xdd1e,Standard
0xdd1f,Standard
0xdd20,Standard
0xdd21,Standard
0xdd2a,Good
0xdd2b,Good
0xdd2c,Good
0xdd2d,Good
0xdd36,Poor
0xdd37,Poor
0xdd38,Poor
0xdd39,Poor
0xdd42,Good
0xdd43,Good
0xdd44,Good
0xdd45,Good
0xdd4e,Good
0xdd4f,Good
0xdd50,Good
0xdd51,Good
0xdd5a,Good
0xdd5b,Good
0xdd5c,Good
0xdd5d,Good
0xdd66,Good
0xdd67,Good
0xdd68,Good
0xdd69,Good
0xdd72,Good
0xdd73,Good
0xdd74,Good
0xdd75,Good
0xdd7e,Good
0xdd7f,Good
0xdd80,Good
0xdd81,Good
0xdd8a,Poor
0xdd8b,Poor
0xdd8c,Poor
0xdd8d,Poor
0xdd96,Good
0xdd97,Good
0xdd98,Good
0xdd99,Good
0xdda2,Poor
0xdda3,Poor
0xdda4,Standard
0xdda5,Standard
0xddae,Good
0xddaf,Good
0xddb0,Good
0xddb1,Good
0xddba,Poor
0xddbb,Poor
0xddbc,Poor
0xddbd,Poor
0xddc6,Good
0xddc7,Good
0xddc8,Good
0xddc9,Good
0xddd2,Standard
0xddd3,Standard
0xddd4,Standard
0xddd5,Standard
0xddde,Good
0xdddf,Good
0xdde0,Good
0xdde1,Good
0xddea,Poor
0xddeb,Poor
0xddec,Poor
0xdded,Poor
0xddf6,Poor
0xddf7,Poor
0xddf8,Poor
0xddf9,Poor
0xde02,Good
0xde03,Good
0xde04,Good
0xde05,Good
0xde0e,Good
0xde0f,Good
0xde10,Good
0xde11,Good
0xde1a,Standard
0xde1b,Standard
0xde1c,Standard
0xde1d,Standard
0xde26,Standard
0xde27,Standard
0xde28,Standard
0xde29,Standard
0xde32,Good
0xde33,Good
0xde34,Good
0xde35,Good
0xde3e,Poor
0xde3f,Poor
0xde40,Poor
0xde41,Poor
0xde4a,Good
0xde4b,Good
0xde4c,Good
0xde4d,Good
0xde56,Standard
0xde57,Standard
0xde58,Poor
0xde59,Standard
0xde62,Standard
0xde63,Standard
0xde64,Standard
0xde65,Standard
0xde6e,Poor
0xde6f,Poor
0xde70,Poor
0xde71,Poor
0xde7a,Good
0xde7b,Standard
0xde7c,Good
0xde7d,Good
0xde86,Good
0xde87,Good
0xde88,Good
0xde89,Good
0xde92,Good
0xde93,Good
0xde94,Good
0xde95,Good
0xde9e,Good
0xde9f,Good
0xdea0,Good
0xdea1,Good
0xdeaa,Good
0xdeab,Good
0xdeac,Good
0xdead,Good
0xdeb6,Good
0xdeb7,Good
0xdeb8,Good
0xdeb9,Good
0xdec2,Good
0xdec3,Good
0xdec4,Good
0xdec5,Good
0xdece,Good
0xdecf,Good
0xded0,Good
0xded1,Good
0xdeda,Good
0xdedb,Good
0xdedc,Good
0xdedd,Good
0xdee6,Good
0xdee7,Good
0xdee8,Good
0xdee9,Good
0xdef2,Poor
0xdef3,Poor
0xdef4,Poor
0xdef5,Poor
0xdefe,Standard
0xdeff,Standard
0xdf00,Standard
0xdf01,Standard
0xdf0a,Good
0xdf0b,Good
0xdf0c,Good
0xdf0d,Good
0xdf16,Good
0xdf17,Good
0xdf18,Good
0xdf19,Good
0xdf22,Good
0xdf23,Good
0xdf24,Good
0xdf25,Standard
0xdf2e,Poor
0xdf2f,Poor
0xdf30,Poor
0xdf31,Poor
0xdf3a,Good
0xdf3b,Good
0xdf3c,Good
0xdf3d,Good
0xdf46,Standard
0xdf47,Standard
0xdf48,Standard
0xdf49,Standard
0xdf52,Good
0xdf53,Good
0xdf54,Good
0xdf55,Good
0xdf5e,Good
0xdf5f,Standard
0xdf60,Good
0xdf61,Good
0xdf6a,Good
0xdf6b,Good
0xdf6c,Good
0xdf6d,Good
0xdf76,Good
0xdf77,Good
0xdf78,Good
0xdf79,Good
0xdf82,Poor
0xdf83,Poor
0xdf84,Poor
0xdf85,Poor
0xdf8e,Standard
0xdf8f,Standard
0xdf90,Standard
0xdf91,Poor
0xdf9a,Poor
0xdf9b,Standard
0xdf9c,Standard
0xdf9d,Standard
0xdfa6,Standard
0xdfa7,Standard
0xdfa8,Standard
0xdfa9,Standard
0xdfb2,Good
0xdfb3,Good
0xdfb4,Good
0xdfb5,Good
0xdfbe,Good
0xdfbf,Good
0xdfc0,Good
0xdfc1,Good
0xdfca,Good
0xdfcb,Good
0xdfcc,Standard
0xdfcd,Good
0xdfd6,Good
0xdfd7,Good
0xdfd8,Good
0xdfd9,Good
0xdfe2,Poor
0xdfe3,Poor
0xdfe4,Poor
0xdfe5,Poor
0xdfee,Good
0xdfef,Good
0xdff0,Good
0xdff1,Good
0xdffa,Standard
0xdffb,Standard
0xdffc,Standard
0xdffd,Standard
0xe006,Good
0xe007,Good
0xe008,Good
0xe009,Good
0xe012,Good
0xe013,Good
0xe014,Good
0xe015,Good
0xe01e,Poor
0xe01f,Poor
0xe020,Poor
0xe021,Poor
0xe02a,Good
0xe02b,Good
0xe02c,Good
0xe02d,Good
0xe036,Standard
0xe037,Standard
0xe038,Standard
0xe039,Standard
0xe042,Poor
0xe043,Poor
0xe044,Poor
0xe045,Poor
0xe04e,Poor
0xe04f,Poor
0xe050,Poor
0xe051,Poor
0xe05a,Poor
0xe05b,Poor
0xe05c,Poor
0xe05d,Poor
0xe066,Good
0xe067,Good
0xe068,Good
0xe069,Good
0xe072,Standard
0xe073,Good
0xe074,Good
0xe075,Good
0xe07e,Good
0xe07f,Good
0xe080,Good
0xe081,Good
0xe08a,Poor
0xe08b,Poor
0xe08c,Poor
0xe08d,Poor
0xe096,Poor
0xe097,Standard
0xe098,Standard
0xe099,Standard
0xe0a2,Poor
0xe0a3,Poor
0xe0a4,Poor
0xe0a5,Poor
0xe0ae,Poor
0xe0af,Poor
0xe0b0,Poor
0xe0b1,Poor
0xe0ba,Standard
0xe0bb,Standard
0xe0bc,Standard
0xe0bd,Standard
0xe0c6,Poor
0xe0c7,Poor
0xe0c8,Poor
0xe0c9,Poor
0xe0d2,Good
0xe0d3,Good
0xe0d4,Good
0xe0d5,Good
0xe0de,Poor
0xe0df,Poor
0xe0e0,Poor
0xe0e1,Poor
0xe0ea,Poor
0xe0eb,Poor
0xe0ec,Poor
0xe0ed,Poor
0xe0f6,Good
0xe0f7,Good
0xe0f8,Good
0xe0f9,Good
0xe102,Good
0xe103,Good
0xe104,Good
0xe105,Good
0xe10e,Good
0xe10f,Good
0xe110,Good
0xe111,Good
0xe11a,Poor
0xe11b,Poor
0xe11c,Poor
0xe11d,Poor
0xe126,Good
0xe127,Good
0xe128,Good
0xe129,Good
0xe132,Good
0xe133,Good
0xe134,Good
0xe135,Good
0xe13e,Good
0xe13f,Good
0xe140,Good
0xe141,Good
0xe14a,Good
0xe14b,Good
0xe14c,Good
0xe14d,Good
0xe156,Standard
0xe157,Poor
0xe158,Poor
0xe159,Standard
0xe162,Poor
0xe163,Poor
0xe164,Poor
0xe165,Poor
0xe16e,Good
0xe16f,Good
0xe170,Good
0xe171,Good
0xe17a,Poor
0xe17b,Poor
0xe17c,Poor
0xe17d,Poor
0xe186,Good
0xe187,Good
0xe188,Good
0xe189,Good
0xe192,Standard
0xe193,Standard
0xe194,Standard
0xe195,Standard
0xe19e,Standard
0xe19f,Standard
0xe1a0,Standard
0xe1a1,Poor
0xe1aa,Good
0xe1ab,Good
0xe1ac,Good
0xe1ad,Good
0xe1b6,Good
0xe1b7,Good
0xe1b8,Good
0xe1b9,Good
0xe1c2,Good
0xe1c3,Good
0xe1c4,Good
0xe1c5,Good
0xe1ce,Standard
0xe1cf,Standard
0xe1d0,Poor
0xe1d1,Standard
0xe1da,Poor
0xe1db,Poor
0xe1dc,Poor
0xe1dd,Poor
0xe1e6,Poor
0xe1e7,Poor
0xe1e8,Poor
0xe1e9,Poor
0xe1f2,Good
0xe1f3,Good
0xe1f4,Good
0xe1f5,Good
0xe1fe,Standard
0xe1ff,Good
0xe200,Good
0xe201,Good
0xe20a,Good
0xe20b,Good
0xe20c,Good
0xe20d,Good
0xe216,Good
0xe217,Good
0xe218,Good
0xe219,Good
0xe222,Poor
0xe223,Poor
0xe224,Standard
0xe225,Standard
0xe22e,Poor
0xe22f,Poor
0xe230,Poor
0xe231,Poor
0xe23a,Poor
0xe23b,Poor
0xe23c,Poor
0xe23d,Poor
0xe246,Poor
0xe247,Poor
0xe248,Poor
0xe249,Poor
0xe252,Poor
0xe253,Standard
0xe254,Standard
0xe255,Poor
0xe25e,Poor
0xe25f,Poor
0xe260,Poor
0xe261,Poor
0xe26a,Standard
0xe26b,Poor
0xe26c,Standard
0xe26d,Poor
0xe276,Standard
0xe277,Standard
0xe278,Standard
0xe279,Standard
0xe282,Poor
0xe283,Poor
0xe284,Poor
0xe285,Poor
0xe28e,Good
0xe28f,Good
0xe290,Good
0xe291,Good
0xe29a,Good
0xe29b,Good
0xe29c,Good
0xe29d,Good
0xe2a6,Poor
0xe2a7,Poor
0xe2a8,Standard
0xe2a9,Poor
0xe2b2,Good
0xe2b3,Good
0xe2b4,Good
0xe2b5,Good
0xe2be,Standard
0xe2bf,Poor
0xe2c0,Standard
0xe2c1,Good
0xe2ca,Standard
0xe2cb,Standard
0xe2cc,Standard
0xe2cd,Standard
0xe2d6,Standard
0xe2d7,Standard
0xe2d8,Standard
0xe2d9,Standard
0xe2e2,Good
0xe2e3,Good
0xe2e4,Good
0xe2e5,Good
0xe2ee,Poor
0xe2ef,Poor
0xe2f0,Standard
0xe2f1,Standard
0xe2fa,Good
0xe2fb,Standard
0xe2fc,Good
0xe2fd,Good
0xe306,Good
0xe307,Good
0xe308,Good
0xe309,Good
0xe312,Poor
0xe313,Poor
0xe314,Poor
0xe315,Poor
0xe31e,Standard
0xe31f,Standard
0xe320,Standard
0xe321,Standard
0xe32a,Poor
0xe32b,Poor
0xe32c,Poor
0xe32d,Poor
0xe336,Poor
0xe337,Poor
0xe338,Poor
0xe339,Poor
0xe342,Good
0xe343,Good
0xe344,Good
0xe345,Good
0xe34e,Standard
0xe34f,Standard
0xe350,Standard
0xe351,Standard
0xe35a,Poor
0xe35b,Poor
0xe35c,Poor
0xe35d,Poor
0xe366,Poor
0xe367,Poor
0xe368,Poor
0xe369,Poor
0xe372,Good
0xe373,Good
0xe374,Good
0xe375,Good
0xe37e,Poor
0xe37f,Standard
0xe380,Standard
0xe381,Standard
0xe38a,Poor
0xe38b,Poor
0xe38c,Poor
0xe38d,Poor
0xe396,Good
0xe397,Good
0xe398,Good
0xe399,Good
0xe3a2,Good
0xe3a3,Good
0xe3a4,Good
0xe3a5,Good
0xe3ae,Good
0xe3af,Good
0xe3b0,Good
0xe3b1,Good
0xe3ba,Poor
0xe3bb,Poor
0xe3bc,Poor
0xe3bd,Poor
0xe3c6,Good
0xe3c7,Good
0xe3c8,Good
0xe3c9,Good
0xe3d2,Standard
0xe3d3,Standard
0xe3d4,Standard
0xe3d5,Good
0xe3de,Good
0xe3df,Good
0xe3e0,Good
0xe3e1,Good
0xe3ea,Good
0xe3eb,Good
0xe3ec,Good
0xe3ed,Good
0xe3f6,Good
0xe3f7,Good
0xe3f8,Good
0xe3f9,Good
0xe402,Poor
0xe403,Poor
0xe404,Poor
0xe405,Poor
0xe40e,Good
0xe40f,Good
0xe410,Good
0xe411,Good
0xe41a,Standard
0xe41b,Standard
0xe41c,Standard
0xe41d,Standard
0xe426,Standard
0xe427,Standard
0xe428,Standard
0xe429,Standard
0xe432,Good
0xe433,Good
0xe434,Good
0xe435,Good
0xe43e,Poor
0xe43f,Poor
0xe440,Poor
0xe441,Poor
0xe44a,Good
0xe44b,Good
0xe44c,Standard
0xe44d,Standard
0xe456,Poor
0xe457,Poor
0xe458,Poor
0xe459,Poor
0xe462,Poor
0xe463,Poor
0xe464,Poor
0xe465,Poor
0xe46e,Good
0xe46f,Good
0xe470,Good
0xe471,Good
0xe47a,Good
0xe47b,Good
0xe47c,Good
0xe47d,Good
0xe486,Standard
0xe487,Standard
0xe488,Standard
0xe489,Standard
0xe492,Poor
0xe493,Poor
0xe494,Poor
0xe495,Poor
0xe49e,Poor
0xe49f,Poor
0xe4a0,Poor
0xe4a1,Poor
0xe4aa,Poor
0xe4ab,Poor
0xe4ac,Poor
0xe4ad,Poor
0xe4b6,Poor
0xe4b7,Poor
0xe4b8,Poor
0xe4b9,Poor
0xe4c2,Good
0xe4c3,Good
0xe4c4,Good
0xe4c5,Good
0xe4ce,Good
0xe4cf,Good
0xe4d0,Good
0xe4d1,Good
0xe4da,Poor
0xe4db,Poor
0xe4dc,Poor
0xe4dd,Poor
0xe4e6,Good
0xe4e7,Good
0xe4e8,Good
0xe4e9,Good
0xe4f2,Good
0xe4f3,Good
0xe4f4,Good
0xe4f5,Good
0xe4fe,Poor
0xe4ff,Poor
0xe500,Poor
0xe501,Poor
0xe50a,Poor
0xe50b,Poor
0xe50c,Poor
0xe50d,Poor
0xe516,Good
0xe517,Good
0xe518,Good
0xe519,Good
0xe522,Poor
0xe523,Poor
0xe524,Standard
0xe525,Poor
0xe52e,Standard
0xe52f,Standard
0xe530,Standard
0xe531,Standard
0xe53a,Poor
0xe53b,Poor
0xe53c,Poor
0xe53d,Poor
0xe546,Standard
0xe547,Standard
0xe548,Standard
0xe549,Standard
0xe552,Good
0xe553,Good
0xe554,Good
0xe555,Good
0xe55e,Poor
0xe55f,Poor
0xe560,Poor
0xe561,Poor
0xe56a,Standard
0xe56b,Standard
0xe56c,Poor
0xe56d,Standard
0xe576,Poor
0xe577,Poor
0xe578,Poor
0xe579,Poor
0xe582,Good
0xe583,Good
0xe584,Good
0xe585,Good
0xe58e,Good
0xe58f,Good
0xe590,Good
0xe591,Good
0xe59a,Poor
0xe59b,Poor
0xe59c,Poor
0xe59d,Poor
0xe5a6,Standard
0xe5a7,Standard
0xe5a8,Standard
0xe5a9,Standard
0xe5b2,Good
0xe5b3,Standard
0xe5b4,Standard
0xe5b5,Standard
0xe5be,Standard
0xe5bf,Standard
0xe5c0,Standard
0xe5c1,Standard
0xe5ca,Good
0xe5cb,Good
0xe5cc,Good
0xe5cd,Good
0xe5d6,Good
0xe5d7,Good
0xe5d8,Good
0xe5d9,Good
0xe5e2,Good
0xe5e3,Good
0xe5e4,Good
0xe5e5,Good
0xe5ee,Good
0xe5ef,Good
0xe5f0,Good
0xe5f1,Good
0xe5fa,Good
0xe5fb,Good
0xe5fc,Good
0xe5fd,Good
0xe606,Standard
0xe607,Standard
0xe608,Standard
0xe609,Standard
0xe612,Good
0xe613,Good
0xe614,Good
0xe615,Good
0xe61e,Standard
0xe61f,Standard
0xe620,Standard
0xe621,Standard
0xe62a,Good
0xe62b,Good
0xe62c,Good
0xe62d,Good
0xe636,Standard
0xe637,Good
0xe638,Standard
0xe639,Good
0xe642,Good
0xe643,Good
0xe644,Good
0xe645,Good
0xe64e,Standard
0xe64f,Standard
0xe650,Standard
0xe651,Standard
0xe65a,Good
0xe65b,Good
0xe65c,Good
0xe65d,Good
0xe666,Good
0xe667,Good
0xe668,Good
0xe669,Good
0xe672,Standard
0xe673,Standard
0xe674,Standard
0xe675,Standard
0xe67e,Standard
0xe67f,Standard
0xe680,Standard
0xe681,Standard
0xe68a,Standard
0xe68b,Standard
0xe68c,Standard
0xe68d,Standard
0xe696,Poor
0xe697,Poor
0xe698,Poor
0xe699,Poor
0xe6a2,Standard
0xe6a3,Standard
0xe6a4,Standard
0xe6a5,Standard
0xe6ae,Standard
0xe6af,Standard
0xe6b0,Poor
0xe6b1,Standard
0xe6ba,Poor
0xe6bb,Poor
0xe6bc,Poor
0xe6bd,Poor
0xe6c6,Good
0xe6c7,Standard
0xe6c8,Good
0xe6c9,Good
0xe6d2,Poor
0xe6d3,Poor
0xe6d4,Poor
0xe6d5,Poor
0xe6de,Poor
0xe6df,Poor
0xe6e0,Poor
0xe6e1,Poor
0xe6ea,Good
0xe6eb,Good
0xe6ec,Good
0xe6ed,Good
0xe6f6,Poor
0xe6f7,Poor
0xe6f8,Poor
0xe6f9,Poor
0xe702,Poor
0xe703,Poor
0xe704,Poor
0xe705,Poor
0xe70e,Poor
0xe70f,Poor
0xe710,Poor
0xe711,Standard
0xe71a,Good
0xe71b,Good
0xe71c,Good
0xe71d,Good
0xe726,Good
0xe727,Good
0xe728,Good
0xe729,Good
0xe732,Poor
0xe733,Poor
0xe734,Poor
0xe735,Poor
0xe73e,Poor
0xe73f,Poor
0xe740,Poor
0xe741,Poor
0xe74a,Good
0xe74b,Good
0xe74c,Good
0xe74d,Standard
0xe756,Standard
0xe757,Standard
0xe758,Poor
0xe759,Poor
0xe762,Good
0xe763,Good
0xe764,Good
0xe765,Good
0xe76e,Poor
0xe76f,Poor
0xe770,Poor
0xe771,Poor
0xe77a,Poor
0xe77b,Poor
0xe77c,Poor
0xe77d,Poor
0xe786,Poor
0xe787,Poor
0xe788,Poor
0xe789,Poor
0xe792,Standard
0xe793,Standard
0xe794,Standard
0xe795,Standard
0xe79e,Standard
0xe79f,Standard
0xe7a0,Standard
0xe7a1,Standard
0xe7aa,Poor
0xe7ab,Poor
0xe7ac,Poor
0xe7ad,Poor
0xe7b6,Good
0xe7b7,Good
0xe7b8,Good
0xe7b9,Good
0xe7c2,Standard
0xe7c3,Standard
0xe7c4,Standard
0xe7c5,Standard
0xe7ce,Good
0xe7cf,Good
0xe7d0,Good
0xe7d1,Good
0xe7da,Good
0xe7db,Good
0xe7dc,Standard
0xe7dd,Good
0xe7e6,Good
0xe7e7,Good
0xe7e8,Good
0xe7e9,Good
0xe7f2,Standard
0xe7f3,Standard
0xe7f4,Standard
0xe7f5,Standard
0xe7fe,Poor
0xe7ff,Poor
0xe800,Poor
0xe801,Poor
0xe80a,Standard
0xe80b,Standard
0xe80c,Standard
0xe80d,Standard
0xe816,Standard
0xe817,Standard
0xe818,Standard
0xe819,Standard
0xe822,Good
0xe823,Good
0xe824,Good
0xe825,Good
0xe82e,Standard
0xe82f,Poor
0xe830,Standard
0xe831,Standard
0xe83a,Good
0xe83b,Good
0xe83c,Good
0xe83d,Good
0xe846,Good
0xe847,Good
0xe848,Good
0xe849,Good
0xe852,Standard
0xe853,Standard
0xe854,Standard
0xe855,Standard
0xe85e,Good
0xe85f,Good
0xe860,Good
0xe861,Good
0xe86a,Poor
0xe86b,Poor
0xe86c,Poor
0xe86d,Poor
0xe876,Poor
0xe877,Poor
0xe878,Poor
0xe879,Poor
0xe882,Poor
0xe883,Poor
0xe884,Poor
0xe885,Poor
0xe88e,Poor
0xe88f,Poor
0xe890,Poor
0xe891,Poor
0xe89a,Standard
0xe89b,Standard
0xe89c,Poor
0xe89d,Poor
0xe8a6,Good
0xe8a7,Good
0xe8a8,Good
0xe8a9,Good
0xe8b2,Poor
0xe8b3,Poor
0xe8b4,Poor
0xe8b5,Poor
0xe8be,Good
0xe8bf,Good
0xe8c0,Good
0xe8c1,Good
0xe8ca,Standard
0xe8cb,Standard
0xe8cc,Poor
0xe8cd,Poor
0xe8d6,Standard
0xe8d7,Good
0xe8d8,Good
0xe8d9,Good
0xe8e2,Good
0xe8e3,Good
0xe8e4,Good
0xe8e5,Good
0xe8ee,Good
0xe8ef,Good
0xe8f0,Good
0xe8f1,Good
0xe8fa,Standard
0xe8fb,Standard
0xe8fc,Standard
0xe8fd,Standard
0xe906,Good
0xe907,Good
0xe908,Good
0xe909,Good
0xe912,Standard
0xe913,Standard
0xe914,Standard
0xe915,Standard
0xe91e,Poor
0xe91f,Poor
0xe920,Poor
0xe921,Poor
0xe92a,Poor
0xe92b,Poor
0xe92c,Poor
0xe92d,Poor
0xe936,Good
0xe937,Good
0xe938,Good
0xe939,Good
0xe942,Poor
0xe943,Poor
0xe944,Poor
0xe945,Poor
0xe94e,Good
0xe94f,Good
0xe950,Good
0xe951,Good
0xe95a,Poor
0xe95b,Poor
0xe95c,Poor
0xe95d,Poor
0xe966,Good
0xe967,Good
0xe968,Good
0xe969,Good
0xe972,Good
0xe973,Good
0xe974,Good
0xe975,Good
0xe97e,Poor
0xe97f,Poor
0xe980,Poor
0xe981,Poor
0xe98a,Poor
0xe98b,Poor
0xe98c,Poor
0xe98d,Poor
0xe996,Poor
0xe997,Poor
0xe998,Poor
0xe999,Poor
0xe9a2,Good
0xe9a3,Poor
0xe9a4,Good
0xe9a5,Good
0xe9ae,Poor
0xe9af,Poor
0xe9b0,Poor
0xe9b1,Poor
0xe9ba,Standard
0xe9bb,Standard
0xe9bc,Standard
0xe9bd,Standard
0xe9c6,Good
0xe9c7,Good
0xe9c8,Good
0xe9c9,Good
0xe9d2,Poor
0xe9d3,Poor
0xe9d4,Standard
0xe9d5,Poor
0xe9de,Poor
0xe9df,Poor
0xe9e0,Poor
0xe9e1,Poor
0xe9ea,Standard
0xe9eb,Standard
0xe9ec,Standard
0xe9ed,Standard
0xe9f6,Standard
0xe9f7,Standard
0xe9f8,Standard
0xe9f9,Standard
0xea02,Poor
0xea03,Poor
0xea04,Poor
0xea05,Poor
0xea0e,Poor
0xea0f,Poor
0xea10,Poor
0xea11,Poor
0xea1a,Good
0xea1b,Good
0xea1c,Good
0xea1d,Good
0xea26,Good
0xea27,Good
0xea28,Good
0xea29,Good
0xea32,Good
0xea33,Good
0xea34,Good
0xea35,Good
0xea3e,Poor
0xea3f,Poor
0xea40,Poor
0xea41,Poor
0xea4a,Standard
0xea4b,Standard
0xea4c,Standard
0xea4d,Poor
0xea56,Standard
0xea57,Standard
0xea58,Standard
0xea59,Standard
0xea62,Standard
0xea63,Standard
0xea64,Standard
0xea65,Standard
0xea6e,Standard
0xea6f,Standard
0xea70,Standard
0xea71,Standard
0xea7a,Poor
0xea7b,Poor
0xea7c,Poor
0xea7d,Poor
0xea86,Poor
0xea87,Poor
0xea88,Poor
0xea89,Poor
0xea92,Standard
0xea93,Standard
0xea94,Standard
0xea95,Standard
0xea9e,Poor
0xea9f,Poor
0xeaa0,Poor
0xeaa1,Poor
0xeaaa,Good
0xeaab,Good
0xeaac,Good
0xeaad,Good
0xeab6,Good
0xeab7,Good
0xeab8,Good
0xeab9,Good
0xeac2,Good
0xeac3,Good
0xeac4,Good
0xeac5,Good
0xeace,Standard
0xeacf,Poor
0xead0,Standard
0xead1,Standard
0xeada,Good
0xeadb,Good
0xeadc,Good
0xeadd,Good
0xeae6,Poor
0xeae7,Poor
0xeae8,Poor
0xeae9,Poor
0xeaf2,Good
0xeaf3,Good
0xeaf4,Good
0xeaf5,Good
0xeafe,Good
0xeaff,Good
0xeb00,Good
0xeb01,Good
0xeb0a,Good
0xeb0b,Good
0xeb0c,Good
0xeb0d,Good
0xeb16,Good
0xeb17,Good
0xeb18,Good
0xeb19,Good
0xeb22,Good
0xeb23,Good
0xeb24,Good
0xeb25,Good
0xeb2e,Poor
0xeb2f,Poor
0xeb30,Poor
0xeb31,Poor
0xeb3a,Good
0xeb3b,Good
0xeb3c,Good
0xeb3d,Good
0xeb46,Standard
0xeb47,Poor
0xeb48,Poor
0xeb49,Poor
0xeb52,Standard
0xeb53,Standard
0xeb54,Standard
0xeb55,Standard
0xeb5e,Standard
0xeb5f,Standard
0xeb60,Standard
0xeb61,Standard
0xeb6a,Good
0xeb6b,Good
0xeb6c,Good
0xeb6d,Good
0xeb76,Poor
0xeb77,Poor
0xeb78,Poor
0xeb79,Poor
0xeb82,Poor
0xeb83,Poor
0xeb84,Poor
0xeb85,Poor
0xeb8e,Good
0xeb8f,Good
0xeb90,Good
0xeb91,Good
0xeb9a,Poor
0xeb9b,Poor
0xeb9c,Poor
0xeb9d,Poor
0xeba6,Poor
0xeba7,Poor
0xeba8,Poor
0xeba9,Poor
0xebb2,Poor
0xebb3,Poor
0xebb4,Poor
0xebb5,Poor
0xebbe,Good
0xebbf,Good
0xebc0,Good
0xebc1,Good
0xebca,Poor
0xebcb,Poor
0xebcc,Poor
0xebcd,Poor
0xebd6,Poor
0xebd7,Poor
0xebd8,Poor
0xebd9,Poor
0xebe2,Standard
0xebe3,Standard
0xebe4,Standard
0xebe5,Standard
0xebee,Standard
0xebef,Standard
0xebf0,Standard
0xebf1,Standard
0xebfa,Standard
0xebfb,Good
0xebfc,Good
0xebfd,Good
0xec06,Standard
0xec07,Standard
0xec08,Standard
0xec09,Standard
0xec12,Poor
0xec13,Poor
0xec14,Poor
0xec15,Poor
0xec1e,Good
0xec1f,Good
0xec20,Good
0xec21,Standard
0xec2a,Poor
0xec2b,Poor
0xec2c,Standard
0xec2d,Poor
0xec36,Good
0xec37,Good
0xec38,Good
0xec39,Good
0xec42,Standard
0xec43,Standard
0xec44,Standard
0xec45,Standard
0xec4e,Standard
0xec4f,Standard
0xec50,Standard
0xec51,Standard
0xec5a,Good
0xec5b,Good
0xec5c,Good
0xec5d,Good
0xec66,Good
0xec67,Good
0xec68,Good
0xec69,Good
0xec72,Poor
0xec73,Poor
0xec74,Poor
0xec75,Poor
0xec7e,Good
0xec7f,Good
0xec80,Good
0xec81,Good
0xec8a,Good
0xec8b,Good
0xec8c,Good
0xec8d,Good
0xec96,Poor
0xec97,Poor
0xec98,Poor
0xec99,Poor
0xeca2,Poor
0xeca3,Poor
0xeca4,Standard
0xeca5,Standard
0xecae,Standard
0xecaf,Standard
0xecb0,Poor
0xecb1,Standard
0xecba,Good
0xecbb,Good
0xecbc,Good
0xecbd,Good
0xecc6,Poor
0xecc7,Poor
0xecc8,Poor
0xecc9,Poor
0xecd2,Good
0xecd3,Good
0xecd4,Good
0xecd5,Good
0xecde,Good
0xecdf,Standard
0xece0,Good
0xece1,Good
0xecea,Poor
0xeceb,Poor
0xecec,Poor
0xeced,Poor
0xecf6,Good
0xecf7,Good
0xecf8,Good
0xecf9,Good
0xed02,Poor
0xed03,Poor
0xed04,Poor
0xed05,Poor
0xed0e,Poor
0xed0f,Poor
0xed10,Poor
0xed11,Poor
0xed1a,Good
0xed1b,Good
0xed1c,Good
0xed1d,Good
0xed26,Poor
0xed27,Poor
0xed28,Poor
0xed29,Poor
0xed32,Good
0xed33,Good
0xed34,Good
0xed35,Good
0xed3e,Poor
0xed3f,Poor
0xed40,Poor
0xed41,Poor
0xed4a,Poor
0xed4b,Poor
0xed4c,Poor
0xed4d,Poor
0xed56,Poor
0xed57,Poor
0xed58,Poor
0xed59,Poor
0xed62,Good
0xed63,Good
0xed64,Good
0xed65,Good
0xed6e,Good
0xed6f,Good
0xed70,Good
0xed71,Good
0xed7a,Good
0xed7b,Good
0xed7c,Good
0xed7d,Good
0xed86,Good
0xed87,Good
0xed88,Good
0xed89,Good
0xed92,Good
0xed93,Good
0xed94,Good
0xed95,Good
0xed9e,Standard
0xed9f,Poor
0xeda0,Poor
0xeda1,Poor
0xedaa,Poor
0xedab,Poor
0xedac,Poor
0xedad,Poor
0xedb6,Poor
0xedb7,Poor
0xedb8,Poor
0xedb9,Poor
0xedc2,Poor
0xedc3,Standard
0xedc4,Poor
0xedc5,Standard
0xedce,Poor
0xedcf,Poor
0xedd0,Poor
0xedd1,Poor
0xedda,Good
0xeddb,Good
0xeddc,Standard
0xeddd,Good
0xede6,Poor
0xede7,Poor
0xede8,Poor
0xede9,Poor
0xedf2,Poor
0xedf3,Poor
0xedf4,Poor
0xedf5,Poor
0xedfe,Standard
0xedff,Standard
0xee00,Standard
0xee01,Standard
0xee0a,Poor
0xee0b,Poor
0xee0c,Poor
0xee0d,Poor
0xee16,Good
0xee17,Good
0xee18,Standard
0xee19,Standard
0xee22,Standard
0xee23,Poor
0xee24,Poor
0xee25,Poor
0xee2e,Poor
0xee2f,Poor
0xee30,Poor
0xee31,Poor
0xee3a,Good
0xee3b,Good
0xee3c,Good
0xee3d,Good
0xee46,Good
0xee47,Good
0xee48,Good
0xee49,Good
0xee52,Good
0xee53,Good
0xee54,Good
0xee55,Good
0xee5e,Standard
0xee5f,Standard
0xee60,Standard
0xee61,Poor
0xee6a,Standard
0xee6b,Standard
0xee6c,Standard
0xee6d,Standard
0xee76,Poor
0xee77,Poor
0xee78,Poor
0xee79,Poor
0xee82,Good
0xee83,Good
0xee84,Good
0xee85,Good
0xee8e,Good
0xee8f,Good
0xee90,Good
0xee91,Good
0xee9a,Poor
0xee9b,Poor
0xee9c,Poor
0xee9d,Poor
0xeea6,Poor
0xeea7,Poor
0xeea8,Poor
0xeea9,Poor
0xeeb2,Standard
0xeeb3,Standard
0xeeb4,Standard
0xeeb5,Standard
0xeebe,Poor
0xeebf,Standard
0xeec0,Poor
0xeec1,Poor
0xeeca,Poor
0xeecb,Poor
0xeecc,Poor
0xeecd,Poor
0xeed6,Good
0xeed7,Good
0xeed8,Good
0xeed9,Good
0xeee2,Standard
0xeee3,Standard
0xeee4,Standard
0xeee5,Standard
0xeeee,Poor
0xeeef,Poor
0xeef0,Poor
0xeef1,Poor
0xeefa,Good
0xeefb,Good
0xeefc,Good
0xeefd,Good
0xef06,Poor
0xef07,Poor
0xef08,Poor
0xef09,Poor
0xef12,Good
0xef13,Good
0xef14,Good
0xef15,Good
0xef1e,Standard
0xef1f,Standard
0xef20,Standard
0xef21,Standard
0xef2a,Poor
0xef2b,Poor
0xef2c,Poor
0xef2d,Poor
0xef36,Standard
0xef37,Standard
0xef38,Standard
0xef39,Standard
0xef42,Good
0xef43,Good
0xef44,Good
0xef45,Good
0xef4e,Poor
0xef4f,Poor
0xef50,Poor
0xef51,Poor
0xef5a,Good
0xef5b,Good
0xef5c,Good
0xef5d,Good
0xef66,Poor
0xef67,Poor
0xef68,Poor
0xef69,Poor
0xef72,Good
0xef73,Good
0xef74,Standard
0xef75,Good
0xef7e,Standard
0xef7f,Standard
0xef80,Standard
0xef81,Standard
0xef8a,Standard
0xef8b,Standard
0xef8c,Poor
0xef8d,Standard
0xef96,Poor
0xef97,Poor
0xef98,Poor
0xef99,Poor
0xefa2,Good
0xefa3,Good
0xefa4,Good
0xefa5,Good
0xefae,Good
0xefaf,Standard
0xefb0,Good
0xefb1,Good
0xefba,Good
0xefbb,Good
0xefbc,Good
0xefbd,Good
0xefc6,Poor
0xefc7,Poor
0xefc8,Poor
0xefc9,Poor
0xefd2,Standard
0xefd3,Standard
0xefd4,Standard
0xefd5,Standard
0xefde,Poor
0xefdf,Poor
0xefe0,Poor
0xefe1,Poor
0xefea,Standard
0xefeb,Standard
0xefec,Standard
0xefed,Standard
0xeff6,Poor
0xeff7,Poor
0xeff8,Poor
0xeff9,Poor
0xf002,Good
0xf003,Good
0xf004,Good
0xf005,Good
0xf00e,Poor
0xf00f,Poor
0xf010,Poor
0xf011,Poor
0xf01a,Poor
0xf01b,Poor
0xf01c,Standard
0xf01d,Standard
0xf026,Poor
0xf027,Standard
0xf028,Poor
0xf029,Standard
0xf032,Good
0xf033,Good
0xf034,Good
0xf035,Good
0xf03e,Poor
0xf03f,Poor
0xf040,Poor
0xf041,Poor
0xf04a,Poor
0xf04b,Poor
0xf04c,Poor
0xf04d,Poor
0xf056,Good
0xf057,Good
0xf058,Good
0xf059,Good
0xf062,Poor
0xf063,Poor
0xf064,Poor
0xf065,Poor
0xf06e,Standard
0xf06f,Standard
0xf070,Standard
0xf071,Standard
0xf07a,Standard
0xf07b,Standard
0xf07c,Standard
0xf07d,Standard
0xf086,Good
0xf087,Good
0xf088,Good
0xf089,Good
0xf092,Good
0xf093,Good
0xf094,Good
0xf095,Good
0xf09e,Good
0xf09f,Standard
0xf0a0,Good
0xf0a1,Poor
0xf0aa,Good
0xf0ab,Good
0xf0ac,Good
0xf0ad,Good
0xf0b6,Good
0xf0b7,Good
0xf0b8,Good
0xf0b9,Good
0xf0c2,Poor
0xf0c3,Poor
0xf0c4,Poor
0xf0c5,Poor
0xf0ce,Standard
0xf0cf,Standard
0xf0d0,Good
0xf0d1,Standard
0xf0da,Poor
0xf0db,Poor
0xf0dc,Poor
0xf0dd,Poor
0xf0e6,Good
0xf0e7,Good
0xf0e8,Good
0xf0e9,Good
0xf0f2,Poor
0xf0f3,Poor
0xf0f4,Poor
0xf0f5,Poor
0xf0fe,Poor
0xf0ff,Poor
0xf100,Poor
0xf101,Poor
0xf10a,Standard
0xf10b,Standard
0xf10c,Standard
0xf10d,Standard
0xf116,Good
0xf117,Good
0xf118,Good
0xf119,Good
0xf122,Good
0xf123,Good
0xf124,Good
0xf125,Good
0xf12e,Standard
0xf12f,Standard
0xf130,Standard
0xf131,Standard
0xf13a,Standard
0xf13b,Good
0xf13c,Good
0xf13d,Good
0xf146,Good
0xf147,Good
0xf148,Good
0xf149,Good
0xf152,Good
0xf153,Good
0xf154,Good
0xf155,Good
0xf15e,Poor
0xf15f,Poor
0xf160,Poor
0xf161,Poor
0xf16a,Standard
0xf16b,Standard
0xf16c,Standard
0xf16d,Standard
0xf176,Poor
0xf177,Poor
0xf178,Standard
0xf179,Poor
0xf182,Good
0xf183,Good
0xf184,Good
0xf185,Good
0xf18e,Poor
0xf18f,Standard
0xf190,Standard
0xf191,Standard
0xf19a,Standard
0xf19b,Poor
0xf19c,Standard
0xf19d,Standard
0xf1a6,Good
0xf1a7,Good
0xf1a8,Good
0xf1a9,Good
0xf1b2,Poor
0xf1b3,Poor
0xf1b4,Poor
0xf1b5,Poor
0xf1be,Good
0xf1bf,Good
0xf1c0,Good
0xf1c1,Good
0xf1ca,Poor
0xf1cb,Poor
0xf1cc,Poor
0xf1cd,Poor
0xf1d6,Good
0xf1d7,Standard
0xf1d8,Good
0xf1d9,Good
0xf1e2,Poor
0xf1e3,Poor
0xf1e4,Poor
0xf1e5,Poor
0xf1ee,Poor
0xf1ef,Poor
0xf1f0,Poor
0xf1f1,Poor
0xf1fa,Good
0xf1fb,Good
0xf1fc,Good
0xf1fd,Good
0xf206,Poor
0xf207,Poor
0xf208,Poor
0xf209,Poor
0xf212,Good
0xf213,Good
0xf214,Good
0xf215,Good
0xf21e,Standard
0xf21f,Standard
0xf220,Standard
0xf221,Standard
0xf22a,Poor
0xf22b,Poor
0xf22c,Poor
0xf22d,Poor
0xf236,Good
0xf237,Good
0xf238,Good
0xf239,Good
0xf242,Poor
0xf243,Poor
0xf244,Poor
0xf245,Poor
0xf24e,Good
0xf24f,Good
0xf250,Good
0xf251,Good
0xf25a,Standard
0xf25b,Standard
0xf25c,Poor
0xf25d,Standard
0xf266,Poor
0xf267,Poor
0xf268,Standard
0xf269,Standard
0xf272,Good
0xf273,Good
0xf274,Good
0xf275,Good
0xf27e,Good
0xf27f,Good
0xf280,Good
0xf281,Good
0xf28a,Good
0xf28b,Good
0xf28c,Good
0xf28d,Good
0xf296,Standard
0xf297,Standard
0xf298,Poor
0xf299,Standard
0xf2a2,Good
0xf2a3,Good
0xf2a4,Good
0xf2a5,Good
0xf2ae,Poor
0xf2af,Poor
0xf2b0,Poor
0xf2b1,Poor
0xf2ba,Standard
0xf2bb,Standard
0xf2bc,Standard
0xf2bd,Standard
0xf2c6,Poor
0xf2c7,Poor
0xf2c8,Poor
0xf2c9,Poor
0xf2d2,Good
0xf2d3,Standard
0xf2d4,Standard
0xf2d5,Standard
0xf2de,Good
0xf2df,Good
0xf2e0,Good
0xf2e1,Good
0xf2ea,Good
0xf2eb,Good
0xf2ec,Good
0xf2ed,Good
0xf2f6,Good
0xf2f7,Good
0xf2f8,Good
0xf2f9,Good
0xf302,Standard
0xf303,Standard
0xf304,Standard
0xf305,Standard
0xf30e,Good
0xf30f,Good
0xf310,Good
0xf311,Good
0xf31a,Standard
0xf31b,Standard
0xf31c,Standard
0xf31d,Standard
0xf326,Standard
0xf327,Standard
0xf328,Standard
0xf329,Standard
0xf332,Poor
0xf333,Poor
0xf334,Poor
0xf335,Poor
0xf33e,Good
0xf33f,Standard
0xf340,Good
0xf341,Good
0xf34a,Standard
0xf34b,Standard
0xf34c,Poor
0xf34d,Poor
0xf356,Poor
0xf357,Poor
0xf358,Poor
0xf359,Poor
0xf362,Standard
0xf363,Standard
0xf364,Poor
0xf365,Standard
0xf36e,Standard
0xf36f,Poor
0xf370,Standard
0xf371,Standard
0xf37a,Standard
0xf37b,Poor
0xf37c,Standard
0xf37d,Poor
0xf386,Good
0xf387,Good
0xf388,Good
0xf389,Good
0xf392,Good
0xf393,Good
0xf394,Good
0xf395,Good
0xf39e,Good
0xf39f,Good
0xf3a0,Good
0xf3a1,Good
0xf3aa,Standard
0xf3ab,Standard
0xf3ac,Standard
0xf3ad,Standard
0xf3b6,Good
0xf3b7,Good
0xf3b8,Good
0xf3b9,Good
0xf3c2,Good
0xf3c3,Good
0xf3c4,Good
0xf3c5,Good
0xf3ce,Good
0xf3cf,Good
0xf3d0,Good
0xf3d1,Good
0xf3da,Poor
0xf3db,Standard
0xf3dc,Poor
0xf3dd,Standard
0xf3e6,Good
0xf3e7,Good
0xf3e8,Good
0xf3e9,Good
0xf3f2,Poor
0xf3f3,Poor
0xf3f4,Poor
0xf3f5,Poor
0xf3fe,Good
0xf3ff,Good
0xf400,Good
0xf401,Good
0xf40a,Good
0xf40b,Standard
0xf40c,Good
0xf40d,Standard
0xf416,Poor
0xf417,Poor
0xf418,Poor
0xf419,Poor
0xf422,Good
0xf423,Good
0xf424,Good
0xf425,Good
0xf42e,Standard
0xf42f,Standard
0xf430,Standard
0xf431,Standard
0xf43a,Good
0xf43b,Good
0xf43c,Good
0xf43d,Good
0xf446,Good
0xf447,Good
0xf448,Good
0xf449,Good
0xf452,Good
0xf453,Good
0xf454,Good
0xf455,Good
0xf45e,Poor
0xf45f,Poor
0xf460,Poor
0xf461,Poor
0xf46a,Good
0xf46b,Good
0xf46c,Good
0xf46d,Good
0xf476,Poor
0xf477,Poor
0xf478,Poor
0xf479,Poor
0xf482,Poor
0xf483,Poor
0xf484,Poor
0xf485,Poor
0xf48e,Poor
0xf48f,Poor
0xf490,Poor
0xf491,Poor
0xf49a,Poor
0xf49b,Poor
0xf49c,Poor
0xf49d,Poor
0xf4a6,Poor
0xf4a7,Poor
0xf4a8,Poor
0xf4a9,Poor
0xf4b2,Poor
0xf4b3,Poor
0xf4b4,Poor
0xf4b5,Poor
0xf4be,Good
0xf4bf,Good
0xf4c0,Good
0xf4c1,Good
0xf4ca,Standard
0xf4cb,Good
0xf4cc,Standard
0xf4cd,Good
0xf4d6,Poor
0xf4d7,Poor
0xf4d8,Poor
0xf4d9,Poor
0xf4e2,Standard
0xf4e3,Standard
0xf4e4,Standard
0xf4e5,Standard
0xf4ee,Good
0xf4ef,Good
0xf4f0,Good
0xf4f1,Good
0xf4fa,Poor
0xf4fb,Poor
0xf4fc,Poor
0xf4fd,Poor
0xf506,Standard
0xf507,Poor
0xf508,Standard
0xf509,Standard
0xf512,Good
0xf513,Good
0xf514,Good
0xf515,Good
0xf51e,Good
0xf51f,Good
0xf520,Good
0xf521,Good
0xf52a,Poor
0xf52b,Poor
0xf52c,Poor
0xf52d,Poor
0xf536,Good
0xf537,Good
0xf538,Good
0xf539,Good
0xf542,Good
0xf543,Good
0xf544,Good
0xf545,Good
0xf54e,Poor
0xf54f,Poor
0xf550,Poor
0xf551,Poor
0xf55a,Good
0xf55b,Good
0xf55c,Good
0xf55d,Good
0xf566,Good
0xf567,Good
0xf568,Good
0xf569,Good
0xf572,Poor
0xf573,Poor
0xf574,Poor
0xf575,Poor
0xf57e,Poor
0xf57f,Poor
0xf580,Poor
0xf581,Poor
0xf58a,Poor
0xf58b,Poor
0xf58c,Poor
0xf58d,Poor
0xf596,Standard
0xf597,Standard
0xf598,Standard
0xf599,Standard
0xf5a2,Poor
0xf5a3,Poor
0xf5a4,Poor
0xf5a5,Poor
0xf5ae,Good
0xf5af,Good
0xf5b0,Good
0xf5b1,Good
0xf5ba,Good
0xf5bb,Good
0xf5bc,Good
0xf5bd,Good
0xf5c6,Good
0xf5c7,Standard
0xf5c8,Good
0xf5c9,Good
0xf5d2,Poor
0xf5d3,Poor
0xf5d4,Poor
0xf5d5,Poor
0xf5de,Good
0xf5df,Good
0xf5e0,Good
0xf5e1,Good
0xf5ea,Good
0xf5eb,Good
0xf5ec,Good
0xf5ed,Good
0xf5f6,Poor
0xf5f7,Poor
0xf5f8,Poor
0xf5f9,Poor
0xf602,Standard
0xf603,Standard
0xf604,Standard
0xf605,Standard
0xf60e,Good
0xf60f,Good
0xf610,Good
0xf611,Good
0xf61a,Good
0xf61b,Good
0xf61c,Good
0xf61d,Good
0xf626,Standard
0xf627,Poor
0xf628,Poor
0xf629,Poor
0xf632,Good
0xf633,Standard
0xf634,Good
0xf635,Good
0xf63e,Good
0xf63f,Good
0xf640,Good
0xf641,Good
0xf64a,Standard
0xf64b,Good
0xf64c,Standard
0xf64d,Good
0xf656,Good
0xf657,Good
0xf658,Good
0xf659,Good
0xf662,Poor
0xf663,Poor
0xf664,Poor
0xf665,Poor
0xf66e,Standard
0xf66f,Standard
0xf670,Standard
0xf671,Standard
0xf67a,Poor
0xf67b,Standard
0xf67c,Standard
0xf67d,Poor
0xf686,Standard
0xf687,Standard
0xf688,Standard
0xf689,Standard
0xf692,Poor
0xf693,Poor
0xf694,Poor
0xf695,Poor
0xf69e,Good
0xf69f,Good
0xf6a0,Good
0xf6a1,Good
0xf6aa,Poor
0xf6ab,Poor
0xf6ac,Poor
0xf6ad,Poor
0xf6b6,Good
0xf6b7,Good
0xf6b8,Good
0xf6b9,Good
0xf6c2,Good
0xf6c3,Good
0xf6c4,Standard
0xf6c5,Good
0xf6ce,Poor
0xf6cf,Poor
0xf6d0,Poor
0xf6d1,Poor
0xf6da,Poor
0xf6db,Poor
0xf6dc,Poor
0xf6dd,Poor
0xf6e6,Poor
0xf6e7,Poor
0xf6e8,Poor
0xf6e9,Poor
0xf6f2,Standard
0xf6f3,Good
0xf6f4,Good
0xf6f5,Good
0xf6fe,Standard
0xf6ff,Standard
0xf700,Standard
0xf701,Standard
0xf70a,Standard
0xf70b,Poor
0xf70c,Standard
0xf70d,Poor
0xf716,Poor
0xf717,Poor
0xf718,Poor
0xf719,Poor
0xf722,Poor
0xf723,Poor
0xf724,Poor
0xf725,Poor
0xf72e,Poor
0xf72f,Poor
0xf730,Poor
0xf731,Poor
0xf73a,Standard
0xf73b,Standard
0xf73c,Good
0xf73d,Standard
0xf746,Good
0xf747,Good
0xf748,Good
0xf749,Good
0xf752,Standard
0xf753,Standard
0xf754,Standard
0xf755,Standard
0xf75e,Standard
0xf75f,Standard
0xf760,Standard
0xf761,Good
0xf76a,Good
0xf76b,Good
0xf76c,Good
0xf76d,Good
0xf776,Poor
0xf777,Poor
0xf778,Poor
0xf779,Poor
0xf782,Poor
0xf783,Poor
0xf784,Poor
0xf785,Poor
0xf78e,Poor
0xf78f,Poor
0xf790,Poor
0xf791,Poor
0xf79a,Standard
0xf79b,Standard
0xf79c,Standard
0xf79d,Standard
0xf7a6,Standard
0xf7a7,Standard
0xf7a8,Standard
0xf7a9,Standard
0xf7b2,Poor
0xf7b3,Poor
0xf7b4,Poor
0xf7b5,Poor
0xf7be,Good
0xf7bf,Good
0xf7c0,Good
0xf7c1,Good
0xf7ca,Good
0xf7cb,Good
0xf7cc,Good
0xf7cd,Good
0xf7d6,Poor
0xf7d7,Poor
0xf7d8,Poor
0xf7d9,Poor
0xf7e2,Poor
0xf7e3,Poor
0xf7e4,Poor
0xf7e5,Poor
0xf7ee,Good
0xf7ef,Good
0xf7f0,Good
0xf7f1,Good
0xf7fa,Good
0xf7fb,Good
0xf7fc,Good
0xf7fd,Good
0xf806,Poor
0xf807,Poor
0xf808,Poor
0xf809,Poor
0xf812,Standard
0xf813,Standard
0xf814,Standard
0xf815,Good
0xf81e,Good
0xf81f,Good
0xf820,Good
0xf821,Good
0xf82a,Poor
0xf82b,Poor
0xf82c,Poor
0xf82d,Poor
0xf836,Good
0xf837,Good
0xf838,Good
0xf839,Good
0xf842,Standard
0xf843,Standard
0xf844,Standard
0xf845,Standard
0xf84e,Standard
0xf84f,Standard
0xf850,Standard
0xf851,Standard
0xf85a,Good
0xf85b,Good
0xf85c,Standard
0xf85d,Standard
0xf866,Good
0xf867,Good
0xf868,Good
0xf869,Good
0xf872,Standard
0xf873,Standard
0xf874,Standard
0xf875,Standard
0xf87e,Poor
0xf87f,Poor
0xf880,Poor
0xf881,Poor
0xf88a,Good
0xf88b,Good
0xf88c,Good
0xf88d,Good
0xf896,Poor
0xf897,Poor
0xf898,Poor
0xf899,Poor
0xf8a2,Poor
0xf8a3,Poor
0xf8a4,Poor
0xf8a5,Poor
0xf8ae,Good
0xf8af,Good
0xf8b0,Good
0xf8b1,Good
0xf8ba,Poor
0xf8bb,Poor
0xf8bc,Poor
0xf8bd,Poor
0xf8c6,Poor
0xf8c7,Poor
0xf8c8,Poor
0xf8c9,Poor
0xf8d2,Standard
0xf8d3,Good
0xf8d4,Good
0xf8d5,Good
0xf8de,Good
0xf8df,Good
0xf8e0,Good
0xf8e1,Good
0xf8ea,Poor
0xf8eb,Poor
0xf8ec,Poor
0xf8ed,Poor
0xf8f6,Good
0xf8f7,Good
0xf8f8,Good
0xf8f9,Good
0xf902,Good
0xf903,Good
0xf904,Good
0xf905,Good
0xf90e,Good
0xf90f,Good
0xf910,Good
0xf911,Good
0xf91a,Standard
0xf91b,Standard
0xf91c,Standard
0xf91d,Standard
0xf926,Poor
0xf927,Poor
0xf928,Poor
0xf929,Standard
0xf932,Good
0xf933,Good
0xf934,Good
0xf935,Good
0xf93e,Good
0xf93f,Good
0xf940,Good
0xf941,Good
0xf94a,Standard
0xf94b,Poor
0xf94c,Standard
0xf94d,Poor
0xf956,Standard
0xf957,Standard
0xf958,Standard
0xf959,Standard
0xf962,Good
0xf963,Good
0xf964,Good
0xf965,Good
0xf96e,Good
0xf96f,Good
0xf970,Good
0xf971,Good
0xf97a,Good
0xf97b,Good
0xf97c,Good
0xf97d,Good
0xf986,Good
0xf987,Good
0xf988,Good
0xf989,Good
0xf992,Poor
0xf993,Poor
0xf994,Poor
0xf995,Poor
0xf99e,Standard
0xf99f,Standard
0xf9a0,Standard
0xf9a1,Standard
0xf9aa,Good
0xf9ab,Good
0xf9ac,Good
0xf9ad,Good
0xf9b6,Poor
0xf9b7,Standard
0xf9b8,Good
0xf9b9,Poor
0xf9c2,Good
0xf9c3,Good
0xf9c4,Good
0xf9c5,Good
0xf9ce,Poor
0xf9cf,Poor
0xf9d0,Poor
0xf9d1,Poor
0xf9da,Good
0xf9db,Good
0xf9dc,Good
0xf9dd,Good
0xf9e6,Poor
0xf9e7,Poor
0xf9e8,Poor
0xf9e9,Poor
0xf9f2,Poor
0xf9f3,Poor
0xf9f4,Poor
0xf9f5,Poor
0xf9fe,Good
0xf9ff,Good
0xfa00,Good
0xfa01,Good
0xfa0a,Poor
0xfa0b,Poor
0xfa0c,Poor
0xfa0d,Poor
0xfa16,Poor
0xfa17,Poor
0xfa18,Poor
0xfa19,Poor
0xfa22,Standard
0xfa23,Standard
0xfa24,Standard
0xfa25,Standard
0xfa2e,Standard
0xfa2f,Standard
0xfa30,Good
0xfa31,Standard
0xfa3a,Poor
0xfa3b,Poor
0xfa3c,Poor
0xfa3d,Poor
0xfa46,Good
0xfa47,Good
0xfa48,Good
0xfa49,Good
0xfa52,Good
0xfa53,Good
0xfa54,Good
0xfa55,Good
0xfa5e,Standard
0xfa5f,Poor
0xfa60,Poor
0xfa61,Poor
0xfa6a,Poor
0xfa6b,Poor
0xfa6c,Poor
0xfa6d,Poor
0xfa76,Standard
0xfa77,Poor
0xfa78,Standard
0xfa79,Standard
0xfa82,Poor
0xfa83,Poor
0xfa84,Poor
0xfa85,Poor
0xfa8e,Standard
0xfa8f,Standard
0xfa90,Standard
0xfa91,Standard
0xfa9a,Good
0xfa9b,Good
0xfa9c,Good
0xfa9d,Good
0xfaa6,Poor
0xfaa7,Standard
0xfaa8,Standard
0xfaa9,Standard
0xfab2,Good
0xfab3,Good
0xfab4,Standard
0xfab5,Good
0xfabe,Good
0xfabf,Good
0xfac0,Good
0xfac1,Good
0xfaca,Standard
0xfacb,Standard
0xfacc,Standard
0xfacd,Standard
0xfad6,Poor
0xfad7,Poor
0xfad8,Poor
0xfad9,Poor
0xfae2,Poor
0xfae3,Poor
0xfae4,Poor
0xfae5,Poor
0xfaee,Standard
0xfaef,Good
0xfaf0,Standard
0xfaf1,Standard
0xfafa,Standard
0xfafb,Standard
0xfafc,Standard
0xfafd,Standard
0xfb06,Poor
0xfb07,Poor
0xfb08,Poor
0xfb09,Poor
0xfb12,Poor
0xfb13,Poor
0xfb14,Poor
0xfb15,Poor
0xfb1e,Good
0xfb1f,Good
0xfb20,Good
0xfb21,Good
0xfb2a,Poor
0xfb2b,Poor
0xfb2c,Poor
0xfb2d,Poor
0xfb36,Poor
0xfb37,Poor
0xfb38,Poor
0xfb39,Poor
0xfb42,Good
0xfb43,Good
0xfb44,Good
0xfb45,Good
0xfb4e,Poor
0xfb4f,Poor
0xfb50,Poor
0xfb51,Poor
0xfb5a,Good
0xfb5b,Good
0xfb5c,Good
0xfb5d,Good
0xfb66,Good
0xfb67,Good
0xfb68,Good
0xfb69,Good
0xfb72,Good
0xfb73,Good
0xfb74,Good
0xfb75,Good
0xfb7e,Poor
0xfb7f,Standard
0xfb80,Poor
0xfb81,Standard
0xfb8a,Poor
0xfb8b,Poor
0xfb8c,Poor
0xfb8d,Poor
0xfb96,Standard
0xfb97,Standard
0xfb98,Standard
0xfb99,Standard
0xfba2,Poor
0xfba3,Poor
0xfba4,Poor
0xfba5,Poor
0xfbae,Good
0xfbaf,Good
0xfbb0,Good
0xfbb1,Good
0xfbba,Poor
0xfbbb,Poor
0xfbbc,Poor
0xfbbd,Poor
0xfbc6,Good
0xfbc7,Good
0xfbc8,Good
0xfbc9,Good
0xfbd2,Poor
0xfbd3,Poor
0xfbd4,Poor
0xfbd5,Standard
0xfbde,Poor
0xfbdf,Poor
0xfbe0,Poor
0xfbe1,Poor
0xfbea,Good
0xfbeb,Good
0xfbec,Good
0xfbed,Good
0xfbf6,Standard
0xfbf7,Standard
0xfbf8,Standard
0xfbf9,Poor
0xfc02,Good
0xfc03,Good
0xfc04,Good
0xfc05,Good
0xfc0e,Good
0xfc0f,Good
0xfc10,Good
0xfc11,Good
0xfc1a,Good
0xfc1b,Good
0xfc1c,Good
0xfc1d,Good
0xfc26,Good
0xfc27,Good
0xfc28,Good
0xfc29,Good
0xfc32,Poor
0xfc33,Poor
0xfc34,Poor
0xfc35,Poor
0xfc3e,Good
0xfc3f,Good
0xfc40,Good
0xfc41,Good
0xfc4a,Poor
0xfc4b,Poor
0xfc4c,Poor
0xfc4d,Poor
0xfc56,Good
0xfc57,Good
0xfc58,Good
0xfc59,Good
0xfc62,Good
0xfc63,Good
0xfc64,Good
0xfc65,Good
0xfc6e,Good
0xfc6f,Good
0xfc70,Good
0xfc71,Good
0xfc7a,Poor
0xfc7b,Poor
0xfc7c,Poor
0xfc7d,Poor
0xfc86,Poor
0xfc87,Poor
0xfc88,Poor
0xfc89,Poor
0xfc92,Good
0xfc93,Good
0xfc94,Good
0xfc95,Good
0xfc9e,Good
0xfc9f,Good
0xfca0,Good
0xfca1,Good
0xfcaa,Good
0xfcab,Good
0xfcac,Good
0xfcad,Good
0xfcb6,Good
0xfcb7,Good
0xfcb8,Good
0xfcb9,Good
0xfcc2,Standard
0xfcc3,Standard
0xfcc4,Standard
0xfcc5,Good
0xfcce,Standard
0xfccf,Poor
0xfcd0,Standard
0xfcd1,Poor
0xfcda,Poor
0xfcdb,Poor
0xfcdc,Poor
0xfcdd,Poor
0xfce6,Good
0xfce7,Good
0xfce8,Good
0xfce9,Good
0xfcf2,Poor
0xfcf3,Poor
0xfcf4,Poor
0xfcf5,Poor
0xfcfe,Good
0xfcff,Good
0xfd00,Good
0xfd01,Good
0xfd0a,Standard
0xfd0b,Standard
0xfd0c,Standard
0xfd0d,Standard
0xfd16,Standard
0xfd17,Standard
0xfd18,Standard
0xfd19,Poor
0xfd22,Good
0xfd23,Good
0xfd24,Good
0xfd25,Good
0xfd2e,Poor
0xfd2f,Poor
0xfd30,Poor
0xfd31,Poor
0xfd3a,Good
0xfd3b,Good
0xfd3c,Good
0xfd3d,Good
0xfd46,Poor
0xfd47,Poor
0xfd48,Poor
0xfd49,Poor
0xfd52,Standard
0xfd53,Good
0xfd54,Good
0xfd55,Good
0xfd5e,Poor
0xfd5f,Poor
0xfd60,Poor
0xfd61,Poor
0xfd6a,Good
0xfd6b,Good
0xfd6c,Good
0xfd6d,Good
0xfd76,Standard
0xfd77,Good
0xfd78,Good
0xfd79,Good
0xfd82,Poor
0xfd83,Poor
0xfd84,Poor
0xfd85,Poor
0xfd8e,Good
0xfd8f,Good
0xfd90,Good
0xfd91,Good
0xfd9a,Poor
0xfd9b,Poor
0xfd9c,Poor
0xfd9d,Poor
0xfda6,Good
0xfda7,Good
0xfda8,Standard
0xfda9,Good
0xfdb2,Good
0xfdb3,Good
0xfdb4,Good
0xfdb5,Good
0xfdbe,Good
0xfdbf,Good
0xfdc0,Good
0xfdc1,Good
0xfdca,Good
0xfdcb,Good
0xfdcc,Good
0xfdcd,Good
0xfdd6,Good
0xfdd7,Good
0xfdd8,Good
0xfdd9,Good
0xfde2,Standard
0xfde3,Standard
0xfde4,Standard
0xfde5,Standard
0xfdee,Good
0xfdef,Good
0xfdf0,Good
0xfdf1,Standard
0xfdfa,Poor
0xfdfb,Poor
0xfdfc,Poor
0xfdfd,Poor
0xfe06,Poor
0xfe07,Standard
0xfe08,Standard
0xfe09,Poor
0xfe12,Good
0xfe13,Good
0xfe14,Good
0xfe15,Good
0xfe1e,Good
0xfe1f,Good
0xfe20,Good
0xfe21,Good
0xfe2a,Standard
0xfe2b,Poor
0xfe2c,Standard
0xfe2d,Standard
0xfe36,Poor
0xfe37,Poor
0xfe38,Poor
0xfe39,Poor
0xfe42,Good
0xfe43,Good
0xfe44,Good
0xfe45,Good
0xfe4e,Good
0xfe4f,Good
0xfe50,Good
0xfe51,Good
0xfe5a,Standard
0xfe5b,Standard
0xfe5c,Standard
0xfe5d,Standard
0xfe66,Standard
0xfe67,Standard
0xfe68,Standard
0xfe69,Standard
0xfe72,Good
0xfe73,Good
0xfe74,Good
0xfe75,Good
0xfe7e,Poor
0xfe7f,Poor
0xfe80,Poor
0xfe81,Poor
0xfe8a,Poor
0xfe8b,Poor
0xfe8c,Poor
0xfe8d,Poor
0xfe96,Poor
0xfe97,Poor
0xfe98,Standard
0xfe99,Poor
0xfea2,Good
0xfea3,Good
0xfea4,Good
0xfea5,Good
0xfeae,Good
0xfeaf,Good
0xfeb0,Good
0xfeb1,Good
0xfeba,Poor
0xfebb,Poor
0xfebc,Poor
0xfebd,Poor
0xfec6,Poor
0xfec7,Poor
0xfec8,Poor
0xfec9,Poor
0xfed2,Good
0xfed3,Good
0xfed4,Good
0xfed5,Good
0xfede,Poor
0xfedf,Poor
0xfee0,Poor
0xfee1,Poor
0xfeea,Standard
0xfeeb,Standard
0xfeec,Standard
0xfeed,Standard
0xfef6,Poor
0xfef7,Poor
0xfef8,Poor
0xfef9,Poor
0xff02,Poor
0xff03,Standard
0xff04,Standard
0xff05,Poor
0xff0e,Poor
0xff0f,Poor
0xff10,Poor
0xff11,Poor
0xff1a,Poor
0xff1b,Poor
0xff1c,Poor
0xff1d,Poor
0xff26,Poor
0xff27,Poor
0xff28,Poor
0xff29,Poor
0xff32,Good
0xff33,Good
0xff34,Good
0xff35,Good
0xff3e,Standard
0xff3f,Standard
0xff40,Standard
0xff41,Standard
0xff4a,Poor
0xff4b,Poor
0xff4c,Poor
0xff4d,Poor
0xff56,Good
0xff57,Good
0xff58,Good
0xff59,Good
0xff62,Standard
0xff63,Standard
0xff64,Standard
0xff65,Poor
0xff6e,Good
0xff6f,Good
0xff70,Good
0xff71,Good
0xff7a,Good
0xff7b,Good
0xff7c,Good
0xff7d,Good
0xff86,Poor
0xff87,Poor
0xff88,Poor
0xff89,Poor
0xff92,Poor
0xff93,Poor
0xff94,Poor
0xff95,Poor
0xff9e,Poor
0xff9f,Poor
0xffa0,Poor
0xffa1,Poor
0xffaa,Poor
0xffab,Standard
0xffac,Standard
0xffad,Standard
0xffb6,Poor
0xffb7,Poor
0xffb8,Poor
0xffb9,Poor
0xffc2,Good
0xffc3,Good
0xffc4,Good
0xffc5,Good
0xffce,Good
0xffcf,Good
0xffd0,Good
0xffd1,Good
0xffda,Standard
0xffdb,Standard
0xffdc,Standard
0xffdd,Standard
0xffe6,Good
0xffe7,Good
0xffe8,Good
0xffe9,Good
0xfff2,Standard
0xfff3,Standard
0xfff4,Standard
0xfff5,Poor
0xfffe,Poor
0xffff,Poor
0x10000,Poor
0x10001,Poor
0x1000a,Standard
0x1000b,Standard
0x1000c,Standard
0x1000d,Standard
0x10016,Poor
0x10017,Poor
0x10018,Poor
0x10019,Poor
0x10022,Standard
0x10023,Standard
0x10024,Good
0x10025,Standard
0x1002e,Poor
0x1002f,Poor
0x10030,Poor
0x10031,Poor
0x1003a,Poor
0x1003b,Poor
0x1003c,Poor
0x1003d,Poor
0x10046,Good
0x10047,Good
0x10048,Good
0x10049,Good
0x10052,Good
0x10053,Good
0x10054,Good
0x10055,Good
0x1005e,Standard
0x1005f,Standard
0x10060,Standard
0x10061,Standard
0x1006a,Good
0x1006b,Good
0x1006c,Good
0x1006d,Good
0x10076,Poor
0x10077,Poor
0x10078,Poor
0x10079,Poor
0x10082,Poor
0x10083,Poor
0x10084,Poor
0x10085,Poor
0x1008e,Good
0x1008f,Good
0x10090,Good
0x10091,Good
0x1009a,Standard
0x1009b,Standard
0x1009c,Standard
0x1009d,Standard
0x100a6,Good
0x100a7,Good
0x100a8,Good
0x100a9,Good
0x100b2,Good
0x100b3,Good
0x100b4,Good
0x100b5,Good
0x100be,Standard
0x100bf,Standard
0x100c0,Standard
0x100c1,Standard
0x100ca,Good
0x100cb,Good
0x100cc,Good
0x100cd,Good
0x100d6,Good
0x100d7,Good
0x100d8,Good
0x100d9,Good
0x100e2,Good
0x100e3,Good
0x100e4,Good
0x100e5,Good
0x100ee,Standard
0x100ef,Standard
0x100f0,Standard
0x100f1,Standard
0x100fa,Poor
0x100fb,Poor
0x100fc,Poor
0x100fd,Poor
0x10106,Standard
0x10107,Standard
0x10108,Standard
0x10109,Good
0x10112,Poor
0x10113,Poor
0x10114,Poor
0x10115,Poor
0x1011e,Poor
0x1011f,Poor
0x10120,Poor
0x10121,Poor
0x1012a,Poor
0x1012b,Poor
0x1012c,Poor
0x1012d,Poor
0x10136,Standard
0x10137,Good
0x10138,Standard
0x10139,Standard
0x10142,Poor
0x10143,Poor
0x10144,Poor
0x10145,Poor
0x1014e,Standard
0x1014f,Standard
0x10150,Standard
0x10151,Standard
0x1015a,Good
0x1015b,Good
0x1015c,Good
0x1015d,Good
0x10166,Good
0x10167,Good
0x10168,Good
0x10169,Good
0x10172,Poor
0x10173,Poor
0x10174,Poor
0x10175,Poor
0x1017e,Good
0x1017f,Standard
0x10180,Standard
0x10181,Standard
0x1018a,Poor
0x1018b,Poor
0x1018c,Poor
0x1018d,Poor
0x10196,Standard
0x10197,Standard
0x10198,Standard
0x10199,Standard
0x101a2,Poor
0x101a3,Poor
0x101a4,Poor
0x101a5,Poor
0x101ae,Good
0x101af,Good
0x101b0,Good
0x101b1,Good
0x101ba,Good
0x101bb,Good
0x101bc,Good
0x101bd,Good
0x101c6,Good
0x101c7,Good
0x101c8,Good
0x101c9,Good
0x101d2,Good
0x101d3,Good
0x101d4,Good
0x101d5,Good
0x101de,Poor
0x101df,Poor
0x101e0,Poor
0x101e1,Poor
0x101ea,Good
0x101eb,Good
0x101ec,Good
0x101ed,Good
0x101f6,Good
0x101f7,Good
0x101f8,Good
0x101f9,Good
0x10202,Poor
0x10203,Poor
0x10204,Poor
0x10205,Poor
0x1020e,Poor
0x1020f,Poor
0x10210,Poor
0x10211,Poor
0x1021a,Good
0x1021b,Good
0x1021c,Good
0x1021d,Good
0x10226,Poor
0x10227,Poor
0x10228,Poor
0x10229,Poor
0x10232,Poor
0x10233,Poor
0x10234,Poor
0x10235,Poor
0x1023e,Good
0x1023f,Good
0x10240,Good
0x10241,Good
0x1024a,Standard
0x1024b,Standard
0x1024c,Poor
0x1024d,Standard
0x10256,Good
0x10257,Good
0x10258,Good
0x10259,Good
0x10262,Good
0x10263,Good
0x10264,Good
0x10265,Good
0x1026e,Standard
0x1026f,Standard
0x10270,Standard
0x10271,Standard
0x1027a,Standard
0x1027b,Standard
0x1027c,Standard
0x1027d,Poor
0x10286,Poor
0x10287,Poor
0x10288,Poor
0x10289,Poor
0x10292,Good
0x10293,Good
0x10294,Good
0x10295,Good
0x1029e,Poor
0x1029f,Poor
0x102a0,Poor
0x102a1,Poor
0x102aa,Good
0x102ab,Good
0x102ac,Good
0x102ad,Good
0x102b6,Standard
0x102b7,Standard
0x102b8,Poor
0x102b9,Standard
0x102c2,Poor
0x102c3,Poor
0x102c4,Poor
0x102c5,Poor
0x102ce,Poor
0x102cf,Poor
0x102d0,Poor
0x102d1,Poor
0x102da,Good
0x102db,Good
0x102dc,Good
0x102dd,Good
0x102e6,Good
0x102e7,Good
0x102e8,Good
0x102e9,Good
0x102f2,Good
0x102f3,Good
0x102f4,Standard
0x102f5,Good
0x102fe,Poor
0x102ff,Poor
0x10300,Poor
0x10301,Poor
0x1030a,Poor
0x1030b,Poor
0x1030c,Poor
0x1030d,Poor
0x10316,Good
0x10317,Good
0x10318,Good
0x10319,Good
0x10322,Standard
0x10323,Standard
0x10324,Standard
0x10325,Standard
0x1032e,Poor
0x1032f,Poor
0x10330,Poor
0x10331,Poor
0x1033a,Good
0x1033b,Good
0x1033c,Good
0x1033d,Good
0x10346,Good
0x10347,Good
0x10348,Good
0x10349,Good
0x10352,Good
0x10353,Good
0x10354,Good
0x10355,Good
0x1035e,Poor
0x1035f,Standard
0x10360,Standard
0x10361,Standard
0x1036a,Poor
0x1036b,Poor
0x1036c,Poor
0x1036d,Poor
0x10376,Good
0x10377,Good
0x10378,Good
0x10379,Good
0x10382,Poor
0x10383,Poor
0x10384,Poor
0x10385,Poor
0x1038e,Poor
0x1038f,Poor
0x10390,Poor
0x10391,Poor
0x1039a,Standard
0x1039b,Standard
0x1039c,Standard
0x1039d,Poor
0x103a6,Poor
0x103a7,Poor
0x103a8,Poor
0x103a9,Poor
0x103b2,Good
0x103b3,Good
0x103b4,Good
0x103b5,Standard
0x103be,Poor
0x103bf,Poor
0x103c0,Poor
0x103c1,Poor
0x103ca,Poor
0x103cb,Poor
0x103cc,Poor
0x103cd,Poor
0x103d6,Standard
0x103d7,Standard
0x103d8,Standard
0x103d9,Poor
0x103e2,Good
0x103e3,Good
0x103e4,Good
0x103e5,Good
0x103ee,Good
0x103ef,Good
0x103f0,Good
0x103f1,Good
0x103fa,Good
0x103fb,Good
0x103fc,Good
0x103fd,Good
0x10406,Poor
0x10407,Poor
0x10408,Poor
0x10409,Poor
0x10412,Good
0x10413,Good
0x10414,Good
0x10415,Good
0x1041e,Poor
0x1041f,Poor
0x10420,Poor
0x10421,Poor
0x1042a,Good
0x1042b,Good
0x1042c,Good
0x1042d,Good
0x10436,Poor
0x10437,Poor
0x10438,Poor
0x10439,Poor
0x10442,Standard
0x10443,Poor
0x10444,Poor
0x10445,Poor
0x1044e,Good
0x1044f,Good
0x10450,Good
0x10451,Good
0x1045a,Good
0x1045b,Standard
0x1045c,Good
0x1045d,Good
0x10466,Poor
0x10467,Poor
0x10468,Poor
0x10469,Poor
0x10472,Poor
0x10473,Poor
0x10474,Poor
0x10475,Poor
0x1047e,Poor
0x1047f,Poor
0x10480,Poor
0x10481,Poor
0x1048a,Poor
0x1048b,Poor
0x1048c,Poor
0x1048d,Poor
0x10496,Good
0x10497,Good
0x10498,Good
0x10499,Good
0x104a2,Standard
0x104a3,Standard
0x104a4,Poor
0x104a5,Good
0x104ae,Standard
0x104af,Poor
0x104b0,Standard
0x104b1,Standard
0x104ba,Poor
0x104bb,Poor
0x104bc,Poor
0x104bd,Poor
0x104c6,Standard
0x104c7,Standard
0x104c8,Standard
0x104c9,Standard
0x104d2,Poor
0x104d3,Poor
0x104d4,Poor
0x104d5,Poor
0x104de,Good
0x104df,Good
0x104e0,Good
0x104e1,Good
0x104ea,Good
0x104eb,Good
0x104ec,Good
0x104ed,Good
0x104f6,Good
0x104f7,Good
0x104f8,Good
0x104f9,Good
0x10502,Good
0x10503,Standard
0x10504,Good
0x10505,Good
0x1050e,Good
0x1050f,Good
0x10510,Good
0x10511,Good
0x1051a,Poor
0x1051b,Poor
0x1051c,Standard
0x1051d,Standard
0x10526,Good
0x10527,Good
0x10528,Good
0x10529,Good
0x10532,Good
0x10533,Good
0x10534,Good
0x10535,Good
0x1053e,Poor
0x1053f,Poor
0x10540,Poor
0x10541,Poor
0x1054a,Good
0x1054b,Good
0x1054c,Good
0x1054d,Good
0x10556,Poor
0x10557,Poor
0x10558,Poor
0x10559,Poor
0x10562,Poor
0x10563,Poor
0x10564,Poor
0x10565,Poor
0x1056e,Good
0x1056f,Good
0x10570,Good
0x10571,Good
0x1057a,Poor
0x1057b,Poor
0x1057c,Poor
0x1057d,Poor
0x10586,Poor
0x10587,Poor
0x10588,Poor
0x10589,Poor
0x10592,Good
0x10593,Good
0x10594,Good
0x10595,Good
0x1059e,Poor
0x1059f,Poor
0x105a0,Poor
0x105a1,Poor
0x105aa,Good
0x105ab,Good
0x105ac,Good
0x105ad,Good
0x105b6,Good
0x105b7,Good
0x105b8,Good
0x105b9,Good
0x105c2,Poor
0x105c3,Poor
0x105c4,Poor
0x105c5,Poor
0x105ce,Poor
0x105cf,Poor
0x105d0,Poor
0x105d1,Standard
0x105da,Poor
0x105db,Standard
0x105dc,Poor
0x105dd,Poor
0x105e6,Good
0x105e7,Good
0x105e8,Good
0x105e9,Good
0x105f2,Standard
0x105f3,Standard
0x105f4,Good
0x105f5,Standard
0x105fe,Good
0x105ff,Good
0x10600,Good
0x10601,Good
0x1060a,Poor
0x1060b,Poor
0x1060c,Poor
0x1060d,Poor
0x10616,Good
0x10617,Good
0x10618,Standard
0x10619,Good
0x10622,Good
0x10623,Standard
0x10624,Good
0x10625,Standard
0x1062e,Standard
0x1062f,Standard
0x10630,Standard
0x10631,Standard
0x1063a,Poor
0x1063b,Poor
0x1063c,Poor
0x1063d,Poor
0x10646,Poor
0x10647,Poor
0x10648,Poor
0x10649,Poor
0x10652,Poor
0x10653,Poor
0x10654,Poor
0x10655,Poor
0x1065e,Poor
0x1065f,Poor
0x10660,Poor
0x10661,Poor
0x1066a,Good
0x1066b,Good
0x1066c,Good
0x1066d,Good
0x10676,Poor
0x10677,Poor
0x10678,Poor
0x10679,Poor
0x10682,Good
0x10683,Good
0x10684,Good
0x10685,Good
0x1068e,Good
0x1068f,Good
0x10690,Good
0x10691,Good
0x1069a,Poor
0x1069b,Poor
0x1069c,Poor
0x1069d,Standard
0x106a6,Standard
0x106a7,Standard
0x106a8,Standard
0x106a9,Standard
0x106b2,Good
0x106b3,Good
0x106b4,Good
0x106b5,Good
0x106be,Good
0x106bf,Good
0x106c0,Good
0x106c1,Good
0x106ca,Standard
0x106cb,Standard
0x106cc,Standard
0x106cd,Poor
0x106d6,Good
0x106d7,Good
0x106d8,Good
0x106d9,Good
0x106e2,Good
0x106e3,Good
0x106e4,Good
0x106e5,Good
0x106ee,Standard
0x106ef,Standard
0x106f0,Standard
0x106f1,Standard
0x106fa,Poor
0x106fb,Poor
0x106fc,Poor
0x106fd,Poor
0x10706,Good
0x10707,Good
0x10708,Good
0x10709,Good
0x10712,Standard
0x10713,Standard
0x10714,Standard
0x10715,Standard
0x1071e,Standard
0x1071f,Standard
0x10720,Standard
0x10721,Standard
0x1072a,Poor
0x1072b,Poor
0x1072c,Poor
0x1072d,Poor
0x10736,Good
0x10737,Good
0x10738,Good
0x10739,Good
0x10742,Good
0x10743,Good
0x10744,Good
0x10745,Good
0x1074e,Good
0x1074f,Good
0x10750,Good
0x10751,Good
0x1075a,Poor
0x1075b,Poor
0x1075c,Poor
0x1075d,Poor
0x10766,Poor
0x10767,Poor
0x10768,Poor
0x10769,Poor
0x10772,Poor
0x10773,Poor
0x10774,Poor
0x10775,Poor
0x1077e,Good
0x1077f,Good
0x10780,Good
0x10781,Good
0x1078a,Poor
0x1078b,Poor
0x1078c,Poor
0x1078d,Poor
0x10796,Poor
0x10797,Poor
0x10798,Poor
0x10799,Poor
0x107a2,Good
0x107a3,Good
0x107a4,Good
0x107a5,Good
0x107ae,Poor
0x107af,Poor
0x107b0,Poor
0x107b1,Poor
0x107ba,Poor
0x107bb,Poor
0x107bc,Poor
0x107bd,Poor
0x107c6,Poor
0x107c7,Poor
0x107c8,Poor
0x107c9,Poor
0x107d2,Poor
0x107d3,Standard
0x107d4,Poor
0x107d5,Poor
0x107de,Good
0x107df,Standard
0x107e0,Good
0x107e1,Good
0x107ea,Poor
0x107eb,Poor
0x107ec,Poor
0x107ed,Poor
0x107f6,Good
0x107f7,Good
0x107f8,Good
0x107f9,Good
0x10802,Good
0x10803,Standard
0x10804,Good
0x10805,Good
0x1080e,Standard
0x1080f,Standard
0x10810,Standard
0x10811,Good
0x1081a,Poor
0x1081b,Poor
0x1081c,Poor
0x1081d,Poor
0x10826,Standard
0x10827,Standard
0x10828,Standard
0x10829,Standard
0x10832,Poor
0x10833,Poor
0x10834,Poor
0x10835,Poor
0x1083e,Poor
0x1083f,Poor
0x10840,Poor
0x10841,Poor
0x1084a,Poor
0x1084b,Poor
0x1084c,Poor
0x1084d,Poor
0x10856,Good
0x10857,Good
0x10858,Good
0x10859,Good
0x10862,Standard
0x10863,Poor
0x10864,Poor
0x10865,Poor
0x1086e,Standard
0x1086f,Standard
0x10870,Standard
0x10871,Standard
0x1087a,Poor
0x1087b,Poor
0x1087c,Poor
0x1087d,Standard
0x10886,Good
0x10887,Good
0x10888,Good
0x10889,Good
0x10892,Good
0x10893,Good
0x10894,Good
0x10895,Good
0x1089e,Standard
0x1089f,Standard
0x108a0,Standard
0x108a1,Standard
0x108aa,Standard
0x108ab,Standard
0x108ac,Standard
0x108ad,Standard
0x108b6,Poor
0x108b7,Poor
0x108b8,Poor
0x108b9,Poor
0x108c2,Poor
0x108c3,Poor
0x108c4,Poor
0x108c5,Poor
0x108ce,Poor
0x108cf,Poor
0x108d0,Poor
0x108d1,Poor
0x108da,Poor
0x108db,Poor
0x108dc,Poor
0x108dd,Standard
0x108e6,Poor
0x108e7,Poor
0x108e8,Poor
0x108e9,Poor
0x108f2,Poor
0x108f3,Poor
0x108f4,Poor
0x108f5,Poor
0x108fe,Standard
0x108ff,Standard
0x10900,Standard
0x10901,Standard
0x1090a,Good
0x1090b,Good
0x1090c,Good
0x1090d,Good
0x10916,Poor
0x10917,Poor
0x10918,Poor
0x10919,Poor
0x10922,Good
0x10923,Good
0x10924,Good
0x10925,Good
0x1092e,Good
0x1092f,Good
0x10930,Good
0x10931,Good
0x1093a,Poor
0x1093b,Poor
0x1093c,Poor
0x1093d,Poor
0x10946,Good
0x10947,Good
0x10948,Good
0x10949,Good
0x10952,Standard
0x10953,Standard
0x10954,Standard
0x10955,Standard
0x1095e,Good
0x1095f,Good
0x10960,Good
0x10961,Good
0x1096a,Poor
0x1096b,Poor
0x1096c,Poor
0x1096d,Poor
0x10976,Standard
0x10977,Standard
0x10978,Standard
0x10979,Standard
0x10982,Poor
0x10983,Poor
0x10984,Poor
0x10985,Poor
0x1098e,Good
0x1098f,Good
0x10990,Good
0x10991,Good
0x1099a,Standard
0x1099b,Standard
0x1099c,Standard
0x1099d,Standard
0x109a6,Good
0x109a7,Good
0x109a8,Good
0x109a9,Good
0x109b2,Poor
0x109b3,Poor
0x109b4,Poor
0x109b5,Poor
0x109be,Poor
0x109bf,Poor
0x109c0,Poor
0x109c1,Poor
0x109ca,Standard
0x109cb,Standard
0x109cc,Standard
0x109cd,Standard
0x109d6,Poor
0x109d7,Poor
0x109d8,Poor
0x109d9,Poor
0x109e2,Good
0x109e3,Good
0x109e4,Good
0x109e5,Good
0x109ee,Good
0x109ef,Good
0x109f0,Good
0x109f1,Good
0x109fa,Good
0x109fb,Good
0x109fc,Good
0x109fd,Good
0x10a06,Good
0x10a07,Good
0x10a08,Good
0x10a09,Good
0x10a12,Good
0x10a13,Good
0x10a14,Good
0x10a15,Good
0x10a1e,Good
0x10a1f,Good
0x10a20,Good
0x10a21,Good
0x10a2a,Good
0x10a2b,Good
0x10a2c,Good
0x10a2d,Good
0x10a36,Standard
0x10a37,Standard
0x10a38,Standard
0x10a39,Standard
0x10a42,Poor
0x10a43,Poor
0x10a44,Poor
0x10a45,Poor
0x10a4e,Good
0x10a4f,Good
0x10a50,Good
0x10a51,Good
0x10a5a,Good
0x10a5b,Good
0x10a5c,Good
0x10a5d,Good
0x10a66,Poor
0x10a67,Poor
0x10a68,Poor
0x10a69,Poor
0x10a72,Standard
0x10a73,Standard
0x10a74,Standard
0x10a75,Standard
0x10a7e,Poor
0x10a7f,Poor
0x10a80,Poor
0x10a81,Poor
0x10a8a,Poor
0x10a8b,Poor
0x10a8c,Standard
0x10a8d,Poor
0x10a96,Poor
0x10a97,Poor
0x10a98,Poor
0x10a99,Poor
0x10aa2,Poor
0x10aa3,Poor
0x10aa4,Poor
0x10aa5,Poor
0x10aae,Good
0x10aaf,Good
0x10ab0,Good
0x10ab1,Good
0x10aba,Good
0x10abb,Good
0x10abc,Good
0x10abd,Good
0x10ac6,Good
0x10ac7,Good
0x10ac8,Good
0x10ac9,Good
0x10ad2,Good
0x10ad3,Good
0x10ad4,Good
0x10ad5,Good
0x10ade,Standard
0x10adf,Poor
0x10ae0,Standard
0x10ae1,Standard
0x10aea,Standard
0x10aeb,Standard
0x10aec,Standard
0x10aed,Poor
0x10af6,Poor
0x10af7,Poor
0x10af8,Poor
0x10af9,Poor
0x10b02,Poor
0x10b03,Poor
0x10b04,Poor
0x10b05,Poor
0x10b0e,Good
0x10b0f,Good
0x10b10,Good
0x10b11,Good
0x10b1a,Good
0x10b1b,Good
0x10b1c,Good
0x10b1d,Good
0x10b26,Poor
0x10b27,Poor
0x10b28,Poor
0x10b29,Poor
0x10b32,Good
0x10b33,Good
0x10b34,Good
0x10b35,Good
0x10b3e,Standard
0x10b3f,Standard
0x10b40,Standard
0x10b41,Standard
0x10b4a,Good
0x10b4b,Good
0x10b4c,Good
0x10b4d,Good
0x10b56,Standard
0x10b57,Standard
0x10b58,Standard
0x10b59,Standard
0x10b62,Good
0x10b63,Good
0x10b64,Good
0x10b65,Good
0x10b6e,Good
0x10b6f,Good
0x10b70,Good
0x10b71,Good
0x10b7a,Standard
0x10b7b,Standard
0x10b7c,Standard
0x10b7d,Standard
0x10b86,Poor
0x10b87,Poor
0x10b88,Poor
0x10b89,Poor
0x10b92,Good
0x10b93,Good
0x10b94,Good
0x10b95,Good
0x10b9e,Poor
0x10b9f,Standard
0x10ba0,Standard
0x10ba1,Standard
0x10baa,Poor
0x10bab,Poor
0x10bac,Poor
0x10bad,Poor
0x10bb6,Poor
0x10bb7,Standard
0x10bb8,Standard
0x10bb9,Poor
0x10bc2,Standard
0x10bc3,Standard
0x10bc4,Standard
0x10bc5,Standard
0x10bce,Good
0x10bcf,Good
0x10bd0,Good
0x10bd1,Good
0x10bda,Poor
0x10bdb,Poor
0x10bdc,Poor
0x10bdd,Poor
0x10be6,Poor
0x10be7,Poor
0x10be8,Poor
0x10be9,Poor
0x10bf2,Poor
0x10bf3,Poor
0x10bf4,Poor
0x10bf5,Poor
0x10bfe,Good
0x10bff,Good
0x10c00,Good
0x10c01,Good
0x10c0a,Poor
0x10c0b,Poor
0x10c0c,Poor
0x10c0d,Poor
0x10c16,Good
0x10c17,Good
0x10c18,Standard
0x10c19,Good
0x10c22,Poor
0x10c23,Poor
0x10c24,Poor
0x10c25,Poor
0x10c2e,Good
0x10c2f,Good
0x10c30,Good
0x10c31,Good
0x10c3a,Good
0x10c3b,Good
0x10c3c,Good
0x10c3d,Good
0x10c46,Poor
0x10c47,Poor
0x10c48,Poor
0x10c49,Poor
0x10c52,Good
0x10c53,Good
0x10c54,Good
0x10c55,Good
0x10c5e,Poor
0x10c5f,Poor
0x10c60,Poor
0x10c61,Poor
0x10c6a,Good
0x10c6b,Good
0x10c6c,Good
0x10c6d,Good
0x10c76,Standard
0x10c77,Standard
0x10c78,Poor
0x10c79,Standard
0x10c82,Poor
0x10c83,Standard
0x10c84,Poor
0x10c85,Poor
0x10c8e,Good
0x10c8f,Good
0x10c90,Good
0x10c91,Good
0x10c9a,Good
0x10c9b,Poor
0x10c9c,Good
0x10c9d,Standard
0x10ca6,Standard
0x10ca7,Standard
0x10ca8,Standard
0x10ca9,Standard
0x10cb2,Standard
0x10cb3,Standard
0x10cb4,Standard
0x10cb5,Standard
0x10cbe,Standard
0x10cbf,Poor
0x10cc0,Poor
0x10cc1,Poor
0x10cca,Good
0x10ccb,Good
0x10ccc,Good
0x10ccd,Good
0x10cd6,Good
0x10cd7,Good
0x10cd8,Good
0x10cd9,Good
0x10ce2,Good
0x10ce3,Good
0x10ce4,Good
0x10ce5,Good
0x10cee,Poor
0x10cef,Poor
0x10cf0,Poor
0x10cf1,Poor
0x10cfa,Poor
0x10cfb,Poor
0x10cfc,Poor
0x10cfd,Poor
0x10d06,Good
0x10d07,Good
0x10d08,Good
0x10d09,Good
0x10d12,Poor
0x10d13,Poor
0x10d14,Poor
0x10d15,Poor
0x10d1e,Standard
0x10d1f,Standard
0x10d20,Standard
0x10d21,Poor
0x10d2a,Poor
0x10d2b,Poor
0x10d2c,Poor
0x10d2d,Poor
0x10d36,Good
0x10d37,Good
0x10d38,Good
0x10d39,Good
0x10d42,Good
0x10d43,Good
0x10d44,Good
0x10d45,Good
0x10d4e,Good
0x10d4f,Standard
0x10d50,Good
0x10d51,Good
0x10d5a,Standard
0x10d5b,Poor
0x10d5c,Standard
0x10d5d,Standard
0x10d66,Poor
0x10d67,Poor
0x10d68,Poor
0x10d69,Poor
0x10d72,Good
0x10d73,Good
0x10d74,Good
0x10d75,Standard
0x10d7e,Poor
0x10d7f,Poor
0x10d80,Poor
0x10d81,Poor
0x10d8a,Standard
0x10d8b,Standard
0x10d8c,Standard
0x10d8d,Standard
0x10d96,Good
0x10d97,Good
0x10d98,Good
0x10d99,Good
0x10da2,Good
0x10da3,Good
0x10da4,Good
0x10da5,Good
0x10dae,Poor
0x10daf,Poor
0x10db0,Poor
0x10db1,Poor
0x10dba,Standard
0x10dbb,Standard
0x10dbc,Standard
0x10dbd,Standard
0x10dc6,Good
0x10dc7,Good
0x10dc8,Good
0x10dc9,Good
0x10dd2,Poor
0x10dd3,Poor
0x10dd4,Poor
0x10dd5,Poor
0x10dde,Standard
0x10ddf,Standard
0x10de0,Good
0x10de1,Standard
0x10dea,Good
0x10deb,Good
0x10dec,Good
0x10ded,Good
0x10df6,Good
0x10df7,Good
0x10df8,Good
0x10df9,Good
0x10e02,Standard
0x10e03,Standard
0x10e04,Standard
0x10e05,Standard
0x10e0e,Good
0x10e0f,Good
0x10e10,Good
0x10e11,Good
0x10e1a,Standard
0x10e1b,Standard
0x10e1c,Standard
0x10e1d,Standard
0x10e26,Good
0x10e27,Good
0x10e28,Good
0x10e29,Good
0x10e32,Poor
0x10e33,Poor
0x10e34,Poor
0x10e35,Poor
0x10e3e,Good
0x10e3f,Good
0x10e40,Good
0x10e41,Good
0x10e4a,Good
0x10e4b,Good
0x10e4c,Good
0x10e4d,Good
0x10e56,Good
0x10e57,Good
0x10e58,Good
0x10e59,Good
0x10e62,Good
0x10e63,Good
0x10e64,Good
0x10e65,Good
0x10e6e,Good
0x10e6f,Good
0x10e70,Good
0x10e71,Good
0x10e7a,Good
0x10e7b,Good
0x10e7c,Good
0x10e7d,Good
0x10e86,Poor
0x10e87,Poor
0x10e88,Poor
0x10e89,Poor
0x10e92,Good
0x10e93,Good
0x10e94,Good
0x10e95,Good
0x10e9e,Good
0x10e9f,Good
0x10ea0,Good
0x10ea1,Good
0x10eaa,Poor
0x10eab,Poor
0x10eac,Poor
0x10ead,Poor
0x10eb6,Poor
0x10eb7,Standard
0x10eb8,Poor
0x10eb9,Poor
0x10ec2,Standard
0x10ec3,Standard
0x10ec4,Standard
0x10ec5,Standard
0x10ece,Poor
0x10ecf,Poor
0x10ed0,Poor
0x10ed1,Poor
0x10eda,Poor
0x10edb,Poor
0x10edc,Poor
0x10edd,Poor
0x10ee6,Good
0x10ee7,Good
0x10ee8,Good
0x10ee9,Good
0x10ef2,Poor
0x10ef3,Poor
0x10ef4,Poor
0x10ef5,Poor
0x10efe,Good
0x10eff,Good
0x10f00,Good
0x10f01,Good
0x10f0a,Good
0x10f0b,Good
0x10f0c,Good
0x10f0d,Good
0x10f16,Standard
0x10f17,Standard
0x10f18,Standard
0x10f19,Standard
0x10f22,Good
0x10f23,Good
0x10f24,Good
0x10f25,Good
0x10f2e,Poor
0x10f2f,Poor
0x10f30,Poor
0x10f31,Poor
0x10f3a,Poor
0x10f3b,Poor
0x10f3c,Poor
0x10f3d,Poor
0x10f46,Good
0x10f47,Good
0x10f48,Good
0x10f49,Good
0x10f52,Standard
0x10f53,Standard
0x10f54,Standard
0x10f55,Standard
0x10f5e,Good
0x10f5f,Good
0x10f60,Standard
0x10f61,Good
0x10f6a,Good
0x10f6b,Good
0x10f6c,Good
0x10f6d,Good
0x10f76,Good
0x10f77,Good
0x10f78,Standard
0x10f79,Good
0x10f82,Standard
0x10f83,Good
0x10f84,Good
0x10f85,Good
0x10f8e,Poor
0x10f8f,Poor
0x10f90,Poor
0x10f91,Poor
0x10f9a,Poor
0x10f9b,Poor
0x10f9c,Poor
0x10f9d,Poor
0x10fa6,Poor
0x10fa7,Poor
0x10fa8,Poor
0x10fa9,Poor
0x10fb2,Good
0x10fb3,Good
0x10fb4,Good
0x10fb5,Good
0x10fbe,Poor
0x10fbf,Poor
0x10fc0,Poor
0x10fc1,Standard
0x10fca,Poor
0x10fcb,Poor
0x10fcc,Poor
0x10fcd,Poor
0x10fd6,Good
0x10fd7,Good
0x10fd8,Good
0x10fd9,Good
0x10fe2,Poor
0x10fe3,Poor
0x10fe4,Poor
0x10fe5,Poor
0x10fee,Good
0x10fef,Good
0x10ff0,Good
0x10ff1,Good
0x10ffa,Standard
0x10ffb,Standard
0x10ffc,Standard
0x10ffd,Standard
0x11006,Poor
0x11007,Poor
0x11008,Poor
0x11009,Poor
0x11012,Poor
0x11013,Poor
0x11014,Poor
0x11015,Poor
0x1101e,Poor
0x1101f,Poor
0x11020,Poor
0x11021,Poor
0x1102a,Good
0x1102b,Good
0x1102c,Good
0x1102d,Good
0x11036,Standard
0x11037,Standard
0x11038,Standard
0x11039,Standard
0x11042,Good
0x11043,Good
0x11044,Good
0x11045,Good
0x1104e,Poor
0x1104f,Poor
0x11050,Poor
0x11051,Poor
0x1105a,Good
0x1105b,Good
0x1105c,Good
0x1105d,Good
0x11066,Good
0x11067,Standard
0x11068,Standard
0x11069,Good
0x11072,Poor
0x11073,Poor
0x11074,Poor
0x11075,Poor
0x1107e,Good
0x1107f,Good
0x11080,Good
0x11081,Good
0x1108a,Good
0x1108b,Standard
0x1108c,Standard
0x1108d,Standard
0x11096,Good
0x11097,Good
0x11098,Good
0x11099,Good
0x110a2,Poor
0x110a3,Poor
0x110a4,Poor
0x110a5,Poor
0x110ae,Good
0x110af,Good
0x110b0,Good
0x110b1,Good
0x110ba,Poor
0x110bb,Poor
0x110bc,Poor
0x110bd,Poor
0x110c6,Good
0x110c7,Good
0x110c8,Good
0x110c9,Good
0x110d2,Poor
0x110d3,Poor
0x110d4,Poor
0x110d5,Poor
0x110de,Good
0x110df,Good
0x110e0,Good
0x110e1,Good
0x110ea,Poor
0x110eb,Poor
0x110ec,Poor
0x110ed,Poor
0x110f6,Standard
0x110f7,Good
0x110f8,Good
0x110f9,Good
0x11102,Standard
0x11103,Standard
0x11104,Standard
0x11105,Standard
0x1110e,Good
0x1110f,Good
0x11110,Good
0x11111,Good
0x1111a,Good
0x1111b,Good
0x1111c,Good
0x1111d,Good
0x11126,Good
0x11127,Good
0x11128,Good
0x11129,Good
0x11132,Good
0x11133,Good
0x11134,Good
0x11135,Good
0x1113e,Good
0x1113f,Good
0x11140,Good
0x11141,Good
0x1114a,Good
0x1114b,Good
0x1114c,Good
0x1114d,Good
0x11156,Good
0x11157,Good
0x11158,Good
0x11159,Good
0x11162,Poor
0x11163,Standard
0x11164,Poor
0x11165,Poor
0x1116e,Poor
0x1116f,Poor
0x11170,Poor
0x11171,Poor
0x1117a,Poor
0x1117b,Poor
0x1117c,Poor
0x1117d,Poor
0x11186,Good
0x11187,Good
0x11188,Good
0x11189,Good
0x11192,Good
0x11193,Good
0x11194,Good
0x11195,Good
0x1119e,Good
0x1119f,Good
0x111a0,Good
0x111a1,Good
0x111aa,Good
0x111ab,Good
0x111ac,Good
0x111ad,Good
0x111b6,Good
0x111b7,Good
0x111b8,Good
0x111b9,Good
0x111c2,Poor
0x111c3,Poor
0x111c4,Poor
0x111c5,Poor
0x111ce,Standard
0x111cf,Poor
0x111d0,Poor
0x111d1,Poor
0x111da,Good
0x111db,Good
0x111dc,Good
0x111dd,Good
0x111e6,Standard
0x111e7,Standard
0x111e8,Standard
0x111e9,Standard
0x111f2,Poor
0x111f3,Standard
0x111f4,Standard
0x111f5,Poor
0x111fe,Poor
0x111ff,Poor
0x11200,Poor
0x11201,Poor
0x1120a,Standard
0x1120b,Poor
0x1120c,Poor
0x1120d,Standard
0x11216,Poor
0x11217,Poor
0x11218,Poor
0x11219,Poor
0x11222,Poor
0x11223,Poor
0x11224,Poor
0x11225,Poor
0x1122e,Poor
0x1122f,Poor
0x11230,Poor
0x11231,Poor
0x1123a,Poor
0x1123b,Poor
0x1123c,Standard
0x1123d,Poor
0x11246,Good
0x11247,Good
0x11248,Good
0x11249,Good
0x11252,Poor
0x11253,Poor
0x11254,Poor
0x11255,Poor
0x1125e,Standard
0x1125f,Standard
0x11260,Standard
0x11261,Standard
0x1126a,Poor
0x1126b,Poor
0x1126c,Poor
0x1126d,Poor
0x11276,Standard
0x11277,Standard
0x11278,Standard
0x11279,Standard
0x11282,Poor
0x11283,Poor
0x11284,Poor
0x11285,Poor
0x1128e,Poor
0x1128f,Poor
0x11290,Poor
0x11291,Poor
0x1129a,Standard
0x1129b,Standard
0x1129c,Standard
0x1129d,Standard
0x112a6,Poor
0x112a7,Poor
0x112a8,Poor
0x112a9,Standard
0x112b2,Standard
0x112b3,Standard
0x112b4,Poor
0x112b5,Standard
0x112be,Good
0x112bf,Good
0x112c0,Good
0x112c1,Good
0x112ca,Good
0x112cb,Good
0x112cc,Good
0x112cd,Good
0x112d6,Good
0x112d7,Good
0x112d8,Good
0x112d9,Good
0x112e2,Standard
0x112e3,Standard
0x112e4,Poor
0x112e5,Standard
0x112ee,Standard
0x112ef,Standard
0x112f0,Poor
0x112f1,Standard
0x112fa,Poor
0x112fb,Poor
0x112fc,Poor
0x112fd,Poor
0x11306,Good
0x11307,Good
0x11308,Good
0x11309,Standard
0x11312,Good
0x11313,Good
0x11314,Good
0x11315,Good
0x1131e,Good
0x1131f,Good
0x11320,Good
0x11321,Good
0x1132a,Poor
0x1132b,Poor
0x1132c,Poor
0x1132d,Poor
0x11336,Standard
0x11337,Standard
0x11338,Standard
0x11339,Standard
0x11342,Standard
0x11343,Poor
0x11344,Poor
0x11345,Standard
0x1134e,Good
0x1134f,Standard
0x11350,Good
0x11351,Standard
0x1135a,Good
0x1135b,Good
0x1135c,Good
0x1135d,Good
0x11366,Standard
0x11367,Standard
0x11368,Standard
0x11369,Standard
0x11372,Standard
0x11373,Standard
0x11374,Standard
0x11375,Standard
0x1137e,Poor
0x1137f,Poor
0x11380,Poor
0x11381,Poor
0x1138a,Poor
0x1138b,Poor
0x1138c,Poor
0x1138d,Poor
0x11396,Poor
0x11397,Poor
0x11398,Poor
0x11399,Poor
0x113a2,Good
0x113a3,Good
0x113a4,Good
0x113a5,Good
0x113ae,Good
0x113af,Good
0x113b0,Good
0x113b1,Good
0x113ba,Poor
0x113bb,Poor
0x113bc,Poor
0x113bd,Poor
0x113c6,Standard
0x113c7,Standard
0x113c8,Standard
0x113c9,Standard
0x113d2,Good
0x113d3,Good
0x113d4,Good
0x113d5,Good
0x113de,Standard
0x113df,Standard
0x113e0,Standard
0x113e1,Standard
0x113ea,Good
0x113eb,Good
0x113ec,Good
0x113ed,Good
0x113f6,Good
0x113f7,Good
0x113f8,Good
0x113f9,Good
0x11402,Good
0x11403,Good
0x11404,Good
0x11405,Good
0x1140e,Poor
0x1140f,Poor
0x11410,Poor
0x11411,Poor
0x1141a,Standard
0x1141b,Good
0x1141c,Standard
0x1141d,Standard
0x11426,Good
0x11427,Good
0x11428,Good
0x11429,Good
0x11432,Poor
0x11433,Poor
0x11434,Poor
0x11435,Poor
0x1143e,Good
0x1143f,Good
0x11440,Good
0x11441,Good
0x1144a,Poor
0x1144b,Poor
0x1144c,Poor
0x1144d,Poor
0x11456,Standard
0x11457,Poor
0x11458,Poor
0x11459,Standard
0x11462,Poor
0x11463,Poor
0x11464,Poor
0x11465,Poor
0x1146e,Standard
0x1146f,Standard
0x11470,Standard
0x11471,Standard
0x1147a,Standard
0x1147b,Standard
0x1147c,Standard
0x1147d,Standard
0x11486,Standard
0x11487,Standard
0x11488,Standard
0x11489,Standard
0x11492,Standard
0x11493,Standard
0x11494,Standard
0x11495,Standard
0x1149e,Poor
0x1149f,Poor
0x114a0,Poor
0x114a1,Poor
0x114aa,Good
0x114ab,Good
0x114ac,Good
0x114ad,Good
0x114b6,Poor
0x114b7,Poor
0x114b8,Poor
0x114b9,Poor
0x114c2,Good
0x114c3,Good
0x114c4,Good
0x114c5,Good
0x114ce,Good
0x114cf,Good
0x114d0,Good
0x114d1,Good
0x114da,Poor
0x114db,Poor
0x114dc,Poor
0x114dd,Poor
0x114e6,Good
0x114e7,Good
0x114e8,Good
0x114e9,Good
0x114f2,Poor
0x114f3,Poor
0x114f4,Poor
0x114f5,Poor
0x114fe,Poor
0x114ff,Poor
0x11500,Poor
0x11501,Poor
0x1150a,Standard
0x1150b,Standard
0x1150c,Standard
0x1150d,Standard
0x11516,Poor
0x11517,Poor
0x11518,Poor
0x11519,Poor
0x11522,Poor
0x11523,Poor
0x11524,Poor
0x11525,Poor
0x1152e,Standard
0x1152f,Standard
0x11530,Standard
0x11531,Poor
0x1153a,Poor
0x1153b,Poor
0x1153c,Poor
0x1153d,Poor
0x11546,Good
0x11547,Good
0x11548,Good
0x11549,Good
0x11552,Good
0x11553,Good
0x11554,Good
0x11555,Good
0x1155e,Poor
0x1155f,Poor
0x11560,Poor
0x11561,Poor
0x1156a,Standard
0x1156b,Standard
0x1156c,Standard
0x1156d,Standard
0x11576,Poor
0x11577,Poor
0x11578,Poor
0x11579,Poor
0x11582,Good
0x11583,Good
0x11584,Good
0x11585,Good
0x1158e,Poor
0x1158f,Poor
0x11590,Poor
0x11591,Poor
0x1159a,Good
0x1159b,Good
0x1159c,Good
0x1159d,Good
0x115a6,Standard
0x115a7,Standard
0x115a8,Standard
0x115a9,Standard
0x115b2,Good
0x115b3,Good
0x115b4,Good
0x115b5,Good
0x115be,Poor
0x115bf,Poor
0x115c0,Poor
0x115c1,Poor
0x115ca,Good
0x115cb,Good
0x115cc,Good
0x115cd,Good
0x115d6,Poor
0x115d7,Poor
0x115d8,Poor
0x115d9,Poor
0x115e2,Poor
0x115e3,Poor
0x115e4,Poor
0x115e5,Poor
0x115ee,Standard
0x115ef,Standard
0x115f0,Standard
0x115f1,Standard
0x115fa,Standard
0x115fb,Standard
0x115fc,Standard
0x115fd,Standard
0x11606,Good
0x11607,Good
0x11608,Good
0x11609,Good
0x11612,Poor
0x11613,Poor
0x11614,Poor
0x11615,Poor
0x1161e,Good
0x1161f,Good
0x11620,Good
0x11621,Good
0x1162a,Good
0x1162b,Good
0x1162c,Good
0x1162d,Good
0x11636,Poor
0x11637,Poor
0x11638,Poor
0x11639,Poor
0x11642,Poor
0x11643,Poor
0x11644,Poor
0x11645,Poor
0x1164e,Standard
0x1164f,Poor
0x11650,Standard
0x11651,Standard
0x1165a,Poor
0x1165b,Poor
0x1165c,Poor
0x1165d,Poor
0x11666,Poor
0x11667,Poor
0x11668,Poor
0x11669,Poor
0x11672,Good
0x11673,Good
0x11674,Good
0x11675,Good
0x1167e,Good
0x1167f,Standard
0x11680,Good
0x11681,Good
0x1168a,Good
0x1168b,Good
0x1168c,Good
0x1168d,Good
0x11696,Poor
0x11697,Poor
0x11698,Poor
0x11699,Poor
0x116a2,Standard
0x116a3,Standard
0x116a4,Standard
0x116a5,Standard
0x116ae,Poor
0x116af,Poor
0x116b0,Poor
0x116b1,Poor
0x116ba,Poor
0x116bb,Poor
0x116bc,Poor
0x116bd,Poor
0x116c6,Poor
0x116c7,Standard
0x116c8,Standard
0x116c9,Standard
0x116d2,Standard
0x116d3,Poor
0x116d4,Poor
0x116d5,Poor
0x116de,Poor
0x116df,Poor
0x116e0,Poor
0x116e1,Poor
0x116ea,Poor
0x116eb,Poor
0x116ec,Poor
0x116ed,Poor
0x116f6,Poor
0x116f7,Standard
0x116f8,Poor
0x116f9,Poor
0x11702,Standard
0x11703,Standard
0x11704,Poor
0x11705,Standard
0x1170e,Poor
0x1170f,Poor
0x11710,Poor
0x11711,Poor
0x1171a,Poor
0x1171b,Poor
0x1171c,Poor
0x1171d,Poor
0x11726,Good
0x11727,Good
0x11728,Good
0x11729,Good
0x11732,Good
0x11733,Good
0x11734,Good
0x11735,Good
0x1173e,Good
0x1173f,Good
0x11740,Standard
0x11741,Good
0x1174a,Poor
0x1174b,Poor
0x1174c,Poor
0x1174d,Poor
0x11756,Standard
0x11757,Poor
0x11758,Poor
0x11759,Poor
0x11762,Poor
0x11763,Poor
0x11764,Poor
0x11765,Poor
0x1176e,Standard
0x1176f,Good
0x11770,Standard
0x11771,Good
0x1177a,Poor
0x1177b,Poor
0x1177c,Poor
0x1177d,Poor
0x11786,Good
0x11787,Good
0x11788,Good
0x11789,Good
0x11792,Poor
0x11793,Poor
0x11794,Poor
0x11795,Poor
0x1179e,Good
0x1179f,Good
0x117a0,Good
0x117a1,Good
0x117aa,Standard
0x117ab,Standard
0x117ac,Poor
0x117ad,Poor
0x117b6,Poor
0x117b7,Poor
0x117b8,Poor
0x117b9,Poor
0x117c2,Good
0x117c3,Good
0x117c4,Good
0x117c5,Good
0x117ce,Standard
0x117cf,Good
0x117d0,Good
0x117d1,Good
0x117da,Poor
0x117db,Poor
0x117dc,Poor
0x117dd,Poor
0x117e6,Poor
0x117e7,Poor
0x117e8,Poor
0x117e9,Poor
0x117f2,Good
0x117f3,Good
0x117f4,Good
0x117f5,Good
0x117fe,Good
0x117ff,Good
0x11800,Good
0x11801,Good
0x1180a,Poor
0x1180b,Poor
0x1180c,Standard
0x1180d,Poor
0x11816,Good
0x11817,Good
0x11818,Good
0x11819,Good
0x11822,Poor
0x11823,Poor
0x11824,Poor
0x11825,Poor
0x1182e,Poor
0x1182f,Poor
0x11830,Poor
0x11831,Standard
0x1183a,Good
0x1183b,Good
0x1183c,Good
0x1183d,Good
0x11846,Poor
0x11847,Poor
0x11848,Poor
0x11849,Poor
0x11852,Poor
0x11853,Poor
0x11854,Standard
0x11855,Poor
0x1185e,Good
0x1185f,Good
0x11860,Good
0x11861,Good
0x1186a,Poor
0x1186b,Poor
0x1186c,Poor
0x1186d,Poor
0x11876,Good
0x11877,Good
0x11878,Good
0x11879,Good
0x11882,Standard
0x11883,Standard
0x11884,Standard
0x11885,Poor
0x1188e,Poor
0x1188f,Poor
0x11890,Poor
0x11891,Poor
0x1189a,Standard
0x1189b,Good
0x1189c,Good
0x1189d,Good
0x118a6,Standard
0x118a7,Standard
0x118a8,Standard
0x118a9,Poor
0x118b2,Good
0x118b3,Good
0x118b4,Good
0x118b5,Good
0x118be,Standard
0x118bf,Standard
0x118c0,Standard
0x118c1,Standard
0x118ca,Standard
0x118cb,Standard
0x118cc,Standard
0x118cd,Standard
0x118d6,Poor
0x118d7,Poor
0x118d8,Poor
0x118d9,Poor
0x118e2,Standard
0x118e3,Standard
0x118e4,Standard
0x118e5,Standard
0x118ee,Standard
0x118ef,Good
0x118f0,Standard
0x118f1,Standard
0x118fa,Poor
0x118fb,Poor
0x118fc,Poor
0x118fd,Poor
0x11906,Standard
0x11907,Standard
0x11908,Standard
0x11909,Standard
0x11912,Good
0x11913,Good
0x11914,Good
0x11915,Good
0x1191e,Poor
0x1191f,Poor
0x11920,Poor
0x11921,Poor
0x1192a,Poor
0x1192b,Poor
0x1192c,Poor
0x1192d,Poor
0x11936,Good
0x11937,Good
0x11938,Good
0x11939,Good
0x11942,Poor
0x11943,Poor
0x11944,Poor
0x11945,Poor
0x1194e,Good
0x1194f,Good
0x11950,Good
0x11951,Good
0x1195a,Good
0x1195b,Good
0x1195c,Good
0x1195d,Good
0x11966,Poor
0x11967,Poor
0x11968,Standard
0x11969,Standard
0x11972,Good
0x11973,Good
0x11974,Standard
0x11975,Good
0x1197e,Standard
0x1197f,Standard
0x11980,Standard
0x11981,Standard
0x1198a,Poor
0x1198b,Poor
0x1198c,Poor
0x1198d,Poor
0x11996,Poor
0x11997,Poor
0x11998,Poor
0x11999,Poor
0x119a2,Poor
0x119a3,Poor
0x119a4,Poor
0x119a5,Poor
0x119ae,Good
0x119af,Good
0x119b0,Good
0x119b1,Good
0x119ba,Poor
0x119bb,Poor
0x119bc,Poor
0x119bd,Poor
0x119c6,Standard
0x119c7,Standard
0x119c8,Standard
0x119c9,Standard
0x119d2,Standard
0x119d3,Standard
0x119d4,Standard
0x119d5,Standard
0x119de,Good
0x119df,Good
0x119e0,Good
0x119e1,Good
0x119ea,Standard
0x119eb,Standard
0x119ec,Standard
0x119ed,Standard
0x119f6,Good
0x119f7,Good
0x119f8,Good
0x119f9,Good
0x11a02,Poor
0x11a03,Standard
0x11a04,Standard
0x11a05,Standard
0x11a0e,Standard
0x11a0f,Good
0x11a10,Good
0x11a11,Good
0x11a1a,Poor
0x11a1b,Poor
0x11a1c,Poor
0x11a1d,Poor
0x11a26,Standard
0x11a27,Standard
0x11a28,Standard
0x11a29,Standard
0x11a32,Good
0x11a33,Good
0x11a34,Good
0x11a35,Good
0x11a3e,Poor
0x11a3f,Poor
0x11a40,Poor
0x11a41,Standard
0x11a4a,Poor
0x11a4b,Poor
0x11a4c,Poor
0x11a4d,Poor
0x11a56,Good
0x11a57,Good
0x11a58,Good
0x11a59,Good
0x11a62,Standard
0x11a63,Poor
0x11a64,Standard
0x11a65,Poor
0x11a6e,Poor
0x11a6f,Poor
0x11a70,Poor
0x11a71,Poor
0x11a7a,Standard
0x11a7b,Standard
0x11a7c,Standard
0x11a7d,Standard
0x11a86,Poor
0x11a87,Poor
0x11a88,Poor
0x11a89,Poor
0x11a92,Poor
0x11a93,Poor
0x11a94,Poor
0x11a95,Poor
0x11a9e,Poor
0x11a9f,Standard
0x11aa0,Poor
0x11aa1,Good
0x11aaa,Good
0x11aab,Good
0x11aac,Good
0x11aad,Good
0x11ab6,Good
0x11ab7,Good
0x11ab8,Good
0x11ab9,Good
0x11ac2,Poor
0x11ac3,Poor
0x11ac4,Poor
0x11ac5,Poor
0x11ace,Good
0x11acf,Good
0x11ad0,Good
0x11ad1,Good
0x11ada,Good
0x11adb,Good
0x11adc,Good
0x11add,Good
0x11ae6,Standard
0x11ae7,Standard
0x11ae8,Standard
0x11ae9,Poor
0x11af2,Standard
0x11af3,Poor
0x11af4,Standard
0x11af5,Standard
0x11afe,Good
0x11aff,Good
0x11b00,Good
0x11b01,Good
0x11b0a,Poor
0x11b0b,Poor
0x11b0c,Poor
0x11b0d,Poor
0x11b16,Standard
0x11b17,Standard
0x11b18,Good
0x11b19,Good
0x11b22,Good
0x11b23,Good
0x11b24,Good
0x11b25,Good
0x11b2e,Good
0x11b2f,Good
0x11b30,Good
0x11b31,Good
0x11b3a,Standard
0x11b3b,Standard
0x11b3c,Standard
0x11b3d,Standard
0x11b46,Good
0x11b47,Good
0x11b48,Good
0x11b49,Good
0x11b52,Standard
0x11b53,Standard
0x11b54,Standard
0x11b55,Standard
0x11b5e,Poor
0x11b5f,Standard
0x11b60,Poor
0x11b61,Poor
0x11b6a,Good
0x11b6b,Good
0x11b6c,Good
0x11b6d,Good
0x11b76,Standard
0x11b77,Standard
0x11b78,Standard
0x11b79,Standard
0x11b82,Standard
0x11b83,Poor
0x11b84,Poor
0x11b85,Poor
0x11b8e,Poor
0x11b8f,Poor
0x11b90,Poor
0x11b91,Poor
0x11b9a,Good
0x11b9b,Good
0x11b9c,Good
0x11b9d,Good
0x11ba6,Standard
0x11ba7,Good
0x11ba8,Good
0x11ba9,Good
0x11bb2,Poor
0x11bb3,Poor
0x11bb4,Poor
0x11bb5,Poor
0x11bbe,Good
0x11bbf,Good
0x11bc0,Good
0x11bc1,Good
0x11bca,Good
0x11bcb,Good
0x11bcc,Good
0x11bcd,Good
0x11bd6,Good
0x11bd7,Good
0x11bd8,Good
0x11bd9,Good
0x11be2,Good
0x11be3,Good
0x11be4,Good
0x11be5,Good
0x11bee,Good
0x11bef,Good
0x11bf0,Good
0x11bf1,Good
0x11bfa,Good
0x11bfb,Standard
0x11bfc,Good
0x11bfd,Good
0x11c06,Good
0x11c07,Good
0x11c08,Standard
0x11c09,Good
0x11c12,Good
0x11c13,Good
0x11c14,Good
0x11c15,Good
0x11c1e,Poor
0x11c1f,Poor
0x11c20,Poor
0x11c21,Standard
0x11c2a,Poor
0x11c2b,Poor
0x11c2c,Poor
0x11c2d,Poor
0x11c36,Poor
0x11c37,Poor
0x11c38,Poor
0x11c39,Poor
0x11c42,Poor
0x11c43,Poor
0x11c44,Poor
0x11c45,Poor
0x11c4e,Standard
0x11c4f,Standard
0x11c50,Standard
0x11c51,Standard
0x11c5a,Good
0x11c5b,Good
0x11c5c,Good
0x11c5d,Good
0x11c66,Good
0x11c67,Good
0x11c68,Good
0x11c69,Good
0x11c72,Good
0x11c73,Good
0x11c74,Good
0x11c75,Good
0x11c7e,Standard
0x11c7f,Standard
0x11c80,Standard
0x11c81,Standard
0x11c8a,Good
0x11c8b,Good
0x11c8c,Good
0x11c8d,Good
0x11c96,Good
0x11c97,Standard
0x11c98,Good
0x11c99,Standard
0x11ca2,Good
0x11ca3,Good
0x11ca4,Good
0x11ca5,Good
0x11cae,Poor
0x11caf,Poor
0x11cb0,Poor
0x11cb1,Poor
0x11cba,Standard
0x11cbb,Standard
0x11cbc,Good
0x11cbd,Standard
0x11cc6,Standard
0x11cc7,Standard
0x11cc8,Standard
0x11cc9,Standard
0x11cd2,Poor
0x11cd3,Poor
0x11cd4,Poor
0x11cd5,Poor
0x11cde,Poor
0x11cdf,Poor
0x11ce0,Poor
0x11ce1,Poor
0x11cea,Standard
0x11ceb,Standard
0x11cec,Standard
0x11ced,Standard
0x11cf6,Poor
0x11cf7,Standard
0x11cf8,Standard
0x11cf9,Standard
0x11d02,Good
0x11d03,Good
0x11d04,Good
0x11d05,Good
0x11d0e,Good
0x11d0f,Good
0x11d10,Good
0x11d11,Good
0x11d1a,Good
0x11d1b,Good
0x11d1c,Good
0x11d1d,Good
0x11d26,Good
0x11d27,Good
0x11d28,Good
0x11d29,Good
0x11d32,Good
0x11d33,Good
0x11d34,Good
0x11d35,Good
0x11d3e,Standard
0x11d3f,Standard
0x11d40,Standard
0x11d41,Standard
0x11d4a,Good
0x11d4b,Good
0x11d4c,Good
0x11d4d,Good
0x11d56,Poor
0x11d57,Poor
0x11d58,Poor
0x11d59,Poor
0x11d62,Poor
0x11d63,Poor
0x11d64,Poor
0x11d65,Poor
0x11d6e,Poor
0x11d6f,Poor
0x11d70,Poor
0x11d71,Poor
0x11d7a,Good
0x11d7b,Good
0x11d7c,Good
0x11d7d,Good
0x11d86,Poor
0x11d87,Poor
0x11d88,Standard
0x11d89,Standard
0x11d92,Poor
0x11d93,Poor
0x11d94,Poor
0x11d95,Poor
0x11d9e,Poor
0x11d9f,Poor
0x11da0,Poor
0x11da1,Poor
0x11daa,Poor
0x11dab,Poor
0x11dac,Poor
0x11dad,Poor
0x11db6,Good
0x11db7,Good
0x11db8,Good
0x11db9,Good
0x11dc2,Poor
0x11dc3,Poor
0x11dc4,Poor
0x11dc5,Poor
0x11dce,Standard
0x11dcf,Poor
0x11dd0,Standard
0x11dd1,Standard
0x11dda,Poor
0x11ddb,Poor
0x11ddc,Poor
0x11ddd,Poor
0x11de6,Poor
0x11de7,Poor
0x11de8,Poor
0x11de9,Poor
0x11df2,Good
0x11df3,Good
0x11df4,Good
0x11df5,Good
0x11dfe,Good
0x11dff,Good
0x11e00,Good
0x11e01,Standard
0x11e0a,Poor
0x11e0b,Poor
0x11e0c,Poor
0x11e0d,Poor
0x11e16,Poor
0x11e17,Poor
0x11e18,Poor
0x11e19,Poor
0x11e22,Poor
0x11e23,Poor
0x11e24,Poor
0x11e25,Poor
0x11e2e,Poor
0x11e2f,Poor
0x11e30,Poor
0x11e31,Poor
0x11e3a,Standard
0x11e3b,Standard
0x11e3c,Standard
0x11e3d,Standard
0x11e46,Good
0x11e47,Good
0x11e48,Good
0x11e49,Good
0x11e52,Standard
0x11e53,Standard
0x11e54,Standard
0x11e55,Standard
0x11e5e,Poor
0x11e5f,Poor
0x11e60,Poor
0x11e61,Poor
0x11e6a,Standard
0x11e6b,Standard
0x11e6c,Standard
0x11e6d,Standard
0x11e76,Good
0x11e77,Good
0x11e78,Good
0x11e79,Good
0x11e82,Good
0x11e83,Good
0x11e84,Good
0x11e85,Good
0x11e8e,Standard
0x11e8f,Standard
0x11e90,Standard
0x11e91,Standard
0x11e9a,Good
0x11e9b,Standard
0x11e9c,Standard
0x11e9d,Good
0x11ea6,Good
0x11ea7,Good
0x11ea8,Good
0x11ea9,Good
0x11eb2,Poor
0x11eb3,Poor
0x11eb4,Poor
0x11eb5,Poor
0x11ebe,Good
0x11ebf,Good
0x11ec0,Good
0x11ec1,Good
0x11eca,Poor
0x11ecb,Poor
0x11ecc,Standard
0x11ecd,Standard
0x11ed6,Poor
0x11ed7,Poor
0x11ed8,Poor
0x11ed9,Poor
0x11ee2,Poor
0x11ee3,Poor
0x11ee4,Poor
0x11ee5,Poor
0x11eee,Poor
0x11eef,Standard
0x11ef0,Standard
0x11ef1,Standard
0x11efa,Good
0x11efb,Good
0x11efc,Good
0x11efd,Standard
0x11f06,Good
0x11f07,Good
0x11f08,Good
0x11f09,Good
0x11f12,Standard
0x11f13,Standard
0x11f14,Standard
0x11f15,Standard
0x11f1e,Good
0x11f1f,Good
0x11f20,Good
0x11f21,Good
0x11f2a,Standard
0x11f2b,Good
0x11f2c,Good
0x11f2d,Standard
0x11f36,Poor
0x11f37,Poor
0x11f38,Poor
0x11f39,Poor
0x11f42,Standard
0x11f43,Standard
0x11f44,Standard
0x11f45,Standard
0x11f4e,Good
0x11f4f,Good
0x11f50,Good
0x11f51,Good
0x11f5a,Good
0x11f5b,Good
0x11f5c,Good
0x11f5d,Good
0x11f66,Good
0x11f67,Good
0x11f68,Good
0x11f69,Good
0x11f72,Poor
0x11f73,Standard
0x11f74,Standard
0x11f75,Poor
0x11f7e,Good
0x11f7f,Good
0x11f80,Good
0x11f81,Good
0x11f8a,Poor
0x11f8b,Poor
0x11f8c,Poor
0x11f8d,Poor
0x11f96,Poor
0x11f97,Poor
0x11f98,Poor
0x11f99,Poor
0x11fa2,Standard
0x11fa3,Standard
0x11fa4,Standard
0x11fa5,Standard
0x11fae,Poor
0x11faf,Poor
0x11fb0,Poor
0x11fb1,Standard
0x11fba,Poor
0x11fbb,Standard
0x11fbc,Standard
0x11fbd,Poor
0x11fc6,Good
0x11fc7,Good
0x11fc8,Good
0x11fc9,Good
0x11fd2,Good
0x11fd3,Good
0x11fd4,Good
0x11fd5,Good
0x11fde,Poor
0x11fdf,Poor
0x11fe0,Poor
0x11fe1,Poor
0x11fea,Good
0x11feb,Good
0x11fec,Good
0x11fed,Good
0x11ff6,Poor
0x11ff7,Poor
0x11ff8,Poor
0x11ff9,Standard
0x12002,Standard
0x12003,Poor
0x12004,Poor
0x12005,Poor
0x1200e,Good
0x1200f,Good
0x12010,Good
0x12011,Good
0x1201a,Poor
0x1201b,Poor
0x1201c,Poor
0x1201d,Poor
0x12026,Good
0x12027,Good
0x12028,Good
0x12029,Good
0x12032,Standard
0x12033,Standard
0x12034,Standard
0x12035,Standard
0x1203e,Good
0x1203f,Good
0x12040,Good
0x12041,Good
0x1204a,Good
0x1204b,Good
0x1204c,Good
0x1204d,Good
0x12056,Good
0x12057,Good
0x12058,Good
0x12059,Good
0x12062,Standard
0x12063,Standard
0x12064,Standard
0x12065,Standard
0x1206e,Poor
0x1206f,Poor
0x12070,Poor
0x12071,Poor
0x1207a,Standard
0x1207b,Standard
0x1207c,Standard
0x1207d,Standard
0x12086,Poor
0x12087,Poor
0x12088,Poor
0x12089,Poor
0x12092,Good
0x12093,Good
0x12094,Good
0x12095,Good
0x1209e,Good
0x1209f,Good
0x120a0,Good
0x120a1,Good
0x120aa,Good
0x120ab,Good
0x120ac,Good
0x120ad,Good
0x120b6,Poor
0x120b7,Poor
0x120b8,Poor
0x120b9,Poor
0x120c2,Poor
0x120c3,Standard
0x120c4,Poor
0x120c5,Poor
0x120ce,Good
0x120cf,Good
0x120d0,Good
0x120d1,Good
0x120da,Good
0x120db,Good
0x120dc,Good
0x120dd,Good
0x120e6,Good
0x120e7,Good
0x120e8,Good
0x120e9,Good
0x120f2,Poor
0x120f3,Poor
0x120f4,Poor
0x120f5,Poor
0x120fe,Good
0x120ff,Good
0x12100,Good
0x12101,Good
0x1210a,Good
0x1210b,Good
0x1210c,Good
0x1210d,Good
0x12116,Good
0x12117,Good
0x12118,Good
0x12119,Good
0x12122,Good
0x12123,Good
0x12124,Good
0x12125,Good
0x1212e,Good
0x1212f,Standard
0x12130,Good
0x12131,Good
0x1213a,Good
0x1213b,Good
0x1213c,Good
0x1213d,Good
0x12146,Good
0x12147,Good
0x12148,Good
0x12149,Good
0x12152,Poor
0x12153,Poor
0x12154,Poor
0x12155,Poor
0x1215e,Standard
0x1215f,Standard
0x12160,Standard
0x12161,Standard
0x1216a,Good
0x1216b,Good
0x1216c,Good
0x1216d,Good
0x12176,Standard
0x12177,Standard
0x12178,Standard
0x12179,Standard
0x12182,Standard
0x12183,Poor
0x12184,Standard
0x12185,Poor
0x1218e,Poor
0x1218f,Poor
0x12190,Poor
0x12191,Poor
0x1219a,Good
0x1219b,Standard
0x1219c,Good
0x1219d,Good
0x121a6,Poor
0x121a7,Poor
0x121a8,Poor
0x121a9,Poor
0x121b2,Standard
0x121b3,Standard
0x121b4,Standard
0x121b5,Standard
0x121be,Poor
0x121bf,Poor
0x121c0,Poor
0x121c1,Poor
0x121ca,Standard
0x121cb,Standard
0x121cc,Standard
0x121cd,Poor
0x121d6,Standard
0x121d7,Standard
0x121d8,Standard
0x121d9,Standard
0x121e2,Good
0x121e3,Good
0x121e4,Good
0x121e5,Good
0x121ee,Good
0x121ef,Good
0x121f0,Good
0x121f1,Good
0x121fa,Good
0x121fb,Good
0x121fc,Good
0x121fd,Good
0x12206,Good
0x12207,Good
0x12208,Standard
0x12209,Good
0x12212,Good
0x12213,Good
0x12214,Good
0x12215,Good
0x1221e,Poor
0x1221f,Poor
0x12220,Poor
0x12221,Poor
0x1222a,Good
0x1222b,Good
0x1222c,Good
0x1222d,Good
0x12236,Poor
0x12237,Poor
0x12238,Poor
0x12239,Poor
0x12242,Poor
0x12243,Poor
0x12244,Poor
0x12245,Standard
0x1224e,Good
0x1224f,Good
0x12250,Good
0x12251,Good
0x1225a,Standard
0x1225b,Standard
0x1225c,Standard
0x1225d,Poor
0x12266,Good
0x12267,Good
0x12268,Good
0x12269,Good
0x12272,Good
0x12273,Good
0x12274,Good
0x12275,Good
0x1227e,Good
0x1227f,Standard
0x12280,Good
0x12281,Good
0x1228a,Good
0x1228b,Good
0x1228c,Good
0x1228d,Good
0x12296,Good
0x12297,Good
0x12298,Good
0x12299,Good
0x122a2,Good
0x122a3,Good
0x122a4,Good
0x122a5,Good
0x122ae,Poor
0x122af,Poor
0x122b0,Poor
0x122b1,Poor
0x122ba,Good
0x122bb,Good
0x122bc,Good
0x122bd,Good
0x122c6,Standard
0x122c7,Standard
0x122c8,Standard
0x122c9,Standard
0x122d2,Poor
0x122d3,Poor
0x122d4,Poor
0x122d5,Poor
0x122de,Standard
0x122df,Standard
0x122e0,Good
0x122e1,Good
0x122ea,Poor
0x122eb,Poor
0x122ec,Poor
0x122ed,Poor
0x122f6,Poor
0x122f7,Poor
0x122f8,Poor
0x122f9,Poor
0x12302,Poor
0x12303,Poor
0x12304,Standard
0x12305,Poor
0x1230e,Poor
0x1230f,Poor
0x12310,Poor
0x12311,Poor
0x1231a,Standard
0x1231b,Standard
0x1231c,Standard
0x1231d,Standard
0x12326,Good
0x12327,Good
0x12328,Good
0x12329,Good
0x12332,Good
0x12333,Good
0x12334,Good
0x12335,Good
0x1233e,Standard
0x1233f,Standard
0x12340,Poor
0x12341,Standard
0x1234a,Standard
0x1234b,Standard
0x1234c,Standard
0x1234d,Standard
0x12356,Good
0x12357,Good
0x12358,Good
0x12359,Good
0x12362,Poor
0x12363,Poor
0x12364,Poor
0x12365,Poor
0x1236e,Standard
0x1236f,Standard
0x12370,Standard
0x12371,Standard
0x1237a,Good
0x1237b,Good
0x1237c,Good
0x1237d,Good
0x12386,Good
0x12387,Good
0x12388,Good
0x12389,Good
0x12392,Standard
0x12393,Standard
0x12394,Poor
0x12395,Standard
0x1239e,Good
0x1239f,Good
0x123a0,Good
0x123a1,Good
0x123aa,Poor
0x123ab,Poor
0x123ac,Poor
0x123ad,Poor
0x123b6,Good
0x123b7,Good
0x123b8,Good
0x123b9,Good
0x123c2,Good
0x123c3,Good
0x123c4,Good
0x123c5,Good
0x123ce,Good
0x123cf,Good
0x123d0,Good
0x123d1,Good
0x123da,Standard
0x123db,Good
0x123dc,Good
0x123dd,Good
0x123e6,Standard
0x123e7,Standard
0x123e8,Standard
0x123e9,Poor
0x123f2,Standard
0x123f3,Standard
0x123f4,Standard
0x123f5,Standard
0x123fe,Good
0x123ff,Good
0x12400,Good
0x12401,Good
0x1240a,Poor
0x1240b,Poor
0x1240c,Poor
0x1240d,Poor
0x12416,Standard
0x12417,Standard
0x12418,Standard
0x12419,Standard
0x12422,Good
0x12423,Good
0x12424,Good
0x12425,Good
0x1242e,Poor
0x1242f,Poor
0x12430,Poor
0x12431,Poor
0x1243a,Poor
0x1243b,Poor
0x1243c,Poor
0x1243d,Poor
0x12446,Poor
0x12447,Poor
0x12448,Poor
0x12449,Poor
0x12452,Good
0x12453,Good
0x12454,Good
0x12455,Good
0x1245e,Good
0x1245f,Good
0x12460,Good
0x12461,Good
0x1246a,Good
0x1246b,Good
0x1246c,Good
0x1246d,Standard
0x12476,Good
0x12477,Good
0x12478,Good
0x12479,Good
0x12482,Poor
0x12483,Poor
0x12484,Poor
0x12485,Poor
0x1248e,Good
0x1248f,Good
0x12490,Good
0x12491,Good
0x1249a,Standard
0x1249b,Poor
0x1249c,Standard
0x1249d,Standard
0x124a6,Poor
0x124a7,Poor
0x124a8,Poor
0x124a9,Poor
0x124b2,Good
0x124b3,Good
0x124b4,Good
0x124b5,Good
0x124be,Good
0x124bf,Good
0x124c0,Good
0x124c1,Good
0x124ca,Good
0x124cb,Good
0x124cc,Good
0x124cd,Good
0x124d6,Good
0x124d7,Good
0x124d8,Good
0x124d9,Good
0x124e2,Poor
0x124e3,Poor
0x124e4,Poor
0x124e5,Poor
0x124ee,Poor
0x124ef,Poor
0x124f0,Poor
0x124f1,Poor
0x124fa,Good
0x124fb,Good
0x124fc,Good
0x124fd,Good
0x12506,Good
0x12507,Good
0x12508,Standard
0x12509,Good
0x12512,Good
0x12513,Good
0x12514,Good
0x12515,Good
0x1251e,Poor
0x1251f,Poor
0x12520,Poor
0x12521,Poor
0x1252a,Poor
0x1252b,Poor
0x1252c,Poor
0x1252d,Poor
0x12536,Poor
0x12537,Poor
0x12538,Poor
0x12539,Poor
0x12542,Standard
0x12543,Standard
0x12544,Poor
0x12545,Standard
0x1254e,Good
0x1254f,Good
0x12550,Good
0x12551,Good
0x1255a,Poor
0x1255b,Poor
0x1255c,Poor
0x1255d,Poor
0x12566,Good
0x12567,Good
0x12568,Good
0x12569,Good
0x12572,Good
0x12573,Good
0x12574,Good
0x12575,Good
0x1257e,Standard
0x1257f,Standard
0x12580,Standard
0x12581,Standard
0x1258a,Good
0x1258b,Good
0x1258c,Good
0x1258d,Good
0x12596,Standard
0x12597,Standard
0x12598,Standard
0x12599,Standard
0x125a2,Good
0x125a3,Good
0x125a4,Good
0x125a5,Good
0x125ae,Good
0x125af,Good
0x125b0,Good
0x125b1,Good
0x125ba,Good
0x125bb,Good
0x125bc,Good
0x125bd,Good
0x125c6,Standard
0x125c7,Standard
0x125c8,Standard
0x125c9,Standard
0x125d2,Poor
0x125d3,Poor
0x125d4,Poor
0x125d5,Poor
0x125de,Standard
0x125df,Standard
0x125e0,Standard
0x125e1,Standard
0x125ea,Poor
0x125eb,Standard
0x125ec,Standard
0x125ed,Standard
0x125f6,Standard
0x125f7,Standard
0x125f8,Standard
0x125f9,Standard
0x12602,Poor
0x12603,Poor
0x12604,Poor
0x12605,Poor
0x1260e,Good
0x1260f,Good
0x12610,Good
0x12611,Good
0x1261a,Good
0x1261b,Good
0x1261c,Good
0x1261d,Good
0x12626,Good
0x12627,Good
0x12628,Good
0x12629,Standard
0x12632,Good
0x12633,Good
0x12634,Good
0x12635,Good
0x1263e,Good
0x1263f,Good
0x12640,Good
0x12641,Good
0x1264a,Good
0x1264b,Good
0x1264c,Standard
0x1264d,Good
0x12656,Good
0x12657,Good
0x12658,Good
0x12659,Good
0x12662,Good
0x12663,Good
0x12664,Standard
0x12665,Standard
0x1266e,Poor
0x1266f,Poor
0x12670,Poor
0x12671,Poor
0x1267a,Good
0x1267b,Good
0x1267c,Good
0x1267d,Standard
0x12686,Poor
0x12687,Standard
0x12688,Standard
0x12689,Standard
0x12692,Good
0x12693,Good
0x12694,Good
0x12695,Good
0x1269e,Poor
0x1269f,Poor
0x126a0,Poor
0x126a1,Poor
0x126aa,Good
0x126ab,Good
0x126ac,Good
0x126ad,Good
0x126b6,Standard
0x126b7,Standard
0x126b8,Poor
0x126b9,Standard
0x126c2,Standard
0x126c3,Standard
0x126c4,Standard
0x126c5,Standard
0x126ce,Good
0x126cf,Good
0x126d0,Good
0x126d1,Good
0x126da,Poor
0x126db,Poor
0x126dc,Standard
0x126dd,Standard
0x126e6,Poor
0x126e7,Poor
0x126e8,Standard
0x126e9,Standard
0x126f2,Good
0x126f3,Good
0x126f4,Good
0x126f5,Good
0x126fe,Poor
0x126ff,Poor
0x12700,Poor
0x12701,Poor
0x1270a,Poor
0x1270b,Poor
0x1270c,Poor
0x1270d,Poor
0x12716,Good
0x12717,Good
0x12718,Good
0x12719,Good
0x12722,Standard
0x12723,Standard
0x12724,Standard
0x12725,Standard
0x1272e,Poor
0x1272f,Poor
0x12730,Poor
0x12731,Poor
0x1273a,Standard
0x1273b,Standard
0x1273c,Poor
0x1273d,Standard
0x12746,Poor
0x12747,Poor
0x12748,Poor
0x12749,Poor
0x12752,Standard
0x12753,Standard
0x12754,Good
0x12755,Standard
0x1275e,Standard
0x1275f,Standard
0x12760,Standard
0x12761,Good
0x1276a,Good
0x1276b,Good
0x1276c,Good
0x1276d,Good
0x12776,Good
0x12777,Good
0x12778,Good
0x12779,Good
0x12782,Good
0x12783,Good
0x12784,Good
0x12785,Good
0x1278e,Good
0x1278f,Good
0x12790,Good
0x12791,Good
0x1279a,Good
0x1279b,Good
0x1279c,Good
0x1279d,Good
0x127a6,Good
0x127a7,Good
0x127a8,Good
0x127a9,Good
0x127b2,Good
0x127b3,Good
0x127b4,Good
0x127b5,Good
0x127be,Poor
0x127bf,Poor
0x127c0,Poor
0x127c1,Poor
0x127ca,Good
0x127cb,Good
0x127cc,Good
0x127cd,Good
0x127d6,Standard
0x127d7,Standard
0x127d8,Standard
0x127d9,Standard
0x127e2,Poor
0x127e3,Poor
0x127e4,Poor
0x127e5,Poor
0x127ee,Standard
0x127ef,Standard
0x127f0,Standard
0x127f1,Standard
0x127fa,Standard
0x127fb,Good
0x127fc,Good
0x127fd,Standard
0x12806,Poor
0x12807,Poor
0x12808,Poor
0x12809,Poor
0x12812,Good
0x12813,Good
0x12814,Good
0x12815,Good
0x1281e,Standard
0x1281f,Standard
0x12820,Poor
0x12821,Poor
0x1282a,Poor
0x1282b,Poor
0x1282c,Poor
0x1282d,Poor
0x12836,Good
0x12837,Good
0x12838,Good
0x12839,Good
0x12842,Good
0x12843,Good
0x12844,Good
0x12845,Good
0x1284e,Standard
0x1284f,Standard
0x12850,Standard
0x12851,Standard
0x1285a,Good
0x1285b,Good
0x1285c,Good
0x1285d,Good
0x12866,Good
0x12867,Good
0x12868,Standard
0x12869,Standard
0x12872,Poor
0x12873,Poor
0x12874,Poor
0x12875,Poor
0x1287e,Poor
0x1287f,Poor
0x12880,Poor
0x12881,Poor
0x1288a,Poor
0x1288b,Standard
0x1288c,Poor
0x1288d,Standard
0x12896,Good
0x12897,Good
0x12898,Good
0x12899,Good
0x128a2,Good
0x128a3,Good
0x128a4,Good
0x128a5,Good
0x128ae,Poor
0x128af,Poor
0x128b0,Poor
0x128b1,Poor
0x128ba,Poor
0x128bb,Poor
0x128bc,Poor
0x128bd,Poor
0x128c6,Standard
0x128c7,Standard
0x128c8,Standard
0x128c9,Poor
0x128d2,Good
0x128d3,Good
0x128d4,Good
0x128d5,Good
0x128de,Standard
0x128df,Standard
0x128e0,Standard
0x128e1,Standard
0x128ea,Standard
0x128eb,Standard
0x128ec,Standard
0x128ed,Standard
0x128f6,Standard
0x128f7,Poor
0x128f8,Standard
0x128f9,Standard
0x12902,Standard
0x12903,Standard
0x12904,Standard
0x12905,Standard
0x1290e,Good
0x1290f,Good
0x12910,Good
0x12911,Good
0x1291a,Poor
0x1291b,Poor
0x1291c,Poor
0x1291d,Poor
0x12926,Poor
0x12927,Poor
0x12928,Poor
0x12929,Poor
0x12932,Poor
0x12933,Poor
0x12934,Poor
0x12935,Poor
0x1293e,Poor
0x1293f,Poor
0x12940,Poor
0x12941,Poor
0x1294a,Standard
0x1294b,Standard
0x1294c,Standard
0x1294d,Standard
0x12956,Standard
0x12957,Standard
0x12958,Standard
0x12959,Poor
0x12962,Standard
0x12963,Standard
0x12964,Standard
0x12965,Standard
0x1296e,Standard
0x1296f,Good
0x12970,Standard
0x12971,Standard
0x1297a,Standard
0x1297b,Standard
0x1297c,Standard
0x1297d,Standard
0x12986,Good
0x12987,Good
0x12988,Good
0x12989,Good
0x12992,Poor
0x12993,Standard
0x12994,Standard
0x12995,Standard
0x1299e,Good
0x1299f,Good
0x129a0,Good
0x129a1,Good
0x129aa,Poor
0x129ab,Poor
0x129ac,Poor
0x129ad,Poor
0x129b6,Poor
0x129b7,Poor
0x129b8,Poor
0x129b9,Poor
0x129c2,Good
0x129c3,Standard
0x129c4,Good
0x129c5,Standard
0x129ce,Good
0x129cf,Good
0x129d0,Good
0x129d1,Good
0x129da,Poor
0x129db,Poor
0x129dc,Poor
0x129dd,Poor
0x129e6,Poor
0x129e7,Poor
0x129e8,Poor
0x129e9,Poor
0x129f2,Poor
0x129f3,Poor
0x129f4,Poor
0x129f5,Poor
0x129fe,Standard
0x129ff,Standard
0x12a00,Standard
0x12a01,Standard
0x12a0a,Poor
0x12a0b,Standard
0x12a0c,Standard
0x12a0d,Standard
0x12a16,Good
0x12a17,Good
0x12a18,Good
0x12a19,Good
0x12a22,Good
0x12a23,Good
0x12a24,Good
0x12a25,Good
0x12a2e,Good
0x12a2f,Good
0x12a30,Good
0x12a31,Good
0x12a3a,Good
0x12a3b,Good
0x12a3c,Good
0x12a3d,Good
0x12a46,Good
0x12a47,Good
0x12a48,Good
0x12a49,Good
0x12a52,Good
0x12a53,Good
0x12a54,Good
0x12a55,Good
0x12a5e,Good
0x12a5f,Good
0x12a60,Good
0x12a61,Standard
0x12a6a,Good
0x12a6b,Good
0x12a6c,Good
0x12a6d,Good
0x12a76,Poor
0x12a77,Poor
0x12a78,Poor
0x12a79,Poor
0x12a82,Poor
0x12a83,Poor
0x12a84,Poor
0x12a85,Poor
0x12a8e,Good
0x12a8f,Good
0x12a90,Good
0x12a91,Good
0x12a9a,Poor
0x12a9b,Poor
0x12a9c,Poor
0x12a9d,Poor
0x12aa6,Good
0x12aa7,Good
0x12aa8,Good
0x12aa9,Good
0x12ab2,Poor
0x12ab3,Standard
0x12ab4,Poor
0x12ab5,Poor
0x12abe,Good
0x12abf,Standard
0x12ac0,Poor
0x12ac1,Good
0x12aca,Good
0x12acb,Good
0x12acc,Good
0x12acd,Good
0x12ad6,Poor
0x12ad7,Poor
0x12ad8,Poor
0x12ad9,Poor
0x12ae2,Standard
0x12ae3,Poor
0x12ae4,Poor
0x12ae5,Poor
0x12aee,Good
0x12aef,Good
0x12af0,Good
0x12af1,Good
0x12afa,Poor
0x12afb,Poor
0x12afc,Poor
0x12afd,Poor
0x12b06,Standard
0x12b07,Poor
0x12b08,Standard
0x12b09,Standard
0x12b12,Good
0x12b13,Good
0x12b14,Good
0x12b15,Good
0x12b1e,Standard
0x12b1f,Standard
0x12b20,Poor
0x12b21,Standard
0x12b2a,Good
0x12b2b,Good
0x12b2c,Good
0x12b2d,Good
0x12b36,Good
0x12b37,Good
0x12b38,Good
0x12b39,Good
0x12b42,Standard
0x12b43,Standard
0x12b44,Standard
0x12b45,Standard
0x12b4e,Poor
0x12b4f,Poor
0x12b50,Poor
0x12b51,Poor
0x12b5a,Poor
0x12b5b,Standard
0x12b5c,Standard
0x12b5d,Standard
0x12b66,Poor
0x12b67,Poor
0x12b68,Poor
0x12b69,Poor
0x12b72,Poor
0x12b73,Poor
0x12b74,Poor
0x12b75,Poor
0x12b7e,Poor
0x12b7f,Poor
0x12b80,Poor
0x12b81,Poor
0x12b8a,Good
0x12b8b,Good
0x12b8c,Good
0x12b8d,Good
0x12b96,Poor
0x12b97,Poor
0x12b98,Poor
0x12b99,Poor
0x12ba2,Standard
0x12ba3,Poor
0x12ba4,Standard
0x12ba5,Poor
0x12bae,Good
0x12baf,Good
0x12bb0,Good
0x12bb1,Good
0x12bba,Poor
0x12bbb,Standard
0x12bbc,Standard
0x12bbd,Standard
0x12bc6,Good
0x12bc7,Good
0x12bc8,Good
0x12bc9,Good
0x12bd2,Good
0x12bd3,Good
0x12bd4,Good
0x12bd5,Good
0x12bde,Poor
0x12bdf,Poor
0x12be0,Poor
0x12be1,Poor
0x12bea,Poor
0x12beb,Poor
0x12bec,Poor
0x12bed,Poor
0x12bf6,Good
0x12bf7,Good
0x12bf8,Good
0x12bf9,Good
0x12c02,Poor
0x12c03,Poor
0x12c04,Poor
0x12c05,Poor
0x12c0e,Standard
0x12c0f,Standard
0x12c10,Poor
0x12c11,Standard
0x12c1a,Good
0x12c1b,Good
0x12c1c,Good
0x12c1d,Good
0x12c26,Poor
0x12c27,Poor
0x12c28,Poor
0x12c29,Poor
0x12c32,Standard
0x12c33,Standard
0x12c34,Standard
0x12c35,Standard
0x12c3e,Good
0x12c3f,Good
0x12c40,Good
0x12c41,Good
0x12c4a,Poor
0x12c4b,Poor
0x12c4c,Poor
0x12c4d,Poor
0x12c56,Good
0x12c57,Good
0x12c58,Good
0x12c59,Good
0x12c62,Poor
0x12c63,Poor
0x12c64,Poor
0x12c65,Poor
0x12c6e,Standard
0x12c6f,Poor
0x12c70,Poor
0x12c71,Poor
0x12c7a,Poor
0x12c7b,Poor
0x12c7c,Poor
0x12c7d,Poor
0x12c86,Poor
0x12c87,Poor
0x12c88,Standard
0x12c89,Standard
0x12c92,Good
0x12c93,Good
0x12c94,Good
0x12c95,Good
0x12c9e,Poor
0x12c9f,Poor
0x12ca0,Poor
0x12ca1,Poor
0x12caa,Poor
0x12cab,Poor
0x12cac,Poor
0x12cad,Poor
0x12cb6,Good
0x12cb7,Good
0x12cb8,Good
0x12cb9,Good
0x12cc2,Good
0x12cc3,Good
0x12cc4,Good
0x12cc5,Good
0x12cce,Poor
0x12ccf,Poor
0x12cd0,Poor
0x12cd1,Poor
0x12cda,Standard
0x12cdb,Standard
0x12cdc,Standard
0x12cdd,Standard
0x12ce6,Good
0x12ce7,Good
0x12ce8,Good
0x12ce9,Good
0x12cf2,Good
0x12cf3,Good
0x12cf4,Good
0x12cf5,Good
0x12cfe,Poor
0x12cff,Poor
0x12d00,Standard
0x12d01,Poor
0x12d0a,Poor
0x12d0b,Poor
0x12d0c,Poor
0x12d0d,Poor
0x12d16,Standard
0x12d17,Standard
0x12d18,Standard
0x12d19,Standard
0x12d22,Good
0x12d23,Good
0x12d24,Good
0x12d25,Good
0x12d2e,Standard
0x12d2f,Standard
0x12d30,Standard
0x12d31,Standard
0x12d3a,Standard
0x12d3b,Standard
0x12d3c,Standard
0x12d3d,Standard
0x12d46,Standard
0x12d47,Standard
0x12d48,Standard
0x12d49,Standard
0x12d52,Poor
0x12d53,Poor
0x12d54,Poor
0x12d55,Poor
0x12d5e,Poor
0x12d5f,Poor
0x12d60,Poor
0x12d61,Poor
0x12d6a,Standard
0x12d6b,Standard
0x12d6c,Poor
0x12d6d,Poor
0x12d76,Good
0x12d77,Good
0x12d78,Good
0x12d79,Good
0x12d82,Standard
0x12d83,Standard
0x12d84,Standard
0x12d85,Standard
0x12d8e,Poor
0x12d8f,Poor
0x12d90,Poor
0x12d91,Poor
0x12d9a,Poor
0x12d9b,Poor
0x12d9c,Poor
0x12d9d,Poor
0x12da6,Standard
0x12da7,Standard
0x12da8,Poor
0x12da9,Standard
0x12db2,Poor
0x12db3,Poor
0x12db4,Poor
0x12db5,Poor
0x12dbe,Poor
0x12dbf,Poor
0x12dc0,Poor
0x12dc1,Poor
0x12dca,Good
0x12dcb,Good
0x12dcc,Good
0x12dcd,Standard
0x12dd6,Poor
0x12dd7,Poor
0x12dd8,Poor
0x12dd9,Poor
0x12de2,Poor
0x12de3,Poor
0x12de4,Poor
0x12de5,Poor
0x12dee,Standard
0x12def,Standard
0x12df0,Standard
0x12df1,Standard
0x12dfa,Poor
0x12dfb,Poor
0x12dfc,Poor
0x12dfd,Poor
0x12e06,Poor
0x12e07,Poor
0x12e08,Poor
0x12e09,Poor
0x12e12,Good
0x12e13,Good
0x12e14,Good
0x12e15,Good
0x12e1e,Standard
0x12e1f,Standard
0x12e20,Good
0x12e21,Good
0x12e2a,Poor
0x12e2b,Poor
0x12e2c,Poor
0x12e2d,Poor
0x12e36,Good
0x12e37,Good
0x12e38,Good
0x12e39,Good
0x12e42,Good
0x12e43,Good
0x12e44,Good
0x12e45,Good
0x12e4e,Poor
0x12e4f,Poor
0x12e50,Poor
0x12e51,Poor
0x12e5a,Poor
0x12e5b,Poor
0x12e5c,Poor
0x12e5d,Poor
0x12e66,Standard
0x12e67,Standard
0x12e68,Standard
0x12e69,Poor
0x12e72,Good
0x12e73,Good
0x12e74,Good
0x12e75,Good
0x12e7e,Poor
0x12e7f,Poor
0x12e80,Poor
0x12e81,Poor
0x12e8a,Poor
0x12e8b,Poor
0x12e8c,Poor
0x12e8d,Poor
0x12e96,Good
0x12e97,Standard
0x12e98,Good
0x12e99,Good
0x12ea2,Poor
0x12ea3,Poor
0x12ea4,Poor
0x12ea5,Poor
0x12eae,Poor
0x12eaf,Poor
0x12eb0,Poor
0x12eb1,Poor
0x12eba,Good
0x12ebb,Good
0x12ebc,Good
0x12ebd,Good
0x12ec6,Good
0x12ec7,Good
0x12ec8,Good
0x12ec9,Good
0x12ed2,Good
0x12ed3,Good
0x12ed4,Good
0x12ed5,Good
0x12ede,Poor
0x12edf,Poor
0x12ee0,Poor
0x12ee1,Poor
0x12eea,Good
0x12eeb,Good
0x12eec,Good
0x12eed,Good
0x12ef6,Standard
0x12ef7,Poor
0x12ef8,Standard
0x12ef9,Standard
0x12f02,Good
0x12f03,Good
0x12f04,Good
0x12f05,Good
0x12f0e,Poor
0x12f0f,Poor
0x12f10,Poor
0x12f11,Poor
0x12f1a,Poor
0x12f1b,Standard
0x12f1c,Standard
0x12f1d,Standard
0x12f26,Good
0x12f27,Good
0x12f28,Good
0x12f29,Good
0x12f32,Poor
0x12f33,Poor
0x12f34,Poor
0x12f35,Poor
0x12f3e,Poor
0x12f3f,Poor
0x12f40,Poor
0x12f41,Standard
0x12f4a,Standard
0x12f4b,Good
0x12f4c,Poor
0x12f4d,Poor
0x12f56,Good
0x12f57,Good
0x12f58,Good
0x12f59,Good
0x12f62,Good
0x12f63,Good
0x12f64,Good
0x12f65,Good
0x12f6e,Poor
0x12f6f,Poor
0x12f70,Standard
0x12f71,Poor
0x12f7a,Good
0x12f7b,Good
0x12f7c,Good
0x12f7d,Good
0x12f86,Good
0x12f87,Good
0x12f88,Good
0x12f89,Good
0x12f92,Good
0x12f93,Good
0x12f94,Good
0x12f95,Good
0x12f9e,Good
0x12f9f,Good
0x12fa0,Good
0x12fa1,Good
0x12faa,Good
0x12fab,Good
0x12fac,Good
0x12fad,Good
0x12fb6,Poor
0x12fb7,Poor
0x12fb8,Poor
0x12fb9,Poor
0x12fc2,Standard
0x12fc3,Standard
0x12fc4,Standard
0x12fc5,Standard
0x12fce,Poor
0x12fcf,Poor
0x12fd0,Poor
0x12fd1,Standard
0x12fda,Poor
0x12fdb,Poor
0x12fdc,Poor
0x12fdd,Poor
0x12fe6,Poor
0x12fe7,Poor
0x12fe8,Poor
0x12fe9,Poor
0x12ff2,Poor
0x12ff3,Poor
0x12ff4,Poor
0x12ff5,Poor
0x12ffe,Good
0x12fff,Good
0x13000,Good
0x13001,Good
0x1300a,Good
0x1300b,Good
0x1300c,Good
0x1300d,Good
0x13016,Good
0x13017,Good
0x13018,Good
0x13019,Good
0x13022,Good
0x13023,Good
0x13024,Good
0x13025,Good
0x1302e,Poor
0x1302f,Poor
0x13030,Poor
0x13031,Poor
0x1303a,Good
0x1303b,Good
0x1303c,Good
0x1303d,Good
0x13046,Poor
0x13047,Poor
0x13048,Poor
0x13049,Poor
0x13052,Good
0x13053,Good
0x13054,Good
0x13055,Good
0x1305e,Good
0x1305f,Standard
0x13060,Good
0x13061,Good
0x1306a,Poor
0x1306b,Poor
0x1306c,Poor
0x1306d,Poor
0x13076,Good
0x13077,Good
0x13078,Good
0x13079,Good
0x13082,Good
0x13083,Good
0x13084,Good
0x13085,Good
0x1308e,Standard
0x1308f,Standard
0x13090,Standard
0x13091,Standard
0x1309a,Good
0x1309b,Good
0x1309c,Good
0x1309d,Good
0x130a6,Good
0x130a7,Good
0x130a8,Good
0x130a9,Good
0x130b2,Good
0x130b3,Good
0x130b4,Good
0x130b5,Good
0x130be,Good
0x130bf,Good
0x130c0,Good
0x130c1,Good
0x130ca,Poor
0x130cb,Poor
0x130cc,Poor
0x130cd,Poor
0x130d6,Good
0x130d7,Good
0x130d8,Good
0x130d9,Good
0x130e2,Good
0x130e3,Good
0x130e4,Good
0x130e5,Good
0x130ee,Good
0x130ef,Good
0x130f0,Good
0x130f1,Good
0x130fa,Good
0x130fb,Standard
0x130fc,Good
0x130fd,Standard
0x13106,Standard
0x13107,Standard
0x13108,Standard
0x13109,Standard
0x13112,Standard
0x13113,Poor
0x13114,Standard
0x13115,Poor
0x1311e,Poor
0x1311f,Poor
0x13120,Poor
0x13121,Poor
0x1312a,Good
0x1312b,Good
0x1312c,Good
0x1312d,Good
0x13136,Poor
0x13137,Poor
0x13138,Poor
0x13139,Poor
0x13142,Good
0x13143,Good
0x13144,Good
0x13145,Good
0x1314e,Good
0x1314f,Good
0x13150,Good
0x13151,Good
0x1315a,Poor
0x1315b,Poor
0x1315c,Poor
0x1315d,Poor
0x13166,Poor
0x13167,Poor
0x13168,Poor
0x13169,Poor
0x13172,Poor
0x13173,Poor
0x13174,Poor
0x13175,Poor
0x1317e,Poor
0x1317f,Poor
0x13180,Poor
0x13181,Poor
0x1318a,Standard
0x1318b,Standard
0x1318c,Standard
0x1318d,Standard
0x13196,Good
0x13197,Good
0x13198,Good
0x13199,Good
0x131a2,Poor
0x131a3,Poor
0x131a4,Poor
0x131a5,Poor
0x131ae,Good
0x131af,Poor
0x131b0,Poor
0x131b1,Poor
0x131ba,Standard
0x131bb,Standard
0x131bc,Standard
0x131bd,Standard
0x131c6,Standard
0x131c7,Standard
0x131c8,Standard
0x131c9,Standard
0x131d2,Standard
0x131d3,Standard
0x131d4,Standard
0x131d5,Standard
0x131de,Good
0x131df,Good
0x131e0,Good
0x131e1,Good
0x131ea,Poor
0x131eb,Poor
0x131ec,Poor
0x131ed,Poor
0x131f6,Good
0x131f7,Good
0x131f8,Good
0x131f9,Good
0x13202,Good
0x13203,Good
0x13204,Good
0x13205,Good
0x1320e,Poor
0x1320f,Poor
0x13210,Poor
0x13211,Poor
0x1321a,Poor
0x1321b,Poor
0x1321c,Poor
0x1321d,Poor
0x13226,Good
0x13227,Good
0x13228,Good
0x13229,Good
0x13232,Poor
0x13233,Poor
0x13234,Poor
0x13235,Poor
0x1323e,Standard
0x1323f,Standard
0x13240,Good
0x13241,Standard
0x1324a,Standard
0x1324b,Standard
0x1324c,Standard
0x1324d,Standard
0x13256,Poor
0x13257,Poor
0x13258,Poor
0x13259,Poor
0x13262,Good
0x13263,Good
0x13264,Good
0x13265,Good
0x1326e,Good
0x1326f,Good
0x13270,Good
0x13271,Good
0x1327a,Standard
0x1327b,Standard
0x1327c,Standard
0x1327d,Standard
0x13286,Good
0x13287,Good
0x13288,Good
0x13289,Good
0x13292,Good
0x13293,Good
0x13294,Good
0x13295,Good
0x1329e,Poor
0x1329f,Poor
0x132a0,Poor
0x132a1,Poor
0x132aa,Good
0x132ab,Good
0x132ac,Good
0x132ad,Good
0x132b6,Poor
0x132b7,Poor
0x132b8,Poor
0x132b9,Poor
0x132c2,Standard
0x132c3,Standard
0x132c4,Standard
0x132c5,Standard
0x132ce,Poor
0x132cf,Poor
0x132d0,Poor
0x132d1,Poor
0x132da,Poor
0x132db,Poor
0x132dc,Poor
0x132dd,Poor
0x132e6,Poor
0x132e7,Poor
0x132e8,Poor
0x132e9,Poor
0x132f2,Good
0x132f3,Standard
0x132f4,Good
0x132f5,Good
0x132fe,Good
0x132ff,Good
0x13300,Good
0x13301,Good
0x1330a,Poor
0x1330b,Poor
0x1330c,Poor
0x1330d,Poor
0x13316,Poor
0x13317,Poor
0x13318,Poor
0x13319,Poor
0x13322,Good
0x13323,Good
0x13324,Good
0x13325,Good
0x1332e,Good
0x1332f,Good
0x13330,Good
0x13331,Good
0x1333a,Poor
0x1333b,Poor
0x1333c,Poor
0x1333d,Poor
0x13346,Standard
0x13347,Good
0x13348,Good
0x13349,Good
0x13352,Standard
0x13353,Standard
0x13354,Standard
0x13355,Standard
0x1335e,Poor
0x1335f,Poor
0x13360,Poor
0x13361,Poor
0x1336a,Poor
0x1336b,Poor
0x1336c,Poor
0x1336d,Poor
0x13376,Good
0x13377,Good
0x13378,Good
0x13379,Good
0x13382,Good
0x13383,Good
0x13384,Good
0x13385,Good
0x1338e,Good
0x1338f,Standard
0x13390,Standard
0x13391,Good
0x1339a,Poor
0x1339b,Poor
0x1339c,Poor
0x1339d,Poor
0x133a6,Poor
0x133a7,Poor
0x133a8,Poor
0x133a9,Poor
0x133b2,Standard
0x133b3,Standard
0x133b4,Standard
0x133b5,Standard
0x133be,Good
0x133bf,Good
0x133c0,Good
0x133c1,Good
0x133ca,Standard
0x133cb,Standard
0x133cc,Standard
0x133cd,Standard
0x133d6,Standard
0x133d7,Standard
0x133d8,Standard
0x133d9,Standard
0x133e2,Good
0x133e3,Good
0x133e4,Good
0x133e5,Good
0x133ee,Poor
0x133ef,Poor
0x133f0,Poor
0x133f1,Poor
0x133fa,Poor
0x133fb,Poor
0x133fc,Poor
0x133fd,Poor
0x13406,Poor
0x13407,Poor
0x13408,Poor
0x13409,Poor
0x13412,Poor
0x13413,Poor
0x13414,Poor
0x13415,Poor
0x1341e,Standard
0x1341f,Standard
0x13420,Standard
0x13421,Standard
0x1342a,Poor
0x1342b,Poor
0x1342c,Poor
0x1342d,Standard
0x13436,Poor
0x13437,Poor
0x13438,Poor
0x13439,Poor
0x13442,Good
0x13443,Good
0x13444,Good
0x13445,Good
0x1344e,Good
0x1344f,Good
0x13450,Good
0x13451,Good
0x1345a,Good
0x1345b,Good
0x1345c,Good
0x1345d,Good
0x13466,Good
0x13467,Good
0x13468,Good
0x13469,Good
0x13472,Poor
0x13473,Poor
0x13474,Poor
0x13475,Poor
0x1347e,Standard
0x1347f,Poor
0x13480,Poor
0x13481,Standard
0x1348a,Good
0x1348b,Good
0x1348c,Good
0x1348d,Good
0x13496,Good
0x13497,Good
0x13498,Good
0x13499,Good
0x134a2,Good
0x134a3,Good
0x134a4,Good
0x134a5,Good
0x134ae,Poor
0x134af,Poor
0x134b0,Poor
0x134b1,Poor
0x134ba,Standard
0x134bb,Standard
0x134bc,Standard
0x134bd,Standard
0x134c6,Standard
0x134c7,Standard
0x134c8,Standard
0x134c9,Standard
0x134d2,Good
0x134d3,Good
0x134d4,Good
0x134d5,Good
0x134de,Good
0x134df,Good
0x134e0,Good
0x134e1,Good
0x134ea,Good
0x134eb,Good
0x134ec,Good
0x134ed,Good
0x134f6,Poor
0x134f7,Poor
0x134f8,Poor
0x134f9,Poor
0x13502,Good
0x13503,Good
0x13504,Good
0x13505,Good
0x1350e,Standard
0x1350f,Standard
0x13510,Standard
0x13511,Standard
0x1351a,Poor
0x1351b,Poor
0x1351c,Poor
0x1351d,Poor
0x13526,Good
0x13527,Good
0x13528,Good
0x13529,Good
0x13532,Poor
0x13533,Poor
0x13534,Poor
0x13535,Poor
0x1353e,Good
0x1353f,Standard
0x13540,Good
0x13541,Good
0x1354a,Poor
0x1354b,Poor
0x1354c,Poor
0x1354d,Poor
0x13556,Good
0x13557,Good
0x13558,Good
0x13559,Good
0x13562,Poor
0x13563,Poor
0x13564,Poor
0x13565,Poor
0x1356e,Poor
0x1356f,Poor
0x13570,Poor
0x13571,Poor
0x1357a,Standard
0x1357b,Standard
0x1357c,Standard
0x1357d,Standard
0x13586,Good
0x13587,Good
0x13588,Good
0x13589,Good
0x13592,Poor
0x13593,Poor
0x13594,Poor
0x13595,Poor
0x1359e,Poor
0x1359f,Poor
0x135a0,Poor
0x135a1,Poor
0x135aa,Standard
0x135ab,Standard
0x135ac,Standard
0x135ad,Standard
0x135b6,Poor
0x135b7,Poor
0x135b8,Poor
0x135b9,Poor
0x135c2,Standard
0x135c3,Standard
0x135c4,Standard
0x135c5,Standard
0x135ce,Standard
0x135cf,Standard
0x135d0,Standard
0x135d1,Good
0x135da,Good
0x135db,Good
0x135dc,Good
0x135dd,Good
0x135e6,Standard
0x135e7,Standard
0x135e8,Standard
0x135e9,Standard
0x135f2,Good
0x135f3,Good
0x135f4,Good
0x135f5,Good
0x135fe,Good
0x135ff,Good
0x13600,Good
0x13601,Good
0x1360a,Good
0x1360b,Good
0x1360c,Good
0x1360d,Good
0x13616,Poor
0x13617,Poor
0x13618,Poor
0x13619,Poor
0x13622,Standard
0x13623,Poor
0x13624,Standard
0x13625,Standard
0x1362e,Standard
0x1362f,Standard
0x13630,Standard
0x13631,Standard
0x1363a,Poor
0x1363b,Poor
0x1363c,Poor
0x1363d,Poor
0x13646,Good
0x13647,Good
0x13648,Good
0x13649,Good
0x13652,Good
0x13653,Good
0x13654,Good
0x13655,Good
0x1365e,Good
0x1365f,Good
0x13660,Good
0x13661,Good
0x1366a,Standard
0x1366b,Standard
0x1366c,Standard
0x1366d,Standard
0x13676,Poor
0x13677,Poor
0x13678,Poor
0x13679,Poor
0x13682,Poor
0x13683,Standard
0x13684,Standard
0x13685,Standard
0x1368e,Poor
0x1368f,Poor
0x13690,Poor
0x13691,Poor
0x1369a,Poor
0x1369b,Poor
0x1369c,Poor
0x1369d,Poor
0x136a6,Good
0x136a7,Good
0x136a8,Good
0x136a9,Good
0x136b2,Good
0x136b3,Standard
0x136b4,Standard
0x136b5,Standard
0x136be,Poor
0x136bf,Poor
0x136c0,Poor
0x136c1,Poor
0x136ca,Standard
0x136cb,Standard
0x136cc,Standard
0x136cd,Standard
0x136d6,Poor
0x136d7,Poor
0x136d8,Poor
0x136d9,Poor
0x136e2,Good
0x136e3,Good
0x136e4,Good
0x136e5,Good
0x136ee,Good
0x136ef,Good
0x136f0,Good
0x136f1,Good
0x136fa,Good
0x136fb,Good
0x136fc,Good
0x136fd,Good
0x13706,Poor
0x13707,Poor
0x13708,Poor
0x13709,Poor
0x13712,Poor
0x13713,Poor
0x13714,Poor
0x13715,Poor
0x1371e,Poor
0x1371f,Standard
0x13720,Standard
0x13721,Poor
0x1372a,Good
0x1372b,Good
0x1372c,Good
0x1372d,Good
0x13736,Poor
0x13737,Poor
0x13738,Poor
0x13739,Poor
0x13742,Standard
0x13743,Standard
0x13744,Standard
0x13745,Standard
0x1374e,Good
0x1374f,Good
0x13750,Good
0x13751,Good
0x1375a,Good
0x1375b,Good
0x1375c,Good
0x1375d,Good
0x13766,Good
0x13767,Good
0x13768,Good
0x13769,Good
0x13772,Poor
0x13773,Poor
0x13774,Poor
0x13775,Poor
0x1377e,Good
0x1377f,Good
0x13780,Good
0x13781,Good
0x1378a,Good
0x1378b,Good
0x1378c,Good
0x1378d,Good
0x13796,Poor
0x13797,Poor
0x13798,Poor
0x13799,Poor
0x137a2,Good
0x137a3,Good
0x137a4,Good
0x137a5,Good
0x137ae,Standard
0x137af,Standard
0x137b0,Poor
0x137b1,Standard
0x137ba,Good
0x137bb,Good
0x137bc,Good
0x137bd,Good
0x137c6,Good
0x137c7,Good
0x137c8,Good
0x137c9,Good
0x137d2,Good
0x137d3,Good
0x137d4,Good
0x137d5,Good
0x137de,Poor
0x137df,Poor
0x137e0,Poor
0x137e1,Poor
0x137ea,Poor
0x137eb,Poor
0x137ec,Poor
0x137ed,Poor
0x137f6,Poor
0x137f7,Poor
0x137f8,Poor
0x137f9,Poor
0x13802,Good
0x13803,Good
0x13804,Good
0x13805,Good
0x1380e,Poor
0x1380f,Poor
0x13810,Poor
0x13811,Poor
0x1381a,Standard
0x1381b,Standard
0x1381c,Standard
0x1381d,Poor
0x13826,Good
0x13827,Good
0x13828,Good
0x13829,Good
0x13832,Standard
0x13833,Standard
0x13834,Good
0x13835,Good
0x1383e,Good
0x1383f,Good
0x13840,Good
0x13841,Good
0x1384a,Poor
0x1384b,Poor
0x1384c,Poor
0x1384d,Poor
0x13856,Good
0x13857,Good
0x13858,Good
0x13859,Good
0x13862,Good
0x13863,Good
0x13864,Good
0x13865,Good
0x1386e,Poor
0x1386f,Poor
0x13870,Poor
0x13871,Poor
0x1387a,Standard
0x1387b,Standard
0x1387c,Standard
0x1387d,Standard
0x13886,Poor
0x13887,Poor
0x13888,Poor
0x13889,Poor
0x13892,Standard
0x13893,Standard
0x13894,Standard
0x13895,Poor
0x1389e,Poor
0x1389f,Standard
0x138a0,Poor
0x138a1,Poor
0x138aa,Standard
0x138ab,Standard
0x138ac,Standard
0x138ad,Standard
0x138b6,Poor
0x138b7,Poor
0x138b8,Poor
0x138b9,Poor
0x138c2,Poor
0x138c3,Poor
0x138c4,Standard
0x138c5,Poor
0x138ce,Good
0x138cf,Good
0x138d0,Good
0x138d1,Good
0x138da,Poor
0x138db,Poor
0x138dc,Poor
0x138dd,Poor
0x138e6,Poor
0x138e7,Poor
0x138e8,Poor
0x138e9,Poor
0x138f2,Poor
0x138f3,Poor
0x138f4,Poor
0x138f5,Poor
0x138fe,Poor
0x138ff,Standard
0x13900,Standard
0x13901,Standard
0x1390a,Good
0x1390b,Good
0x1390c,Good
0x1390d,Good
0x13916,Poor
0x13917,Poor
0x13918,Poor
0x13919,Poor
0x13922,Standard
0x13923,Poor
0x13924,Standard
0x13925,Standard
0x1392e,Poor
0x1392f,Poor
0x13930,Poor
0x13931,Poor
0x1393a,Standard
0x1393b,Poor
0x1393c,Standard
0x1393d,Standard
0x13946,Good
0x13947,Good
0x13948,Good
0x13949,Good
0x13952,Good
0x13953,Good
0x13954,Good
0x13955,Good
0x1395e,Good
0x1395f,Good
0x13960,Good
0x13961,Good
0x1396a,Good
0x1396b,Good
0x1396c,Good
0x1396d,Good
0x13976,Standard
0x13977,Standard
0x13978,Poor
0x13979,Poor
0x13982,Poor
0x13983,Poor
0x13984,Poor
0x13985,Poor
0x1398e,Good
0x1398f,Good
0x13990,Good
0x13991,Standard
0x1399a,Good
0x1399b,Good
0x1399c,Good
0x1399d,Good
0x139a6,Good
0x139a7,Good
0x139a8,Good
0x139a9,Good
0x139b2,Good
0x139b3,Good
0x139b4,Good
0x139b5,Good
0x139be,Poor
0x139bf,Poor
0x139c0,Poor
0x139c1,Poor
0x139ca,Good
0x139cb,Good
0x139cc,Good
0x139cd,Good
0x139d6,Standard
0x139d7,Standard
0x139d8,Standard
0x139d9,Standard
0x139e2,Poor
0x139e3,Poor
0x139e4,Poor
0x139e5,Poor
0x139ee,Poor
0x139ef,Standard
0x139f0,Standard
0x139f1,Standard
0x139fa,Poor
0x139fb,Standard
0x139fc,Poor
0x139fd,Poor
0x13a06,Poor
0x13a07,Poor
0x13a08,Poor
0x13a09,Poor
0x13a12,Poor
0x13a13,Poor
0x13a14,Poor
0x13a15,Poor
0x13a1e,Poor
0x13a1f,Poor
0x13a20,Poor
0x13a21,Poor
0x13a2a,Good
0x13a2b,Good
0x13a2c,Good
0x13a2d,Good
0x13a36,Poor
0x13a37,Standard
0x13a38,Poor
0x13a39,Standard
0x13a42,Good
0x13a43,Good
0x13a44,Good
0x13a45,Good
0x13a4e,Standard
0x13a4f,Poor
0x13a50,Poor
0x13a51,Standard
0x13a5a,Good
0x13a5b,Good
0x13a5c,Standard
0x13a5d,Standard
0x13a66,Poor
0x13a67,Poor
0x13a68,Poor
0x13a69,Poor
0x13a72,Poor
0x13a73,Poor
0x13a74,Poor
0x13a75,Poor
0x13a7e,Good
0x13a7f,Good
0x13a80,Good
0x13a81,Good
0x13a8a,Good
0x13a8b,Good
0x13a8c,Good
0x13a8d,Good
0x13a96,Poor
0x13a97,Poor
0x13a98,Poor
0x13a99,Poor
0x13aa2,Standard
0x13aa3,Standard
0x13aa4,Standard
0x13aa5,Standard
0x13aae,Poor
0x13aaf,Poor
0x13ab0,Standard
0x13ab1,Poor
0x13aba,Good
0x13abb,Good
0x13abc,Good
0x13abd,Good
0x13ac6,Good
0x13ac7,Good
0x13ac8,Good
0x13ac9,Good
0x13ad2,Poor
0x13ad3,Poor
0x13ad4,Poor
0x13ad5,Poor
0x13ade,Poor
0x13adf,Poor
0x13ae0,Poor
0x13ae1,Poor
0x13aea,Standard
0x13aeb,Standard
0x13aec,Standard
0x13aed,Poor
0x13af6,Standard
0x13af7,Poor
0x13af8,Poor
0x13af9,Poor
0x13b02,Standard
0x13b03,Good
0x13b04,Good
0x13b05,Good
0x13b0e,Good
0x13b0f,Good
0x13b10,Good
0x13b11,Good
0x13b1a,Good
0x13b1b,Good
0x13b1c,Good
0x13b1d,Good
0x13b26,Poor
0x13b27,Poor
0x13b28,Poor
0x13b29,Poor
0x13b32,Good
0x13b33,Good
0x13b34,Standard
0x13b35,Good
0x13b3e,Poor
0x13b3f,Poor
0x13b40,Poor
0x13b41,Poor
0x13b4a,Poor
0x13b4b,Standard
0x13b4c,Standard
0x13b4d,Standard
0x13b56,Poor
0x13b57,Poor
0x13b58,Poor
0x13b59,Poor
0x13b62,Standard
0x13b63,Standard
0x13b64,Standard
0x13b65,Poor
0x13b6e,Poor
0x13b6f,Poor
0x13b70,Poor
0x13b71,Poor
0x13b7a,Good
0x13b7b,Good
0x13b7c,Good
0x13b7d,Good
0x13b86,Poor
0x13b87,Poor
0x13b88,Poor
0x13b89,Poor
0x13b92,Good
0x13b93,Good
0x13b94,Good
0x13b95,Good
0x13b9e,Poor
0x13b9f,Poor
0x13ba0,Poor
0x13ba1,Poor
0x13baa,Poor
0x13bab,Poor
0x13bac,Poor
0x13bad,Poor
0x13bb6,Good
0x13bb7,Good
0x13bb8,Good
0x13bb9,Good
0x13bc2,Poor
0x13bc3,Poor
0x13bc4,Poor
0x13bc5,Poor
0x13bce,Poor
0x13bcf,Poor
0x13bd0,Poor
0x13bd1,Poor
0x13bda,Poor
0x13bdb,Poor
0x13bdc,Poor
0x13bdd,Poor
0x13be6,Poor
0x13be7,Poor
0x13be8,Poor
0x13be9,Poor
0x13bf2,Poor
0x13bf3,Poor
0x13bf4,Poor
0x13bf5,Poor
0x13bfe,Standard
0x13bff,Poor
0x13c00,Poor
0x13c01,Poor
0x13c0a,Poor
0x13c0b,Poor
0x13c0c,Poor
0x13c0d,Poor
0x13c16,Standard
0x13c17,Standard
0x13c18,Standard
0x13c19,Standard
0x13c22,Standard
0x13c23,Standard
0x13c24,Standard
0x13c25,Standard
0x13c2e,Poor
0x13c2f,Poor
0x13c30,Poor
0x13c31,Poor
0x13c3a,Poor
0x13c3b,Poor
0x13c3c,Poor
0x13c3d,Poor
0x13c46,Good
0x13c47,Good
0x13c48,Good
0x13c49,Standard
0x13c52,Good
0x13c53,Good
0x13c54,Good
0x13c55,Good
0x13c5e,Poor
0x13c5f,Poor
0x13c60,Poor
0x13c61,Poor
0x13c6a,Good
0x13c6b,Good
0x13c6c,Good
0x13c6d,Good
0x13c76,Poor
0x13c77,Poor
0x13c78,Poor
0x13c79,Poor
0x13c82,Good
0x13c83,Good
0x13c84,Good
0x13c85,Good
0x13c8e,Standard
0x13c8f,Standard
0x13c90,Standard
0x13c91,Standard
0x13c9a,Standard
0x13c9b,Standard
0x13c9c,Standard
0x13c9d,Poor
0x13ca6,Good
0x13ca7,Good
0x13ca8,Good
0x13ca9,Good
0x13cb2,Good
0x13cb3,Good
0x13cb4,Good
0x13cb5,Good
0x13cbe,Good
0x13cbf,Good
0x13cc0,Good
0x13cc1,Good
0x13cca,Poor
0x13ccb,Standard
0x13ccc,Standard
0x13ccd,Standard
0x13cd6,Good
0x13cd7,Good
0x13cd8,Good
0x13cd9,Standard
0x13ce2,Good
0x13ce3,Good
0x13ce4,Good
0x13ce5,Good
0x13cee,Good
0x13cef,Good
0x13cf0,Good
0x13cf1,Good
0x13cfa,Good
0x13cfb,Good
0x13cfc,Good
0x13cfd,Good
0x13d06,Good
0x13d07,Poor
0x13d08,Poor
0x13d09,Poor
0x13d12,Standard
0x13d13,Standard
0x13d14,Standard
0x13d15,Standard
0x13d1e,Poor
0x13d1f,Poor
0x13d20,Poor
0x13d21,Poor
0x13d2a,Good
0x13d2b,Good
0x13d2c,Good
0x13d2d,Good
0x13d36,Poor
0x13d37,Poor
0x13d38,Standard
0x13d39,Poor
0x13d42,Good
0x13d43,Good
0x13d44,Good
0x13d45,Good
0x13d4e,Standard
0x13d4f,Standard
0x13d50,Standard
0x13d51,Standard
0x13d5a,Standard
0x13d5b,Poor
0x13d5c,Standard
0x13d5d,Standard
0x13d66,Poor
0x13d67,Poor
0x13d68,Poor
0x13d69,Poor
0x13d72,Good
0x13d73,Good
0x13d74,Good
0x13d75,Good
0x13d7e,Poor
0x13d7f,Poor
0x13d80,Standard
0x13d81,Poor
0x13d8a,Good
0x13d8b,Good
0x13d8c,Good
0x13d8d,Good
0x13d96,Good
0x13d97,Good
0x13d98,Good
0x13d99,Good
0x13da2,Good
0x13da3,Good
0x13da4,Good
0x13da5,Good
0x13dae,Good
0x13daf,Good
0x13db0,Good
0x13db1,Good
0x13dba,Poor
0x13dbb,Poor
0x13dbc,Standard
0x13dbd,Standard
0x13dc6,Poor
0x13dc7,Poor
0x13dc8,Poor
0x13dc9,Poor
0x13dd2,Good
0x13dd3,Good
0x13dd4,Good
0x13dd5,Good
0x13dde,Good
0x13ddf,Good
0x13de0,Good
0x13de1,Good
0x13dea,Good
0x13deb,Good
0x13dec,Good
0x13ded,Standard
0x13df6,Poor
0x13df7,Poor
0x13df8,Poor
0x13df9,Poor
0x13e02,Good
0x13e03,Good
0x13e04,Good
0x13e05,Good
0x13e0e,Standard
0x13e0f,Standard
0x13e10,Standard
0x13e11,Standard
0x13e1a,Good
0x13e1b,Good
0x13e1c,Good
0x13e1d,Good
0x13e26,Poor
0x13e27,Poor
0x13e28,Poor
0x13e29,Poor
0x13e32,Standard
0x13e33,Standard
0x13e34,Standard
0x13e35,Standard
0x13e3e,Standard
0x13e3f,Standard
0x13e40,Good
0x13e41,Standard
0x13e4a,Standard
0x13e4b,Standard
0x13e4c,Standard
0x13e4d,Standard
0x13e56,Poor
0x13e57,Poor
0x13e58,Poor
0x13e59,Poor
0x13e62,Standard
0x13e63,Standard
0x13e64,Standard
0x13e65,Standard
0x13e6e,Good
0x13e6f,Good
0x13e70,Good
0x13e71,Good
0x13e7a,Good
0x13e7b,Good
0x13e7c,Good
0x13e7d,Good
0x13e86,Poor
0x13e87,Standard
0x13e88,Poor
0x13e89,Standard
0x13e92,Poor
0x13e93,Poor
0x13e94,Poor
0x13e95,Poor
0x13e9e,Standard
0x13e9f,Standard
0x13ea0,Standard
0x13ea1,Standard
0x13eaa,Good
0x13eab,Good
0x13eac,Good
0x13ead,Good
0x13eb6,Good
0x13eb7,Good
0x13eb8,Good
0x13eb9,Good
0x13ec2,Poor
0x13ec3,Standard
0x13ec4,Standard
0x13ec5,Standard
0x13ece,Standard
0x13ecf,Standard
0x13ed0,Standard
0x13ed1,Standard
0x13eda,Standard
0x13edb,Poor
0x13edc,Standard
0x13edd,Standard
0x13ee6,Poor
0x13ee7,Poor
0x13ee8,Poor
0x13ee9,Poor
0x13ef2,Poor
0x13ef3,Poor
0x13ef4,Poor
0x13ef5,Poor
0x13efe,Standard
0x13eff,Poor
0x13f00,Poor
0x13f01,Poor
0x13f0a,Standard
0x13f0b,Poor
0x13f0c,Poor
0x13f0d,Poor
0x13f16,Good
0x13f17,Good
0x13f18,Standard
0x13f19,Good
0x13f22,Standard
0x13f23,Standard
0x13f24,Standard
0x13f25,Poor
0x13f2e,Poor
0x13f2f,Poor
0x13f30,Poor
0x13f31,Poor
0x13f3a,Good
0x13f3b,Good
0x13f3c,Good
0x13f3d,Good
0x13f46,Good
0x13f47,Good
0x13f48,Good
0x13f49,Good
0x13f52,Standard
0x13f53,Standard
0x13f54,Standard
0x13f55,Standard
0x13f5e,Standard
0x13f5f,Standard
0x13f60,Standard
0x13f61,Standard
0x13f6a,Poor
0x13f6b,Poor
0x13f6c,Poor
0x13f6d,Poor
0x13f76,Good
0x13f77,Good
0x13f78,Good
0x13f79,Good
0x13f82,Good
0x13f83,Good
0x13f84,Good
0x13f85,Good
0x13f8e,Good
0x13f8f,Good
0x13f90,Good
0x13f91,Good
0x13f9a,Good
0x13f9b,Good
0x13f9c,Good
0x13f9d,Good
0x13fa6,Poor
0x13fa7,Poor
0x13fa8,Poor
0x13fa9,Poor
0x13fb2,Poor
0x13fb3,Poor
0x13fb4,Poor
0x13fb5,Poor
0x13fbe,Poor
0x13fbf,Poor
0x13fc0,Poor
0x13fc1,Poor
0x13fca,Good
0x13fcb,Good
0x13fcc,Good
0x13fcd,Good
0x13fd6,Good
0x13fd7,Good
0x13fd8,Good
0x13fd9,Good
0x13fe2,Standard
0x13fe3,Poor
0x13fe4,Poor
0x13fe5,Standard
0x13fee,Standard
0x13fef,Standard
0x13ff0,Poor
0x13ff1,Standard
0x13ffa,Standard
0x13ffb,Good
0x13ffc,Good
0x13ffd,Good
0x14006,Poor
0x14007,Standard
0x14008,Standard
0x14009,Poor
0x14012,Good
0x14013,Good
0x14014,Good
0x14015,Good
0x1401e,Standard
0x1401f,Poor
0x14020,Standard
0x14021,Standard
0x1402a,Poor
0x1402b,Poor
0x1402c,Poor
0x1402d,Poor
0x14036,Poor
0x14037,Poor
0x14038,Poor
0x14039,Poor
0x14042,Good
0x14043,Good
0x14044,Good
0x14045,Good
0x1404e,Good
0x1404f,Standard
0x14050,Standard
0x14051,Standard
0x1405a,Good
0x1405b,Good
0x1405c,Good
0x1405d,Good
0x14066,Poor
0x14067,Poor
0x14068,Poor
0x14069,Poor
0x14072,Poor
0x14073,Poor
0x14074,Poor
0x14075,Poor
0x1407e,Good
0x1407f,Good
0x14080,Good
0x14081,Good
0x1408a,Standard
0x1408b,Standard
0x1408c,Standard
0x1408d,Standard
0x14096,Poor
0x14097,Poor
0x14098,Poor
0x14099,Poor
0x140a2,Good
0x140a3,Good
0x140a4,Good
0x140a5,Good
0x140ae,Good
0x140af,Good
0x140b0,Good
0x140b1,Good
0x140ba,Standard
0x140bb,Standard
0x140bc,Standard
0x140bd,Standard
0x140c6,Good
0x140c7,Good
0x140c8,Good
0x140c9,Good
0x140d2,Poor
0x140d3,Poor
0x140d4,Poor
0x140d5,Poor
0x140de,Standard
0x140df,Standard
0x140e0,Standard
0x140e1,Standard
0x140ea,Good
0x140eb,Good
0x140ec,Good
0x140ed,Good
0x140f6,Standard
0x140f7,Standard
0x140f8,Standard
0x140f9,Standard
0x14102,Good
0x14103,Good
0x14104,Good
0x14105,Good
0x1410e,Standard
0x1410f,Standard
0x14110,Standard
0x14111,Standard
0x1411a,Poor
0x1411b,Poor
0x1411c,Poor
0x1411d,Poor
0x14126,Good
0x14127,Good
0x14128,Good
0x14129,Good
0x14132,Poor
0x14133,Poor
0x14134,Poor
0x14135,Poor
0x1413e,Good
0x1413f,Good
0x14140,Good
0x14141,Good
0x1414a,Good
0x1414b,Good
0x1414c,Good
0x1414d,Good
0x14156,Good
0x14157,Good
0x14158,Good
0x14159,Good
0x14162,Poor
0x14163,Poor
0x14164,Poor
0x14165,Poor
0x1416e,Good
0x1416f,Good
0x14170,Good
0x14171,Good
0x1417a,Poor
0x1417b,Poor
0x1417c,Poor
0x1417d,Poor
0x14186,Good
0x14187,Good
0x14188,Good
0x14189,Good
0x14192,Poor
0x14193,Poor
0x14194,Poor
0x14195,Poor
0x1419e,Good
0x1419f,Standard
0x141a0,Standard
0x141a1,Standard
0x141aa,Standard
0x141ab,Poor
0x141ac,Standard
0x141ad,Poor
0x141b6,Good
0x141b7,Good
0x141b8,Good
0x141b9,Good
0x141c2,Poor
0x141c3,Good
0x141c4,Good
0x141c5,Good
0x141ce,Poor
0x141cf,Poor
0x141d0,Poor
0x141d1,Poor
0x141da,Standard
0x141db,Standard
0x141dc,Poor
0x141dd,Standard
0x141e6,Good
0x141e7,Good
0x141e8,Good
0x141e9,Good
0x141f2,Poor
0x141f3,Poor
0x141f4,Poor
0x141f5,Poor
0x141fe,Poor
0x141ff,Poor
0x14200,Poor
0x14201,Poor
0x1420a,Poor
0x1420b,Poor
0x1420c,Poor
0x1420d,Poor
0x14216,Good
0x14217,Good
0x14218,Good
0x14219,Good
0x14222,Good
0x14223,Good
0x14224,Good
0x14225,Good
0x1422e,Good
0x1422f,Good
0x14230,Good
0x14231,Good
0x1423a,Poor
0x1423b,Poor
0x1423c,Poor
0x1423d,Poor
0x14246,Standard
0x14247,Standard
0x14248,Standard
0x14249,Standard
0x14252,Poor
0x14253,Poor
0x14254,Standard
0x14255,Poor
0x1425e,Poor
0x1425f,Poor
0x14260,Poor
0x14261,Poor
0x1426a,Poor
0x1426b,Poor
0x1426c,Poor
0x1426d,Standard
0x14276,Standard
0x14277,Standard
0x14278,Poor
0x14279,Standard
0x14282,Standard
0x14283,Poor
0x14284,Poor
0x14285,Poor
0x1428e,Poor
0x1428f,Standard
0x14290,Standard
0x14291,Standard
0x1429a,Standard
0x1429b,Standard
0x1429c,Standard
0x1429d,Standard
0x142a6,Good
0x142a7,Good
0x142a8,Good
0x142a9,Good
0x142b2,Standard
0x142b3,Standard
0x142b4,Standard
0x142b5,Standard
0x142be,Good
0x142bf,Good
0x142c0,Good
0x142c1,Good
0x142ca,Good
0x142cb,Good
0x142cc,Good
0x142cd,Good
0x142d6,Standard
0x142d7,Standard
0x142d8,Standard
0x142d9,Standard
0x142e2,Good
0x142e3,Good
0x142e4,Good
0x142e5,Good
0x142ee,Standard
0x142ef,Standard
0x142f0,Standard
0x142f1,Standard
0x142fa,Standard
0x142fb,Standard
0x142fc,Standard
0x142fd,Standard
0x14306,Good
0x14307,Good
0x14308,Good
0x14309,Good
0x14312,Poor
0x14313,Poor
0x14314,Poor
0x14315,Poor
0x1431e,Standard
0x1431f,Standard
0x14320,Standard
0x14321,Standard
0x1432a,Good
0x1432b,Good
0x1432c,Good
0x1432d,Good
0x14336,Standard
0x14337,Poor
0x14338,Poor
0x14339,Poor
0x14342,Standard
0x14343,Standard
0x14344,Standard
0x14345,Standard
0x1434e,Poor
0x1434f,Poor
0x14350,Poor
0x14351,Poor
0x1435a,Good
0x1435b,Good
0x1435c,Good
0x1435d,Good
0x14366,Good
0x14367,Good
0x14368,Good
0x14369,Good
0x14372,Good
0x14373,Good
0x14374,Good
0x14375,Good
0x1437e,Good
0x1437f,Good
0x14380,Good
0x14381,Good
0x1438a,Good
0x1438b,Good
0x1438c,Good
0x1438d,Good
0x14396,Poor
0x14397,Standard
0x14398,Standard
0x14399,Poor
0x143a2,Good
0x143a3,Good
0x143a4,Good
0x143a5,Good
0x143ae,Poor
0x143af,Standard
0x143b0,Standard
0x143b1,Standard
0x143ba,Standard
0x143bb,Standard
0x143bc,Standard
0x143bd,Standard
0x143c6,Poor
0x143c7,Poor
0x143c8,Poor
0x143c9,Poor
0x143d2,Standard
0x143d3,Standard
0x143d4,Standard
0x143d5,Standard
0x143de,Poor
0x143df,Poor
0x143e0,Poor
0x143e1,Poor
0x143ea,Poor
0x143eb,Poor
0x143ec,Poor
0x143ed,Poor
0x143f6,Standard
0x143f7,Standard
0x143f8,Standard
0x143f9,Standard
0x14402,Good
0x14403,Good
0x14404,Good
0x14405,Good
0x1440e,Good
0x1440f,Good
0x14410,Good
0x14411,Good
0x1441a,Good
0x1441b,Good
0x1441c,Good
0x1441d,Good
0x14426,Standard
0x14427,Standard
0x14428,Standard
0x14429,Standard
0x14432,Standard
0x14433,Standard
0x14434,Standard
0x14435,Standard
0x1443e,Poor
0x1443f,Poor
0x14440,Poor
0x14441,Poor
0x1444a,Good
0x1444b,Good
0x1444c,Good
0x1444d,Good
0x14456,Good
0x14457,Good
0x14458,Good
0x14459,Good
0x14462,Good
0x14463,Good
0x14464,Good
0x14465,Good
0x1446e,Poor
0x1446f,Poor
0x14470,Poor
0x14471,Poor
0x1447a,Good
0x1447b,Good
0x1447c,Good
0x1447d,Good
0x14486,Poor
0x14487,Poor
0x14488,Poor
0x14489,Poor
0x14492,Good
0x14493,Good
0x14494,Good
0x14495,Good
0x1449e,Good
0x1449f,Good
0x144a0,Good
0x144a1,Good
0x144aa,Poor
0x144ab,Poor
0x144ac,Poor
0x144ad,Poor
0x144b6,Standard
0x144b7,Standard
0x144b8,Standard
0x144b9,Standard
0x144c2,Good
0x144c3,Good
0x144c4,Good
0x144c5,Good
0x144ce,Good
0x144cf,Good
0x144d0,Good
0x144d1,Good
0x144da,Poor
0x144db,Poor
0x144dc,Poor
0x144dd,Poor
0x144e6,Good
0x144e7,Good
0x144e8,Good
0x144e9,Good
0x144f2,Poor
0x144f3,Poor
0x144f4,Poor
0x144f5,Poor
0x144fe,Standard
0x144ff,Standard
0x14500,Standard
0x14501,Standard
0x1450a,Poor
0x1450b,Poor
0x1450c,Poor
0x1450d,Poor
0x14516,Poor
0x14517,Poor
0x14518,Poor
0x14519,Poor
0x14522,Poor
0x14523,Poor
0x14524,Poor
0x14525,Poor
0x1452e,Good
0x1452f,Good
0x14530,Good
0x14531,Good
0x1453a,Poor
0x1453b,Poor
0x1453c,Standard
0x1453d,Poor
0x14546,Poor
0x14547,Poor
0x14548,Poor
0x14549,Poor
0x14552,Poor
0x14553,Poor
0x14554,Poor
0x14555,Poor
0x1455e,Standard
0x1455f,Standard
0x14560,Standard
0x14561,Standard
0x1456a,Good
0x1456b,Good
0x1456c,Good
0x1456d,Good
0x14576,Poor
0x14577,Poor
0x14578,Poor
0x14579,Poor
0x14582,Good
0x14583,Good
0x14584,Good
0x14585,Good
0x1458e,Good
0x1458f,Standard
0x14590,Standard
0x14591,Standard
0x1459a,Poor
0x1459b,Standard
0x1459c,Standard
0x1459d,Poor
0x145a6,Good
0x145a7,Good
0x145a8,Good
0x145a9,Good
0x145b2,Good
0x145b3,Good
0x145b4,Good
0x145b5,Good
0x145be,Poor
0x145bf,Standard
0x145c0,Standard
0x145c1,Standard
0x145ca,Poor
0x145cb,Poor
0x145cc,Poor
0x145cd,Poor
0x145d6,Good
0x145d7,Good
0x145d8,Good
0x145d9,Good
0x145e2,Standard
0x145e3,Standard
0x145e4,Poor
0x145e5,Standard
0x145ee,Good
0x145ef,Good
0x145f0,Good
0x145f1,Good
0x145fa,Poor
0x145fb,Poor
0x145fc,Poor
0x145fd,Poor
0x14606,Poor
0x14607,Poor
0x14608,Poor
0x14609,Poor
0x14612,Poor
0x14613,Poor
0x14614,Poor
0x14615,Poor
0x1461e,Standard
0x1461f,Good
0x14620,Good
0x14621,Good
0x1462a,Good
0x1462b,Good
0x1462c,Good
0x1462d,Good
0x14636,Poor
0x14637,Good
0x14638,Poor
0x14639,Poor
0x14642,Poor
0x14643,Poor
0x14644,Poor
0x14645,Poor
0x1464e,Poor
0x1464f,Poor
0x14650,Poor
0x14651,Poor
0x1465a,Good
0x1465b,Good
0x1465c,Good
0x1465d,Good
0x14666,Good
0x14667,Good
0x14668,Good
0x14669,Good
0x14672,Good
0x14673,Good
0x14674,Good
0x14675,Good
0x1467e,Good
0x1467f,Good
0x14680,Good
0x14681,Good
0x1468a,Standard
0x1468b,Standard
0x1468c,Standard
0x1468d,Poor
0x14696,Poor
0x14697,Poor
0x14698,Poor
0x14699,Poor
0x146a2,Poor
0x146a3,Poor
0x146a4,Poor
0x146a5,Poor
0x146ae,Good
0x146af,Good
0x146b0,Good
0x146b1,Good
0x146ba,Poor
0x146bb,Poor
0x146bc,Poor
0x146bd,Poor
0x146c6,Standard
0x146c7,Good
0x146c8,Good
0x146c9,Good
0x146d2,Good
0x146d3,Good
0x146d4,Good
0x146d5,Good
0x146de,Good
0x146df,Good
0x146e0,Good
0x146e1,Good
0x146ea,Poor
0x146eb,Poor
0x146ec,Poor
0x146ed,Poor
0x146f6,Poor
0x146f7,Standard
0x146f8,Standard
0x146f9,Standard
0x14702,Good
0x14703,Good
0x14704,Good
0x14705,Good
0x1470e,Good
0x1470f,Good
0x14710,Good
0x14711,Good
0x1471a,Standard
0x1471b,Standard
0x1471c,Standard
0x1471d,Standard
0x14726,Poor
0x14727,Poor
0x14728,Poor
0x14729,Poor
0x14732,Good
0x14733,Good
0x14734,Good
0x14735,Standard
0x1473e,Poor
0x1473f,Poor
0x14740,Poor
0x14741,Poor
0x1474a,Good
0x1474b,Good
0x1474c,Good
0x1474d,Good
0x14756,Standard
0x14757,Poor
0x14758,Poor
0x14759,Poor
0x14762,Standard
0x14763,Standard
0x14764,Standard
0x14765,Standard
0x1476e,Good
0x1476f,Good
0x14770,Good
0x14771,Good
0x1477a,Standard
0x1477b,Standard
0x1477c,Standard
0x1477d,Standard
0x14786,Good
0x14787,Good
0x14788,Good
0x14789,Good
0x14792,Standard
0x14793,Standard
0x14794,Standard
0x14795,Standard
0x1479e,Poor
0x1479f,Poor
0x147a0,Poor
0x147a1,Poor
0x147aa,Poor
0x147ab,Poor
0x147ac,Poor
0x147ad,Poor
0x147b6,Good
0x147b7,Good
0x147b8,Good
0x147b9,Good
0x147c2,Poor
0x147c3,Poor
0x147c4,Poor
0x147c5,Poor
0x147ce,Standard
0x147cf,Poor
0x147d0,Standard
0x147d1,Poor
0x147da,Poor
0x147db,Standard
0x147dc,Standard
0x147dd,Standard
0x147e6,Poor
0x147e7,Poor
0x147e8,Poor
0x147e9,Poor
0x147f2,Good
0x147f3,Good
0x147f4,Good
0x147f5,Good
0x147fe,Poor
0x147ff,Poor
0x14800,Poor
0x14801,Poor
0x1480a,Good
0x1480b,Good
0x1480c,Good
0x1480d,Good
0x14816,Standard
0x14817,Standard
0x14818,Standard
0x14819,Standard
0x14822,Standard
0x14823,Standard
0x14824,Standard
0x14825,Standard
0x1482e,Good
0x1482f,Good
0x14830,Good
0x14831,Good
0x1483a,Good
0x1483b,Good
0x1483c,Good
0x1483d,Good
0x14846,Good
0x14847,Good
0x14848,Good
0x14849,Good
0x14852,Standard
0x14853,Good
0x14854,Good
0x14855,Good
0x1485e,Standard
0x1485f,Standard
0x14860,Standard
0x14861,Poor
0x1486a,Good
0x1486b,Good
0x1486c,Good
0x1486d,Good
0x14876,Good
0x14877,Good
0x14878,Good
0x14879,Good
0x14882,Poor
0x14883,Poor
0x14884,Poor
0x14885,Poor
0x1488e,Poor
0x1488f,Poor
0x14890,Poor
0x14891,Poor
0x1489a,Good
0x1489b,Good
0x1489c,Good
0x1489d,Good
0x148a6,Poor
0x148a7,Poor
0x148a8,Poor
0x148a9,Poor
0x148b2,Poor
0x148b3,Poor
0x148b4,Poor
0x148b5,Poor
0x148be,Standard
0x148bf,Standard
0x148c0,Standard
0x148c1,Standard
0x148ca,Good
0x148cb,Good
0x148cc,Good
0x148cd,Good
0x148d6,Standard
0x148d7,Standard
0x148d8,Standard
0x148d9,Standard
0x148e2,Good
0x148e3,Good
0x148e4,Good
0x148e5,Good
0x148ee,Good
0x148ef,Good
0x148f0,Good
0x148f1,Good
0x148fa,Good
0x148fb,Good
0x148fc,Good
0x148fd,Good
0x14906,Poor
0x14907,Poor
0x14908,Poor
0x14909,Poor
0x14912,Good
0x14913,Good
0x14914,Good
0x14915,Good
0x1491e,Poor
0x1491f,Standard
0x14920,Standard
0x14921,Standard
0x1492a,Good
0x1492b,Good
0x1492c,Good
0x1492d,Good
0x14936,Good
0x14937,Good
0x14938,Good
0x14939,Good
0x14942,Poor
0x14943,Poor
0x14944,Standard
0x14945,Poor
0x1494e,Good
0x1494f,Good
0x14950,Good
0x14951,Good
0x1495a,Good
0x1495b,Good
0x1495c,Standard
0x1495d,Good
0x14966,Standard
0x14967,Poor
0x14968,Poor
0x14969,Poor
0x14972,Good
0x14973,Standard
0x14974,Good
0x14975,Good
0x1497e,Good
0x1497f,Good
0x14980,Good
0x14981,Good
0x1498a,Poor
0x1498b,Poor
0x1498c,Poor
0x1498d,Poor
0x14996,Poor
0x14997,Poor
0x14998,Poor
0x14999,Poor
0x149a2,Poor
0x149a3,Poor
0x149a4,Poor
0x149a5,Poor
0x149ae,Good
0x149af,Good
0x149b0,Good
0x149b1,Good
0x149ba,Good
0x149bb,Good
0x149bc,Good
0x149bd,Good
0x149c6,Good
0x149c7,Good
0x149c8,Good
0x149c9,Good
0x149d2,Good
0x149d3,Good
0x149d4,Good
0x149d5,Good
0x149de,Standard
0x149df,Standard
0x149e0,Standard
0x149e1,Standard
0x149ea,Good
0x149eb,Good
0x149ec,Good
0x149ed,Good
0x149f6,Poor
0x149f7,Poor
0x149f8,Poor
0x149f9,Standard
0x14a02,Good
0x14a03,Good
0x14a04,Good
0x14a05,Good
0x14a0e,Good
0x14a0f,Good
0x14a10,Good
0x14a11,Good
0x14a1a,Good
0x14a1b,Good
0x14a1c,Good
0x14a1d,Good
0x14a26,Standard
0x14a27,Standard
0x14a28,Standard
0x14a29,Standard
0x14a32,Poor
0x14a33,Poor
0x14a34,Poor
0x14a35,Standard
0x14a3e,Good
0x14a3f,Good
0x14a40,Good
0x14a41,Good
0x14a4a,Good
0x14a4b,Good
0x14a4c,Good
0x14a4d,Good
0x14a56,Good
0x14a57,Standard
0x14a58,Good
0x14a59,Good
0x14a62,Poor
0x14a63,Poor
0x14a64,Poor
0x14a65,Poor
0x14a6e,Standard
0x14a6f,Standard
0x14a70,Standard
0x14a71,Standard
0x14a7a,Good
0x14a7b,Good
0x14a7c,Good
0x14a7d,Good
0x14a86,Good
0x14a87,Good
0x14a88,Good
0x14a89,Good
0x14a92,Good
0x14a93,Good
0x14a94,Good
0x14a95,Good
0x14a9e,Good
0x14a9f,Good
0x14aa0,Good
0x14aa1,Good
0x14aaa,Good
0x14aab,Good
0x14aac,Good
0x14aad,Good
0x14ab6,Standard
0x14ab7,Standard
0x14ab8,Standard
0x14ab9,Standard
0x14ac2,Poor
0x14ac3,Poor
0x14ac4,Poor
0x14ac5,Poor
0x14ace,Poor
0x14acf,Poor
0x14ad0,Poor
0x14ad1,Poor
0x14ada,Good
0x14adb,Good
0x14adc,Good
0x14add,Good
0x14ae6,Good
0x14ae7,Standard
0x14ae8,Good
0x14ae9,Good
0x14af2,Standard
0x14af3,Standard
0x14af4,Standard
0x14af5,Standard
0x14afe,Good
0x14aff,Good
0x14b00,Good
0x14b01,Good
0x14b0a,Poor
0x14b0b,Poor
0x14b0c,Poor
0x14b0d,Poor
0x14b16,Good
0x14b17,Good
0x14b18,Good
0x14b19,Good
0x14b22,Good
0x14b23,Standard
0x14b24,Standard
0x14b25,Poor
0x14b2e,Good
0x14b2f,Good
0x14b30,Good
0x14b31,Good
0x14b3a,Standard
0x14b3b,Standard
0x14b3c,Standard
0x14b3d,Standard
0x14b46,Poor
0x14b47,Poor
0x14b48,Poor
0x14b49,Poor
0x14b52,Good
0x14b53,Good
0x14b54,Good
0x14b55,Good
0x14b5e,Poor
0x14b5f,Poor
0x14b60,Poor
0x14b61,Poor
0x14b6a,Standard
0x14b6b,Standard
0x14b6c,Standard
0x14b6d,Standard
0x14b76,Poor
0x14b77,Poor
0x14b78,Poor
0x14b79,Poor
0x14b82,Good
0x14b83,Good
0x14b84,Good
0x14b85,Good
0x14b8e,Good
0x14b8f,Standard
0x14b90,Good
0x14b91,Standard
0x14b9a,Good
0x14b9b,Good
0x14b9c,Good
0x14b9d,Good
0x14ba6,Good
0x14ba7,Good
0x14ba8,Good
0x14ba9,Good
0x14bb2,Good
0x14bb3,Good
0x14bb4,Good
0x14bb5,Good
0x14bbe,Good
0x14bbf,Good
0x14bc0,Good
0x14bc1,Good
0x14bca,Standard
0x14bcb,Standard
0x14bcc,Standard
0x14bcd,Standard
0x14bd6,Poor
0x14bd7,Poor
0x14bd8,Poor
0x14bd9,Poor
0x14be2,Poor
0x14be3,Good
0x14be4,Good
0x14be5,Standard
0x14bee,Standard
0x14bef,Standard
0x14bf0,Standard
0x14bf1,Standard
0x14bfa,Standard
0x14bfb,Standard
0x14bfc,Standard
0x14bfd,Standard
0x14c06,Good
0x14c07,Good
0x14c08,Good
0x14c09,Good
0x14c12,Good
0x14c13,Standard
0x14c14,Good
0x14c15,Good
0x14c1e,Poor
0x14c1f,Poor
0x14c20,Poor
0x14c21,Poor
0x14c2a,Good
0x14c2b,Good
0x14c2c,Good
0x14c2d,Good
0x14c36,Good
0x14c37,Good
0x14c38,Good
0x14c39,Good
0x14c42,Standard
0x14c43,Good
0x14c44,Good
0x14c45,Good
0x14c4e,Good
0x14c4f,Good
0x14c50,Standard
0x14c51,Good
0x14c5a,Good
0x14c5b,Good
0x14c5c,Good
0x14c5d,Good
0x14c66,Good
0x14c67,Good
0x14c68,Good
0x14c69,Good
0x14c72,Good
0x14c73,Good
0x14c74,Good
0x14c75,Good
0x14c7e,Good
0x14c7f,Good
0x14c80,Good
0x14c81,Good
0x14c8a,Poor
0x14c8b,Poor
0x14c8c,Poor
0x14c8d,Poor
0x14c96,Good
0x14c97,Good
0x14c98,Good
0x14c99,Good
0x14ca2,Good
0x14ca3,Good
0x14ca4,Good
0x14ca5,Good
0x14cae,Good
0x14caf,Good
0x14cb0,Good
0x14cb1,Poor
0x14cba,Poor
0x14cbb,Poor
0x14cbc,Poor
0x14cbd,Poor
0x14cc6,Good
0x14cc7,Standard
0x14cc8,Standard
0x14cc9,Standard
0x14cd2,Poor
0x14cd3,Poor
0x14cd4,Poor
0x14cd5,Poor
0x14cde,Poor
0x14cdf,Poor
0x14ce0,Poor
0x14ce1,Poor
0x14cea,Poor
0x14ceb,Poor
0x14cec,Poor
0x14ced,Poor
0x14cf6,Poor
0x14cf7,Poor
0x14cf8,Poor
0x14cf9,Poor
0x14d02,Good
0x14d03,Good
0x14d04,Good
0x14d05,Good
0x14d0e,Poor
0x14d0f,Poor
0x14d10,Poor
0x14d11,Poor
0x14d1a,Standard
0x14d1b,Standard
0x14d1c,Good
0x14d1d,Standard
0x14d26,Poor
0x14d27,Poor
0x14d28,Poor
0x14d29,Poor
0x14d32,Good
0x14d33,Good
0x14d34,Good
0x14d35,Good
0x14d3e,Standard
0x14d3f,Standard
0x14d40,Standard
0x14d41,Standard
0x14d4a,Good
0x14d4b,Good
0x14d4c,Good
0x14d4d,Good
0x14d56,Good
0x14d57,Good
0x14d58,Good
0x14d59,Good
0x14d62,Standard
0x14d63,Standard
0x14d64,Standard
0x14d65,Standard
0x14d6e,Good
0x14d6f,Good
0x14d70,Good
0x14d71,Good
0x14d7a,Standard
0x14d7b,Poor
0x14d7c,Standard
0x14d7d,Standard
0x14d86,Poor
0x14d87,Poor
0x14d88,Poor
0x14d89,Poor
0x14d92,Good
0x14d93,Good
0x14d94,Good
0x14d95,Good
0x14d9e,Poor
0x14d9f,Poor
0x14da0,Poor
0x14da1,Poor
0x14daa,Poor
0x14dab,Poor
0x14dac,Poor
0x14dad,Poor
0x14db6,Good
0x14db7,Good
0x14db8,Good
0x14db9,Good
0x14dc2,Poor
0x14dc3,Poor
0x14dc4,Poor
0x14dc5,Poor
0x14dce,Poor
0x14dcf,Poor
0x14dd0,Poor
0x14dd1,Poor
0x14dda,Standard
0x14ddb,Standard
0x14ddc,Standard
0x14ddd,Standard
0x14de6,Standard
0x14de7,Standard
0x14de8,Standard
0x14de9,Standard
0x14df2,Good
0x14df3,Good
0x14df4,Good
0x14df5,Good
0x14dfe,Standard
0x14dff,Standard
0x14e00,Standard
0x14e01,Standard
0x14e0a,Good
0x14e0b,Good
0x14e0c,Good
0x14e0d,Good
0x14e16,Standard
0x14e17,Standard
0x14e18,Standard
0x14e19,Standard
0x14e22,Standard
0x14e23,Standard
0x14e24,Standard
0x14e25,Standard
0x14e2e,Poor
0x14e2f,Poor
0x14e30,Poor
0x14e31,Poor
0x14e3a,Poor
0x14e3b,Standard
0x14e3c,Standard
0x14e3d,Standard
0x14e46,Good
0x14e47,Good
0x14e48,Good
0x14e49,Good
0x14e52,Standard
0x14e53,Standard
0x14e54,Good
0x14e55,Standard
0x14e5e,Good
0x14e5f,Good
0x14e60,Good
0x14e61,Good
0x14e6a,Poor
0x14e6b,Poor
0x14e6c,Poor
0x14e6d,Poor
0x14e76,Standard
0x14e77,Poor
0x14e78,Poor
0x14e79,Poor
0x14e82,Poor
0x14e83,Poor
0x14e84,Poor
0x14e85,Poor
0x14e8e,Standard
0x14e8f,Standard
0x14e90,Standard
0x14e91,Standard
0x14e9a,Good
0x14e9b,Standard
0x14e9c,Good
0x14e9d,Good
0x14ea6,Good
0x14ea7,Good
0x14ea8,Good
0x14ea9,Good
0x14eb2,Standard
0x14eb3,Poor
0x14eb4,Standard
0x14eb5,Poor
0x14ebe,Poor
0x14ebf,Poor
0x14ec0,Poor
0x14ec1,Poor
0x14eca,Poor
0x14ecb,Poor
0x14ecc,Poor
0x14ecd,Poor
0x14ed6,Good
0x14ed7,Good
0x14ed8,Good
0x14ed9,Good
0x14ee2,Good
0x14ee3,Good
0x14ee4,Good
0x14ee5,Good
0x14eee,Poor
0x14eef,Poor
0x14ef0,Poor
0x14ef1,Poor
0x14efa,Good
0x14efb,Good
0x14efc,Good
0x14efd,Good
0x14f06,Good
0x14f07,Good
0x14f08,Good
0x14f09,Good
0x14f12,Good
0x14f13,Good
0x14f14,Good
0x14f15,Good
0x14f1e,Good
0x14f1f,Good
0x14f20,Good
0x14f21,Good
0x14f2a,Poor
0x14f2b,Standard
0x14f2c,Standard
0x14f2d,Good
0x14f36,Good
0x14f37,Good
0x14f38,Good
0x14f39,Good
0x14f42,Poor
0x14f43,Poor
0x14f44,Poor
0x14f45,Poor
0x14f4e,Poor
0x14f4f,Poor
0x14f50,Poor
0x14f51,Poor
0x14f5a,Good
0x14f5b,Good
0x14f5c,Good
0x14f5d,Good
0x14f66,Good
0x14f67,Good
0x14f68,Good
0x14f69,Good
0x14f72,Good
0x14f73,Good
0x14f74,Good
0x14f75,Good
0x14f7e,Good
0x14f7f,Good
0x14f80,Good
0x14f81,Good
0x14f8a,Poor
0x14f8b,Poor
0x14f8c,Poor
0x14f8d,Poor
0x14f96,Standard
0x14f97,Good
0x14f98,Good
0x14f99,Good
0x14fa2,Good
0x14fa3,Good
0x14fa4,Good
0x14fa5,Good
0x14fae,Standard
0x14faf,Standard
0x14fb0,Standard
0x14fb1,Standard
0x14fba,Good
0x14fbb,Good
0x14fbc,Good
0x14fbd,Good
0x14fc6,Poor
0x14fc7,Poor
0x14fc8,Poor
0x14fc9,Poor
0x14fd2,Poor
0x14fd3,Poor
0x14fd4,Poor
0x14fd5,Poor
0x14fde,Good
0x14fdf,Good
0x14fe0,Good
0x14fe1,Good
0x14fea,Standard
0x14feb,Standard
0x14fec,Standard
0x14fed,Standard
0x14ff6,Good
0x14ff7,Good
0x14ff8,Good
0x14ff9,Good
0x15002,Standard
0x15003,Standard
0x15004,Standard
0x15005,Standard
0x1500e,Good
0x1500f,Good
0x15010,Good
0x15011,Good
0x1501a,Standard
0x1501b,Standard
0x1501c,Standard
0x1501d,Standard
0x15026,Good
0x15027,Good
0x15028,Good
0x15029,Good
0x15032,Standard
0x15033,Standard
0x15034,Good
0x15035,Standard
0x1503e,Good
0x1503f,Good
0x15040,Good
0x15041,Good
0x1504a,Good
0x1504b,Good
0x1504c,Good
0x1504d,Good
0x15056,Poor
0x15057,Poor
0x15058,Poor
0x15059,Poor
0x15062,Good
0x15063,Good
0x15064,Good
0x15065,Good
0x1506e,Poor
0x1506f,Poor
0x15070,Poor
0x15071,Poor
0x1507a,Poor
0x1507b,Poor
0x1507c,Poor
0x1507d,Poor
0x15086,Poor
0x15087,Poor
0x15088,Poor
0x15089,Poor
0x15092,Poor
0x15093,Poor
0x15094,Poor
0x15095,Poor
0x1509e,Good
0x1509f,Good
0x150a0,Good
0x150a1,Good
0x150aa,Standard
0x150ab,Standard
0x150ac,Standard
0x150ad,Standard
0x150b6,Poor
0x150b7,Poor
0x150b8,Poor
0x150b9,Poor
0x150c2,Standard
0x150c3,Standard
0x150c4,Standard
0x150c5,Standard
0x150ce,Poor
0x150cf,Poor
0x150d0,Poor
0x150d1,Poor
0x150da,Poor
0x150db,Poor
0x150dc,Poor
0x150dd,Poor
0x150e6,Good
0x150e7,Good
0x150e8,Good
0x150e9,Good
0x150f2,Good
0x150f3,Good
0x150f4,Good
0x150f5,Good
0x150fe,Poor
0x150ff,Standard
0x15100,Standard
0x15101,Standard
0x1510a,Poor
0x1510b,Poor
0x1510c,Poor
0x1510d,Poor
0x15116,Good
0x15117,Good
0x15118,Good
0x15119,Good
0x15122,Good
0x15123,Good
0x15124,Good
0x15125,Good
0x1512e,Good
0x1512f,Good
0x15130,Good
0x15131,Good
0x1513a,Poor
0x1513b,Poor
0x1513c,Poor
0x1513d,Poor
0x15146,Poor
0x15147,Poor
0x15148,Standard
0x15149,Poor
0x15152,Standard
0x15153,Good
0x15154,Good
0x15155,Good
0x1515e,Poor
0x1515f,Poor
0x15160,Poor
0x15161,Poor
0x1516a,Standard
0x1516b,Standard
0x1516c,Standard
0x1516d,Standard
0x15176,Poor
0x15177,Poor
0x15178,Poor
0x15179,Poor
0x15182,Poor
0x15183,Poor
0x15184,Poor
0x15185,Standard
0x1518e,Good
0x1518f,Good
0x15190,Good
0x15191,Good
0x1519a,Standard
0x1519b,Standard
0x1519c,Standard
0x1519d,Standard
0x151a6,Standard
0x151a7,Standard
0x151a8,Standard
0x151a9,Standard
0x151b2,Standard
0x151b3,Standard
0x151b4,Standard
0x151b5,Poor
0x151be,Poor
0x151bf,Poor
0x151c0,Poor
0x151c1,Poor
0x151ca,Good
0x151cb,Good
0x151cc,Good
0x151cd,Good
0x151d6,Standard
0x151d7,Standard
0x151d8,Standard
0x151d9,Standard
0x151e2,Good
0x151e3,Good
0x151e4,Good
0x151e5,Good
0x151ee,Standard
0x151ef,Standard
0x151f0,Standard
0x151f1,Standard
0x151fa,Standard
0x151fb,Standard
0x151fc,Good
0x151fd,Good
0x15206,Poor
0x15207,Poor
0x15208,Poor
0x15209,Poor
0x15212,Poor
0x15213,Poor
0x15214,Poor
0x15215,Poor
0x1521e,Good
0x1521f,Good
0x15220,Poor
0x15221,Standard
0x1522a,Good
0x1522b,Good
0x1522c,Good
0x1522d,Good
0x15236,Poor
0x15237,Poor
0x15238,Poor
0x15239,Poor
0x15242,Good
0x15243,Good
0x15244,Good
0x15245,Good
0x1524e,Good
0x1524f,Good
0x15250,Good
0x15251,Good
0x1525a,Good
0x1525b,Good
0x1525c,Good
0x1525d,Good
0x15266,Poor
0x15267,Poor
0x15268,Poor
0x15269,Poor
0x15272,Poor
0x15273,Poor
0x15274,Poor
0x15275,Poor
0x1527e,Poor
0x1527f,Poor
0x15280,Poor
0x15281,Poor
0x1528a,Good
0x1528b,Good
0x1528c,Good
0x1528d,Good
0x15296,Poor
0x15297,Poor
0x15298,Poor
0x15299,Poor
0x152a2,Good
0x152a3,Good
0x152a4,Good
0x152a5,Good
0x152ae,Poor
0x152af,Poor
0x152b0,Poor
0x152b1,Poor
0x152ba,Poor
0x152bb,Poor
0x152bc,Poor
0x152bd,Poor
0x152c6,Good
0x152c7,Good
0x152c8,Good
0x152c9,Good
0x152d2,Poor
0x152d3,Poor
0x152d4,Poor
0x152d5,Poor
0x152de,Poor
0x152df,Standard
0x152e0,Standard
0x152e1,Standard
0x152ea,Good
0x152eb,Good
0x152ec,Good
0x152ed,Good
0x152f6,Standard
0x152f7,Standard
0x152f8,Standard
0x152f9,Standard
0x15302,Poor
0x15303,Poor
0x15304,Poor
0x15305,Poor
0x1530e,Poor
0x1530f,Poor
0x15310,Poor
0x15311,Poor
0x1531a,Good
0x1531b,Good
0x1531c,Good
0x1531d,Poor
0x15326,Poor
0x15327,Poor
0x15328,Poor
0x15329,Poor
0x15332,Good
0x15333,Good
0x15334,Good
0x15335,Good
0x1533e,Good
0x1533f,Good
0x15340,Good
0x15341,Good
0x1534a,Good
0x1534b,Good
0x1534c,Good
0x1534d,Good
0x15356,Poor
0x15357,Poor
0x15358,Poor
0x15359,Poor
0x15362,Good
0x15363,Good
0x15364,Good
0x15365,Good
0x1536e,Poor
0x1536f,Poor
0x15370,Poor
0x15371,Poor
0x1537a,Poor
0x1537b,Poor
0x1537c,Poor
0x1537d,Poor
0x15386,Poor
0x15387,Poor
0x15388,Poor
0x15389,Poor
0x15392,Standard
0x15393,Standard
0x15394,Standard
0x15395,Standard
0x1539e,Poor
0x1539f,Poor
0x153a0,Poor
0x153a1,Poor
0x153aa,Poor
0x153ab,Standard
0x153ac,Standard
0x153ad,Standard
0x153b6,Good
0x153b7,Good
0x153b8,Good
0x153b9,Standard
0x153c2,Good
0x153c3,Good
0x153c4,Good
0x153c5,Good
0x153ce,Good
0x153cf,Good
0x153d0,Good
0x153d1,Good
0x153da,Standard
0x153db,Standard
0x153dc,Standard
0x153dd,Poor
0x153e6,Good
0x153e7,Good
0x153e8,Good
0x153e9,Good
0x153f2,Good
0x153f3,Good
0x153f4,Good
0x153f5,Standard
0x153fe,Poor
0x153ff,Poor
0x15400,Poor
0x15401,Poor
0x1540a,Good
0x1540b,Good
0x1540c,Good
0x1540d,Good
0x15416,Poor
0x15417,Poor
0x15418,Poor
0x15419,Poor
0x15422,Poor
0x15423,Poor
0x15424,Poor
0x15425,Poor
0x1542e,Poor
0x1542f,Poor
0x15430,Poor
0x15431,Poor
0x1543a,Standard
0x1543b,Standard
0x1543c,Standard
0x1543d,Standard
0x15446,Good
0x15447,Good
0x15448,Good
0x15449,Good
0x15452,Standard
0x15453,Poor
0x15454,Standard
0x15455,Poor
0x1545e,Standard
0x1545f,Standard
0x15460,Standard
0x15461,Standard
0x1546a,Standard
0x1546b,Standard
0x1546c,Standard
0x1546d,Standard
0x15476,Good
0x15477,Good
0x15478,Good
0x15479,Good
0x15482,Good
0x15483,Good
0x15484,Good
0x15485,Good
0x1548e,Poor
0x1548f,Poor
0x15490,Poor
0x15491,Poor
0x1549a,Good
0x1549b,Good
0x1549c,Good
0x1549d,Good
0x154a6,Good
0x154a7,Good
0x154a8,Good
0x154a9,Good
0x154b2,Poor
0x154b3,Poor
0x154b4,Poor
0x154b5,Poor
0x154be,Poor
0x154bf,Poor
0x154c0,Poor
0x154c1,Poor
0x154ca,Good
0x154cb,Good
0x154cc,Good
0x154cd,Good
0x154d6,Good
0x154d7,Standard
0x154d8,Good
0x154d9,Good
0x154e2,Standard
0x154e3,Standard
0x154e4,Standard
0x154e5,Standard
0x154ee,Standard
0x154ef,Standard
0x154f0,Standard
0x154f1,Standard
0x154fa,Poor
0x154fb,Poor
0x154fc,Poor
0x154fd,Poor
0x15506,Standard
0x15507,Standard
0x15508,Good
0x15509,Standard
0x15512,Poor
0x15513,Poor
0x15514,Poor
0x15515,Poor
0x1551e,Poor
0x1551f,Poor
0x15520,Poor
0x15521,Poor
0x1552a,Poor
0x1552b,Poor
0x1552c,Poor
0x1552d,Poor
0x15536,Good
0x15537,Good
0x15538,Good
0x15539,Good
0x15542,Good
0x15543,Good
0x15544,Good
0x15545,Good
0x1554e,Good
0x1554f,Good
0x15550,Good
0x15551,Standard
0x1555a,Standard
0x1555b,Standard
0x1555c,Standard
0x1555d,Standard
0x15566,Poor
0x15567,Poor
0x15568,Poor
0x15569,Poor
0x15572,Standard
0x15573,Standard
0x15574,Standard
0x15575,Standard
0x1557e,Poor
0x1557f,Poor
0x15580,Poor
0x15581,Poor
0x1558a,Good
0x1558b,Good
0x1558c,Standard
0x1558d,Good
0x15596,Good
0x15597,Good
0x15598,Good
0x15599,Good
0x155a2,Poor
0x155a3,Poor
0x155a4,Poor
0x155a5,Poor
0x155ae,Good
0x155af,Good
0x155b0,Good
0x155b1,Good
0x155ba,Standard
0x155bb,Standard
0x155bc,Standard
0x155bd,Standard
0x155c6,Poor
0x155c7,Poor
0x155c8,Poor
0x155c9,Poor
0x155d2,Good
0x155d3,Good
0x155d4,Standard
0x155d5,Good
0x155de,Poor
0x155df,Poor
0x155e0,Poor
0x155e1,Poor
0x155ea,Good
0x155eb,Good
0x155ec,Good
0x155ed,Good
0x155f6,Good
0x155f7,Good
0x155f8,Good
0x155f9,Good
0x15602,Poor
0x15603,Poor
0x15604,Poor
0x15605,Poor
0x1560e,Good
0x1560f,Good
0x15610,Good
0x15611,Good
0x1561a,Good
0x1561b,Good
0x1561c,Good
0x1561d,Good
0x15626,Poor
0x15627,Standard
0x15628,Standard
0x15629,Standard
0x15632,Standard
0x15633,Standard
0x15634,Standard
0x15635,Standard
0x1563e,Poor
0x1563f,Poor
0x15640,Poor
0x15641,Standard
0x1564a,Poor
0x1564b,Poor
0x1564c,Poor
0x1564d,Poor
0x15656,Good
0x15657,Good
0x15658,Good
0x15659,Good
0x15662,Poor
0x15663,Poor
0x15664,Poor
0x15665,Poor
0x1566e,Standard
0x1566f,Standard
0x15670,Poor
0x15671,Standard
0x1567a,Poor
0x1567b,Poor
0x1567c,Poor
0x1567d,Poor
0x15686,Poor
0x15687,Poor
0x15688,Poor
0x15689,Poor
0x15692,Poor
0x15693,Poor
0x15694,Poor
0x15695,Poor
0x1569e,Standard
0x1569f,Standard
0x156a0,Standard
0x156a1,Standard
0x156aa,Poor
0x156ab,Poor
0x156ac,Poor
0x156ad,Poor
0x156b6,Good
0x156b7,Good
0x156b8,Good
0x156b9,Good
0x156c2,Poor
0x156c3,Poor
0x156c4,Poor
0x156c5,Poor
0x156ce,Poor
0x156cf,Poor
0x156d0,Standard
0x156d1,Poor
0x156da,Standard
0x156db,Standard
0x156dc,Standard
0x156dd,Standard
0x156e6,Poor
0x156e7,Poor
0x156e8,Standard
0x156e9,Poor
0x156f2,Poor
0x156f3,Poor
0x156f4,Poor
0x156f5,Poor
0x156fe,Standard
0x156ff,Standard
0x15700,Standard
0x15701,Standard
0x1570a,Poor
0x1570b,Poor
0x1570c,Poor
0x1570d,Poor
0x15716,Good
0x15717,Good
0x15718,Good
0x15719,Good
0x15722,Standard
0x15723,Standard
0x15724,Standard
0x15725,Standard
0x1572e,Poor
0x1572f,Poor
0x15730,Poor
0x15731,Poor
0x1573a,Standard
0x1573b,Standard
0x1573c,Good
0x1573d,Standard
0x15746,Good
0x15747,Good
0x15748,Good
0x15749,Good
0x15752,Standard
0x15753,Standard
0x15754,Standard
0x15755,Standard
0x1575e,Good
0x1575f,Good
0x15760,Good
0x15761,Good
0x1576a,Poor
0x1576b,Poor
0x1576c,Poor
0x1576d,Poor
0x15776,Standard
0x15777,Standard
0x15778,Standard
0x15779,Standard
0x15782,Good
0x15783,Good
0x15784,Good
0x15785,Good
0x1578e,Poor
0x1578f,Poor
0x15790,Poor
0x15791,Poor
0x1579a,Poor
0x1579b,Poor
0x1579c,Poor
0x1579d,Poor
0x157a6,Good
0x157a7,Good
0x157a8,Standard
0x157a9,Good
0x157b2,Good
0x157b3,Good
0x157b4,Good
0x157b5,Good
0x157be,Good
0x157bf,Good
0x157c0,Good
0x157c1,Good
0x157ca,Good
0x157cb,Good
0x157cc,Good
0x157cd,Good
0x157d6,Good
0x157d7,Good
0x157d8,Standard
0x157d9,Good
0x157e2,Poor
0x157e3,Poor
0x157e4,Poor
0x157e5,Poor
0x157ee,Poor
0x157ef,Poor
0x157f0,Poor
0x157f1,Poor
0x157fa,Poor
0x157fb,Poor
0x157fc,Poor
0x157fd,Poor
0x15806,Good
0x15807,Good
0x15808,Good
0x15809,Good
0x15812,Standard
0x15813,Standard
0x15814,Standard
0x15815,Standard
0x1581e,Standard
0x1581f,Standard
0x15820,Standard
0x15821,Standard
0x1582a,Standard
0x1582b,Standard
0x1582c,Standard
0x1582d,Standard
0x15836,Good
0x15837,Good
0x15838,Good
0x15839,Good
0x15842,Poor
0x15843,Poor
0x15844,Poor
0x15845,Standard
0x1584e,Poor
0x1584f,Poor
0x15850,Poor
0x15851,Poor
0x1585a,Good
0x1585b,Good
0x1585c,Good
0x1585d,Good
0x15866,Standard
0x15867,Standard
0x15868,Standard
0x15869,Standard
0x15872,Good
0x15873,Good
0x15874,Good
0x15875,Good
0x1587e,Standard
0x1587f,Standard
0x15880,Standard
0x15881,Poor
0x1588a,Good
0x1588b,Good
0x1588c,Good
0x1588d,Good
0x15896,Poor
0x15897,Poor
0x15898,Poor
0x15899,Poor
0x158a2,Standard
0x158a3,Poor
0x158a4,Standard
0x158a5,Poor
0x158ae,Standard
0x158af,Standard
0x158b0,Standard
0x158b1,Standard
0x158ba,Poor
0x158bb,Standard
0x158bc,Standard
0x158bd,Standard
0x158c6,Poor
0x158c7,Poor
0x158c8,Poor
0x158c9,Poor
0x158d2,Standard
0x158d3,Standard
0x158d4,Standard
0x158d5,Standard
0x158de,Good
0x158df,Good
0x158e0,Good
0x158e1,Good
0x158ea,Standard
0x158eb,Standard
0x158ec,Poor
0x158ed,Standard
0x158f6,Good
0x158f7,Good
0x158f8,Good
0x158f9,Good
0x15902,Standard
0x15903,Standard
0x15904,Standard
0x15905,Standard
0x1590e,Standard
0x1590f,Poor
0x15910,Standard
0x15911,Poor
0x1591a,Poor
0x1591b,Poor
0x1591c,Standard
0x1591d,Poor
0x15926,Standard
0x15927,Standard
0x15928,Standard
0x15929,Standard
0x15932,Standard
0x15933,Standard
0x15934,Standard
0x15935,Standard
0x1593e,Good
0x1593f,Good
0x15940,Good
0x15941,Good
0x1594a,Standard
0x1594b,Standard
0x1594c,Good
0x1594d,Good
0x15956,Poor
0x15957,Poor
0x15958,Poor
0x15959,Poor
0x15962,Good
0x15963,Good
0x15964,Good
0x15965,Good
0x1596e,Standard
0x1596f,Poor
0x15970,Poor
0x15971,Poor
0x1597a,Poor
0x1597b,Poor
0x1597c,Poor
0x1597d,Poor
0x15986,Poor
0x15987,Poor
0x15988,Poor
0x15989,Poor
0x15992,Good
0x15993,Good
0x15994,Good
0x15995,Good
0x1599e,Standard
0x1599f,Standard
0x159a0,Standard
0x159a1,Standard
0x159aa,Poor
0x159ab,Poor
0x159ac,Poor
0x159ad,Poor
0x159b6,Poor
0x159b7,Poor
0x159b8,Poor
0x159b9,Poor
0x159c2,Good
0x159c3,Good
0x159c4,Good
0x159c5,Good
0x159ce,Good
0x159cf,Standard
0x159d0,Standard
0x159d1,Good
0x159da,Standard
0x159db,Standard
0x159dc,Standard
0x159dd,Standard
0x159e6,Good
0x159e7,Good
0x159e8,Good
0x159e9,Good
0x159f2,Good
0x159f3,Good
0x159f4,Good
0x159f5,Good
0x159fe,Good
0x159ff,Good
0x15a00,Good
0x15a01,Good
0x15a0a,Poor
0x15a0b,Poor
0x15a0c,Poor
0x15a0d,Poor
0x15a16,Good
0x15a17,Good
0x15a18,Good
0x15a19,Good
0x15a22,Standard
0x15a23,Good
0x15a24,Good
0x15a25,Good
0x15a2e,Good
0x15a2f,Good
0x15a30,Good
0x15a31,Good
0x15a3a,Poor
0x15a3b,Poor
0x15a3c,Poor
0x15a3d,Poor
0x15a46,Good
0x15a47,Good
0x15a48,Good
0x15a49,Good
0x15a52,Poor
0x15a53,Standard
0x15a54,Poor
0x15a55,Poor
0x15a5e,Poor
0x15a5f,Poor
0x15a60,Poor
0x15a61,Poor
0x15a6a,Good
0x15a6b,Good
0x15a6c,Good
0x15a6d,Good
0x15a76,Poor
0x15a77,Poor
0x15a78,Poor
0x15a79,Poor
0x15a82,Poor
0x15a83,Poor
0x15a84,Poor
0x15a85,Poor
0x15a8e,Poor
0x15a8f,Poor
0x15a90,Poor
0x15a91,Poor
0x15a9a,Poor
0x15a9b,Poor
0x15a9c,Poor
0x15a9d,Poor
0x15aa6,Good
0x15aa7,Good
0x15aa8,Good
0x15aa9,Good
0x15ab2,Standard
0x15ab3,Poor
0x15ab4,Poor
0x15ab5,Poor
0x15abe,Poor
0x15abf,Poor
0x15ac0,Poor
0x15ac1,Poor
0x15aca,Standard
0x15acb,Standard
0x15acc,Poor
0x15acd,Standard
0x15ad6,Poor
0x15ad7,Poor
0x15ad8,Poor
0x15ad9,Poor
0x15ae2,Good
0x15ae3,Good
0x15ae4,Good
0x15ae5,Good
0x15aee,Poor
0x15aef,Poor
0x15af0,Poor
0x15af1,Poor
0x15afa,Good
0x15afb,Good
0x15afc,Good
0x15afd,Good
0x15b06,Good
0x15b07,Good
0x15b08,Good
0x15b09,Good
0x15b12,Good
0x15b13,Good
0x15b14,Good
0x15b15,Good
0x15b1e,Good
0x15b1f,Good
0x15b20,Good
0x15b21,Good
0x15b2a,Poor
0x15b2b,Poor
0x15b2c,Poor
0x15b2d,Poor
0x15b36,Good
0x15b37,Good
0x15b38,Standard
0x15b39,Poor
0x15b42,Poor
0x15b43,Poor
0x15b44,Poor
0x15b45,Poor
0x15b4e,Poor
0x15b4f,Poor
0x15b50,Poor
0x15b51,Poor
0x15b5a,Poor
0x15b5b,Poor
0x15b5c,Poor
0x15b5d,Poor
0x15b66,Good
0x15b67,Good
0x15b68,Good
0x15b69,Good
0x15b72,Good
0x15b73,Good
0x15b74,Good
0x15b75,Good
0x15b7e,Standard
0x15b7f,Good
0x15b80,Good
0x15b81,Good
0x15b8a,Poor
0x15b8b,Poor
0x15b8c,Poor
0x15b8d,Poor
0x15b96,Poor
0x15b97,Poor
0x15b98,Poor
0x15b99,Poor
0x15ba2,Good
0x15ba3,Good
0x15ba4,Good
0x15ba5,Good
0x15bae,Poor
0x15baf,Poor
0x15bb0,Poor
0x15bb1,Poor
0x15bba,Poor
0x15bbb,Standard
0x15bbc,Poor
0x15bbd,Poor
0x15bc6,Standard
0x15bc7,Good
0x15bc8,Good
0x15bc9,Good
0x15bd2,Standard
0x15bd3,Standard
0x15bd4,Standard
0x15bd5,Standard
0x15bde,Poor
0x15bdf,Poor
0x15be0,Poor
0x15be1,Poor
0x15bea,Good
0x15beb,Good
0x15bec,Good
0x15bed,Good
0x15bf6,Standard
0x15bf7,Standard
0x15bf8,Standard
0x15bf9,Standard
0x15c02,Good
0x15c03,Good
0x15c04,Good
0x15c05,Good
0x15c0e,Standard
0x15c0f,Standard
0x15c10,Poor
0x15c11,Standard
0x15c1a,Good
0x15c1b,Good
0x15c1c,Good
0x15c1d,Good
0x15c26,Poor
0x15c27,Poor
0x15c28,Poor
0x15c29,Poor
0x15c32,Standard
0x15c33,Standard
0x15c34,Standard
0x15c35,Standard
0x15c3e,Good
0x15c3f,Good
0x15c40,Good
0x15c41,Good
0x15c4a,Poor
0x15c4b,Poor
0x15c4c,Poor
0x15c4d,Poor
0x15c56,Good
0x15c57,Good
0x15c58,Good
0x15c59,Good
0x15c62,Poor
0x15c63,Poor
0x15c64,Poor
0x15c65,Poor
0x15c6e,Standard
0x15c6f,Standard
0x15c70,Standard
0x15c71,Standard
0x15c7a,Standard
0x15c7b,Good
0x15c7c,Good
0x15c7d,Good
0x15c86,Standard
0x15c87,Standard
0x15c88,Standard
0x15c89,Standard
0x15c92,Standard
0x15c93,Good
0x15c94,Good
0x15c95,Good
0x15c9e,Standard
0x15c9f,Standard
0x15ca0,Standard
0x15ca1,Standard
0x15caa,Good
0x15cab,Good
0x15cac,Good
0x15cad,Good
0x15cb6,Standard
0x15cb7,Standard
0x15cb8,Standard
0x15cb9,Standard
0x15cc2,Poor
0x15cc3,Poor
0x15cc4,Poor
0x15cc5,Poor
0x15cce,Poor
0x15ccf,Poor
0x15cd0,Standard
0x15cd1,Standard
0x15cda,Standard
0x15cdb,Poor
0x15cdc,Poor
0x15cdd,Poor
0x15ce6,Good
0x15ce7,Good
0x15ce8,Good
0x15ce9,Good
0x15cf2,Standard
0x15cf3,Standard
0x15cf4,Standard
0x15cf5,Standard
0x15cfe,Good
0x15cff,Good
0x15d00,Good
0x15d01,Good
0x15d0a,Good
0x15d0b,Good
0x15d0c,Good
0x15d0d,Good
0x15d16,Good
0x15d17,Good
0x15d18,Good
0x15d19,Good
0x15d22,Standard
0x15d23,Standard
0x15d24,Standard
0x15d25,Standard
0x15d2e,Standard
0x15d2f,Poor
0x15d30,Standard
0x15d31,Poor
0x15d3a,Standard
0x15d3b,Standard
0x15d3c,Standard
0x15d3d,Standard
0x15d46,Poor
0x15d47,Poor
0x15d48,Poor
0x15d49,Poor
0x15d52,Good
0x15d53,Good
0x15d54,Good
0x15d55,Good
0x15d5e,Good
0x15d5f,Good
0x15d60,Good
0x15d61,Good
0x15d6a,Good
0x15d6b,Good
0x15d6c,Good
0x15d6d,Good
0x15d76,Poor
0x15d77,Poor
0x15d78,Poor
0x15d79,Poor
0x15d82,Good
0x15d83,Standard
0x15d84,Standard
0x15d85,Good
0x15d8e,Poor
0x15d8f,Poor
0x15d90,Poor
0x15d91,Poor
0x15d9a,Poor
0x15d9b,Standard
0x15d9c,Standard
0x15d9d,Standard
0x15da6,Good
0x15da7,Good
0x15da8,Good
0x15da9,Good
0x15db2,Poor
0x15db3,Poor
0x15db4,Poor
0x15db5,Poor
0x15dbe,Good
0x15dbf,Good
0x15dc0,Good
0x15dc1,Good
0x15dca,Good
0x15dcb,Good
0x15dcc,Good
0x15dcd,Good
0x15dd6,Poor
0x15dd7,Poor
0x15dd8,Poor
0x15dd9,Poor
0x15de2,Standard
0x15de3,Standard
0x15de4,Poor
0x15de5,Standard
0x15dee,Standard
0x15def,Standard
0x15df0,Poor
0x15df1,Poor
0x15dfa,Standard
0x15dfb,Standard
0x15dfc,Standard
0x15dfd,Standard
0x15e06,Poor
0x15e07,Poor
0x15e08,Poor
0x15e09,Poor
0x15e12,Good
0x15e13,Good
0x15e14,Good
0x15e15,Good
0x15e1e,Good
0x15e1f,Standard
0x15e20,Standard
0x15e21,Standard
0x15e2a,Poor
0x15e2b,Poor
0x15e2c,Poor
0x15e2d,Poor
0x15e36,Poor
0x15e37,Poor
0x15e38,Poor
0x15e39,Poor
0x15e42,Poor
0x15e43,Poor
0x15e44,Standard
0x15e45,Poor
0x15e4e,Poor
0x15e4f,Standard
0x15e50,Poor
0x15e51,Poor
0x15e5a,Good
0x15e5b,Good
0x15e5c,Good
0x15e5d,Good
0x15e66,Standard
0x15e67,Standard
0x15e68,Standard
0x15e69,Standard
0x15e72,Good
0x15e73,Good
0x15e74,Good
0x15e75,Good
0x15e7e,Good
0x15e7f,Good
0x15e80,Standard
0x15e81,Good
0x15e8a,Poor
0x15e8b,Standard
0x15e8c,Poor
0x15e8d,Poor
0x15e96,Standard
0x15e97,Standard
0x15e98,Standard
0x15e99,Poor
0x15ea2,Poor
0x15ea3,Poor
0x15ea4,Standard
0x15ea5,Standard
0x15eae,Standard
0x15eaf,Standard
0x15eb0,Standard
0x15eb1,Standard
0x15eba,Poor
0x15ebb,Poor
0x15ebc,Poor
0x15ebd,Poor
0x15ec6,Good
0x15ec7,Standard
0x15ec8,Good
0x15ec9,Good
0x15ed2,Standard
0x15ed3,Standard
0x15ed4,Standard
0x15ed5,Standard
0x15ede,Good
0x15edf,Good
0x15ee0,Good
0x15ee1,Good
0x15eea,Good
0x15eeb,Good
0x15eec,Good
0x15eed,Good
0x15ef6,Poor
0x15ef7,Poor
0x15ef8,Poor
0x15ef9,Poor
0x15f02,Good
0x15f03,Good
0x15f04,Good
0x15f05,Good
0x15f0e,Poor
0x15f0f,Poor
0x15f10,Poor
0x15f11,Poor
0x15f1a,Good
0x15f1b,Good
0x15f1c,Good
0x15f1d,Good
0x15f26,Good
0x15f27,Good
0x15f28,Good
0x15f29,Good
0x15f32,Standard
0x15f33,Standard
0x15f34,Poor
0x15f35,Standard
0x15f3e,Good
0x15f3f,Good
0x15f40,Good
0x15f41,Good
0x15f4a,Poor
0x15f4b,Poor
0x15f4c,Poor
0x15f4d,Poor
0x15f56,Poor
0x15f57,Poor
0x15f58,Poor
0x15f59,Poor
0x15f62,Good
0x15f63,Good
0x15f64,Good
0x15f65,Good
0x15f6e,Good
0x15f6f,Good
0x15f70,Good
0x15f71,Good
0x15f7a,Standard
0x15f7b,Standard
0x15f7c,Standard
0x15f7d,Standard
0x15f86,Good
0x15f87,Good
0x15f88,Good
0x15f89,Good
0x15f92,Good
0x15f93,Good
0x15f94,Good
0x15f95,Good
0x15f9e,Standard
0x15f9f,Standard
0x15fa0,Standard
0x15fa1,Good
0x15faa,Good
0x15fab,Good
0x15fac,Good
0x15fad,Good
0x15fb6,Standard
0x15fb7,Standard
0x15fb8,Standard
0x15fb9,Good
0x15fc2,Good
0x15fc3,Good
0x15fc4,Good
0x15fc5,Good
0x15fce,Standard
0x15fcf,Standard
0x15fd0,Standard
0x15fd1,Standard
0x15fda,Good
0x15fdb,Good
0x15fdc,Good
0x15fdd,Good
0x15fe6,Good
0x15fe7,Good
0x15fe8,Good
0x15fe9,Good
0x15ff2,Good
0x15ff3,Good
0x15ff4,Good
0x15ff5,Good
0x15ffe,Standard
0x15fff,Standard
0x16000,Standard
0x16001,Poor
0x1600a,Standard
0x1600b,Good
0x1600c,Good
0x1600d,Good
0x16016,Good
0x16017,Good
0x16018,Good
0x16019,Good
0x16022,Good
0x16023,Good
0x16024,Good
0x16025,Good
0x1602e,Standard
0x1602f,Standard
0x16030,Poor
0x16031,Standard
0x1603a,Good
0x1603b,Good
0x1603c,Good
0x1603d,Good
0x16046,Poor
0x16047,Poor
0x16048,Poor
0x16049,Poor
0x16052,Good
0x16053,Good
0x16054,Good
0x16055,Good
0x1605e,Standard
0x1605f,Good
0x16060,Good
0x16061,Good
0x1606a,Good
0x1606b,Good
0x1606c,Good
0x1606d,Good
0x16076,Poor
0x16077,Poor
0x16078,Poor
0x16079,Poor
0x16082,Poor
0x16083,Poor
0x16084,Poor
0x16085,Poor
0x1608e,Standard
0x1608f,Good
0x16090,Standard
0x16091,Standard
0x1609a,Poor
0x1609b,Poor
0x1609c,Poor
0x1609d,Poor
0x160a6,Poor
0x160a7,Poor
0x160a8,Poor
0x160a9,Poor
0x160b2,Poor
0x160b3,Poor
0x160b4,Poor
0x160b5,Poor
0x160be,Poor
0x160bf,Poor
0x160c0,Poor
0x160c1,Poor
0x160ca,Poor
0x160cb,Poor
0x160cc,Poor
0x160cd,Poor
0x160d6,Poor
0x160d7,Poor
0x160d8,Poor
0x160d9,Poor
0x160e2,Standard
0x160e3,Standard
0x160e4,Good
0x160e5,Standard
0x160ee,Good
0x160ef,Good
0x160f0,Good
0x160f1,Good
0x160fa,Standard
0x160fb,Poor
0x160fc,Standard
0x160fd,Poor
0x16106,Standard
0x16107,Standard
0x16108,Standard
0x16109,Standard
0x16112,Good
0x16113,Good
0x16114,Good
0x16115,Good
0x1611e,Standard
0x1611f,Standard
0x16120,Poor
0x16121,Standard
0x1612a,Standard
0x1612b,Standard
0x1612c,Poor
0x1612d,Standard
0x16136,Poor
0x16137,Poor
0x16138,Poor
0x16139,Poor
0x16142,Good
0x16143,Good
0x16144,Good
0x16145,Good
0x1614e,Good
0x1614f,Good
0x16150,Good
0x16151,Good
0x1615a,Good
0x1615b,Good
0x1615c,Standard
0x1615d,Standard
0x16166,Poor
0x16167,Poor
0x16168,Poor
0x16169,Poor
0x16172,Good
0x16173,Good
0x16174,Good
0x16175,Good
0x1617e,Poor
0x1617f,Poor
0x16180,Standard
0x16181,Standard
0x1618a,Good
0x1618b,Good
0x1618c,Good
0x1618d,Good
0x16196,Poor
0x16197,Poor
0x16198,Poor
0x16199,Poor
0x161a2,Good
0x161a3,Good
0x161a4,Good
0x161a5,Good
0x161ae,Good
0x161af,Standard
0x161b0,Good
0x161b1,Good
0x161ba,Standard
0x161bb,Standard
0x161bc,Standard
0x161bd,Standard
0x161c6,Poor
0x161c7,Poor
0x161c8,Poor
0x161c9,Poor
0x161d2,Poor
0x161d3,Poor
0x161d4,Poor
0x161d5,Poor
0x161de,Standard
0x161df,Poor
0x161e0,Poor
0x161e1,Poor
0x161ea,Poor
0x161eb,Poor
0x161ec,Poor
0x161ed,Poor
0x161f6,Good
0x161f7,Good
0x161f8,Good
0x161f9,Good
0x16202,Poor
0x16203,Standard
0x16204,Poor
0x16205,Poor
0x1620e,Good
0x1620f,Good
0x16210,Good
0x16211,Good
0x1621a,Good
0x1621b,Good
0x1621c,Good
0x1621d,Good
0x16226,Good
0x16227,Good
0x16228,Good
0x16229,Good
0x16232,Standard
0x16233,Standard
0x16234,Standard
0x16235,Standard
0x1623e,Standard
0x1623f,Poor
0x16240,Standard
0x16241,Standard
0x1624a,Standard
0x1624b,Standard
0x1624c,Standard
0x1624d,Standard
0x16256,Poor
0x16257,Poor
0x16258,Poor
0x16259,Poor
0x16262,Good
0x16263,Good
0x16264,Good
0x16265,Good
0x1626e,Poor
0x1626f,Poor
0x16270,Poor
0x16271,Poor
0x1627a,Good
0x1627b,Good
0x1627c,Good
0x1627d,Good
0x16286,Poor
0x16287,Poor
0x16288,Poor
0x16289,Poor
0x16292,Standard
0x16293,Poor
0x16294,Poor
0x16295,Poor
0x1629e,Standard
0x1629f,Good
0x162a0,Good
0x162a1,Good
0x162aa,Poor
0x162ab,Poor
0x162ac,Poor
0x162ad,Poor
0x162b6,Standard
0x162b7,Poor
0x162b8,Standard
0x162b9,Standard
0x162c2,Poor
0x162c3,Poor
0x162c4,Poor
0x162c5,Poor
0x162ce,Good
0x162cf,Good
0x162d0,Good
0x162d1,Good
0x162da,Standard
0x162db,Standard
0x162dc,Standard
0x162dd,Standard
0x162e6,Poor
0x162e7,Poor
0x162e8,Poor
0x162e9,Poor
0x162f2,Good
0x162f3,Good
0x162f4,Good
0x162f5,Good
0x162fe,Good
0x162ff,Good
0x16300,Good
0x16301,Good
0x1630a,Poor
0x1630b,Poor
0x1630c,Poor
0x1630d,Poor
0x16316,Good
0x16317,Good
0x16318,Good
0x16319,Good
0x16322,Good
0x16323,Good
0x16324,Good
0x16325,Good
0x1632e,Good
0x1632f,Good
0x16330,Good
0x16331,Good
0x1633a,Good
0x1633b,Good
0x1633c,Good
0x1633d,Good
0x16346,Good
0x16347,Good
0x16348,Good
0x16349,Good
0x16352,Good
0x16353,Good
0x16354,Good
0x16355,Good
0x1635e,Poor
0x1635f,Poor
0x16360,Standard
0x16361,Poor
0x1636a,Standard
0x1636b,Standard
0x1636c,Standard
0x1636d,Standard
0x16376,Good
0x16377,Good
0x16378,Good
0x16379,Good
0x16382,Good
0x16383,Standard
0x16384,Good
0x16385,Good
0x1638e,Good
0x1638f,Good
0x16390,Good
0x16391,Good
0x1639a,Good
0x1639b,Good
0x1639c,Good
0x1639d,Good
0x163a6,Good
0x163a7,Good
0x163a8,Good
0x163a9,Good
0x163b2,Good
0x163b3,Good
0x163b4,Good
0x163b5,Good
0x163be,Standard
0x163bf,Good
0x163c0,Good
0x163c1,Good
0x163ca,Standard
0x163cb,Poor
0x163cc,Poor
0x163cd,Poor
0x163d6,Poor
0x163d7,Poor
0x163d8,Poor
0x163d9,Poor
0x163e2,Good
0x163e3,Good
0x163e4,Good
0x163e5,Good
0x163ee,Standard
0x163ef,Standard
0x163f0,Standard
0x163f1,Standard
0x163fa,Good
0x163fb,Good
0x163fc,Good
0x163fd,Good
0x16406,Standard
0x16407,Standard
0x16408,Standard
0x16409,Standard
0x16412,Standard
0x16413,Standard
0x16414,Standard
0x16415,Standard
0x1641e,Poor
0x1641f,Poor
0x16420,Poor
0x16421,Poor
0x1642a,Good
0x1642b,Standard
0x1642c,Standard
0x1642d,Good
0x16436,Poor
0x16437,Poor
0x16438,Poor
0x16439,Poor
0x16442,Standard
0x16443,Standard
0x16444,Standard
0x16445,Standard
0x1644e,Poor
0x1644f,Poor
0x16450,Poor
0x16451,Poor
0x1645a,Poor
0x1645b,Poor
0x1645c,Poor
0x1645d,Poor
0x16466,Good
0x16467,Good
0x16468,Good
0x16469,Good
0x16472,Good
0x16473,Good
0x16474,Good
0x16475,Good
0x1647e,Standard
0x1647f,Standard
0x16480,Poor
0x16481,Poor
0x1648a,Poor
0x1648b,Poor
0x1648c,Poor
0x1648d,Poor
0x16496,Poor
0x16497,Standard
0x16498,Standard
0x16499,Standard
0x164a2,Good
0x164a3,Good
0x164a4,Good
0x164a5,Good
0x164ae,Good
0x164af,Good
0x164b0,Good
0x164b1,Good
0x164ba,Poor
0x164bb,Standard
0x164bc,Standard
0x164bd,Poor
0x164c6,Poor
0x164c7,Poor
0x164c8,Poor
0x164c9,Poor
0x164d2,Good
0x164d3,Good
0x164d4,Good
0x164d5,Good
0x164de,Good
0x164df,Good
0x164e0,Good
0x164e1,Good
0x164ea,Good
0x164eb,Standard
0x164ec,Standard
0x164ed,Standard
0x164f6,Good
0x164f7,Good
0x164f8,Good
0x164f9,Good
0x16502,Standard
0x16503,Standard
0x16504,Standard
0x16505,Standard
0x1650e,Good
0x1650f,Good
0x16510,Good
0x16511,Good
0x1651a,Poor
0x1651b,Poor
0x1651c,Poor
0x1651d,Poor
0x16526,Good
0x16527,Good
0x16528,Good
0x16529,Good
0x16532,Good
0x16533,Good
0x16534,Good
0x16535,Good
0x1653e,Standard
0x1653f,Standard
0x16540,Standard
0x16541,Standard
0x1654a,Standard
0x1654b,Standard
0x1654c,Standard
0x1654d,Standard
0x16556,Standard
0x16557,Standard
0x16558,Standard
0x16559,Standard
0x16562,Good
0x16563,Good
0x16564,Good
0x16565,Good
0x1656e,Standard
0x1656f,Standard
0x16570,Standard
0x16571,Standard
0x1657a,Poor
0x1657b,Poor
0x1657c,Poor
0x1657d,Poor
0x16586,Poor
0x16587,Poor
0x16588,Poor
0x16589,Poor
0x16592,Standard
0x16593,Standard
0x16594,Poor
0x16595,Standard
0x1659e,Poor
0x1659f,Standard
0x165a0,Standard
0x165a1,Standard
0x165aa,Good
0x165ab,Standard
0x165ac,Good
0x165ad,Good
0x165b6,Good
0x165b7,Good
0x165b8,Good
0x165b9,Good
0x165c2,Poor
0x165c3,Poor
0x165c4,Poor
0x165c5,Poor
0x165ce,Good
0x165cf,Good
0x165d0,Good
0x165d1,Good
0x165da,Poor
0x165db,Poor
0x165dc,Poor
0x165dd,Poor
0x165e6,Poor
0x165e7,Poor
0x165e8,Poor
0x165e9,Poor
0x165f2,Poor
0x165f3,Poor
0x165f4,Poor
0x165f5,Poor
0x165fe,Good
0x165ff,Good
0x16600,Good
0x16601,Good
0x1660a,Poor
0x1660b,Poor
0x1660c,Poor
0x1660d,Poor
0x16616,Standard
0x16617,Poor
0x16618,Standard
0x16619,Standard
0x16622,Standard
0x16623,Standard
0x16624,Standard
0x16625,Standard
0x1662e,Poor
0x1662f,Poor
0x16630,Poor
0x16631,Poor
0x1663a,Good
0x1663b,Good
0x1663c,Good
0x1663d,Good
0x16646,Good
0x16647,Good
0x16648,Good
0x16649,Good
0x16652,Standard
0x16653,Standard
0x16654,Standard
0x16655,Standard
0x1665e,Poor
0x1665f,Poor
0x16660,Poor
0x16661,Poor
0x1666a,Good
0x1666b,Good
0x1666c,Good
0x1666d,Good
0x16676,Poor
0x16677,Poor
0x16678,Poor
0x16679,Poor
0x16682,Good
0x16683,Good
0x16684,Standard
0x16685,Standard
0x1668e,Good
0x1668f,Good
0x16690,Good
0x16691,Good
0x1669a,Poor
0x1669b,Poor
0x1669c,Poor
0x1669d,Poor
0x166a6,Standard
0x166a7,Standard
0x166a8,Poor
0x166a9,Standard
0x166b2,Poor
0x166b3,Poor
0x166b4,Poor
0x166b5,Poor
0x166be,Good
0x166bf,Good
0x166c0,Good
0x166c1,Good
0x166ca,Poor
0x166cb,Poor
0x166cc,Poor
0x166cd,Poor
0x166d6,Good
0x166d7,Good
0x166d8,Good
0x166d9,Good
0x166e2,Poor
0x166e3,Poor
0x166e4,Poor
0x166e5,Poor
0x166ee,Standard
0x166ef,Standard
0x166f0,Standard
0x166f1,Standard
0x166fa,Poor
0x166fb,Standard
0x166fc,Standard
0x166fd,Standard
0x16706,Good
0x16707,Good
0x16708,Good
0x16709,Good
0x16712,Good
0x16713,Good
0x16714,Good
0x16715,Good
0x1671e,Poor
0x1671f,Poor
0x16720,Poor
0x16721,Poor
0x1672a,Good
0x1672b,Good
0x1672c,Good
0x1672d,Good
0x16736,Poor
0x16737,Poor
0x16738,Poor
0x16739,Poor
0x16742,Standard
0x16743,Standard
0x16744,Standard
0x16745,Standard
0x1674e,Standard
0x1674f,Standard
0x16750,Standard
0x16751,Standard
0x1675a,Good
0x1675b,Good
0x1675c,Good
0x1675d,Good
0x16766,Good
0x16767,Good
0x16768,Good
0x16769,Good
0x16772,Good
0x16773,Good
0x16774,Good
0x16775,Good
0x1677e,Poor
0x1677f,Poor
0x16780,Poor
0x16781,Poor
0x1678a,Good
0x1678b,Good
0x1678c,Standard
0x1678d,Good
0x16796,Poor
0x16797,Poor
0x16798,Poor
0x16799,Poor
0x167a2,Good
0x167a3,Good
0x167a4,Good
0x167a5,Good
0x167ae,Poor
0x167af,Standard
0x167b0,Poor
0x167b1,Poor
0x167ba,Poor
0x167bb,Poor
0x167bc,Poor
0x167bd,Poor
0x167c6,Poor
0x167c7,Poor
0x167c8,Poor
0x167c9,Poor
0x167d2,Poor
0x167d3,Poor
0x167d4,Poor
0x167d5,Poor
0x167de,Poor
0x167df,Poor
0x167e0,Poor
0x167e1,Poor
0x167ea,Good
0x167eb,Good
0x167ec,Good
0x167ed,Good
0x167f6,Good
0x167f7,Good
0x167f8,Good
0x167f9,Good
0x16802,Poor
0x16803,Poor
0x16804,Poor
0x16805,Poor
0x1680e,Good
0x1680f,Good
0x16810,Good
0x16811,Standard
0x1681a,Poor
0x1681b,Poor
0x1681c,Poor
0x1681d,Poor
0x16826,Good
0x16827,Standard
0x16828,Standard
0x16829,Standard
0x16832,Good
0x16833,Good
0x16834,Good
0x16835,Good
0x1683e,Good
0x1683f,Good
0x16840,Good
0x16841,Good
0x1684a,Poor
0x1684b,Poor
0x1684c,Poor
0x1684d,Poor
0x16856,Standard
0x16857,Standard
0x16858,Standard
0x16859,Poor
0x16862,Poor
0x16863,Standard
0x16864,Standard
0x16865,Poor
0x1686e,Good
0x1686f,Good
0x16870,Good
0x16871,Good
0x1687a,Poor
0x1687b,Poor
0x1687c,Poor
0x1687d,Poor
0x16886,Good
0x16887,Good
0x16888,Good
0x16889,Good
0x16892,Standard
0x16893,Standard
0x16894,Standard
0x16895,Standard
0x1689e,Standard
0x1689f,Poor
0x168a0,Poor
0x168a1,Poor
0x168aa,Poor
0x168ab,Poor
0x168ac,Poor
0x168ad,Poor
0x168b6,Poor
0x168b7,Poor
0x168b8,Poor
0x168b9,Poor
0x168c2,Good
0x168c3,Good
0x168c4,Good
0x168c5,Good
0x168ce,Good
0x168cf,Good
0x168d0,Good
0x168d1,Standard
0x168da,Standard
0x168db,Standard
0x168dc,Standard
0x168dd,Standard
0x168e6,Good
0x168e7,Good
0x168e8,Standard
0x168e9,Standard
0x168f2,Standard
0x168f3,Standard
0x168f4,Standard
0x168f5,Standard
0x168fe,Good
0x168ff,Good
0x16900,Good
0x16901,Good
0x1690a,Standard
0x1690b,Standard
0x1690c,Standard
0x1690d,Standard
0x16916,Poor
0x16917,Standard
0x16918,Poor
0x16919,Poor
0x16922,Standard
0x16923,Standard
0x16924,Poor
0x16925,Standard
0x1692e,Poor
0x1692f,Poor
0x16930,Poor
0x16931,Poor
0x1693a,Good
0x1693b,Good
0x1693c,Good
0x1693d,Good
0x16946,Poor
0x16947,Poor
0x16948,Poor
0x16949,Poor
0x16952,Good
0x16953,Good
0x16954,Good
0x16955,Good
0x1695e,Good
0x1695f,Good
0x16960,Good
0x16961,Good
0x1696a,Good
0x1696b,Good
0x1696c,Good
0x1696d,Good
0x16976,Poor
0x16977,Standard
0x16978,Standard
0x16979,Standard
0x16982,Poor
0x16983,Poor
0x16984,Poor
0x16985,Poor
0x1698e,Poor
0x1698f,Poor
0x16990,Poor
0x16991,Poor
0x1699a,Poor
0x1699b,Poor
0x1699c,Poor
0x1699d,Poor
0x169a6,Standard
0x169a7,Standard
0x169a8,Standard
0x169a9,Standard
0x169b2,Standard
0x169b3,Standard
0x169b4,Standard
0x169b5,Standard
0x169be,Poor
0x169bf,Poor
0x169c0,Standard
0x169c1,Poor
0x169ca,Good
0x169cb,Good
0x169cc,Good
0x169cd,Good
0x169d6,Good
0x169d7,Good
0x169d8,Good
0x169d9,Good
0x169e2,Standard
0x169e3,Standard
0x169e4,Poor
0x169e5,Standard
0x169ee,Poor
0x169ef,Poor
0x169f0,Poor
0x169f1,Poor
0x169fa,Poor
0x169fb,Poor
0x169fc,Poor
0x169fd,Poor
0x16a06,Good
0x16a07,Good
0x16a08,Good
0x16a09,Good
0x16a12,Good
0x16a13,Good
0x16a14,Good
0x16a15,Good
0x16a1e,Poor
0x16a1f,Poor
0x16a20,Poor
0x16a21,Poor
0x16a2a,Good
0x16a2b,Good
0x16a2c,Good
0x16a2d,Good
0x16a36,Standard
0x16a37,Standard
0x16a38,Standard
0x16a39,Standard
0x16a42,Standard
0x16a43,Standard
0x16a44,Standard
0x16a45,Standard
0x16a4e,Good
0x16a4f,Standard
0x16a50,Good
0x16a51,Good
0x16a5a,Good
0x16a5b,Good
0x16a5c,Good
0x16a5d,Good
0x16a66,Poor
0x16a67,Poor
0x16a68,Standard
0x16a69,Poor
0x16a72,Good
0x16a73,Good
0x16a74,Good
0x16a75,Good
0x16a7e,Poor
0x16a7f,Poor
0x16a80,Poor
0x16a81,Poor
0x16a8a,Standard
0x16a8b,Standard
0x16a8c,Standard
0x16a8d,Standard
0x16a96,Good
0x16a97,Good
0x16a98,Good
0x16a99,Good
0x16aa2,Poor
0x16aa3,Poor
0x16aa4,Poor
0x16aa5,Poor
0x16aae,Poor
0x16aaf,Poor
0x16ab0,Poor
0x16ab1,Poor
0x16aba,Poor
0x16abb,Poor
0x16abc,Poor
0x16abd,Poor
0x16ac6,Standard
0x16ac7,Standard
0x16ac8,Standard
0x16ac9,Good
0x16ad2,Poor
0x16ad3,Poor
0x16ad4,Poor
0x16ad5,Poor
0x16ade,Poor
0x16adf,Poor
0x16ae0,Poor
0x16ae1,Poor
0x16aea,Poor
0x16aeb,Poor
0x16aec,Poor
0x16aed,Poor
0x16af6,Good
0x16af7,Good
0x16af8,Good
0x16af9,Good
0x16b02,Poor
0x16b03,Standard
0x16b04,Poor
0x16b05,Poor
0x16b0e,Standard
0x16b0f,Standard
0x16b10,Poor
0x16b11,Standard
0x16b1a,Poor
0x16b1b,Poor
0x16b1c,Poor
0x16b1d,Poor
0x16b26,Standard
0x16b27,Standard
0x16b28,Standard
0x16b29,Standard
0x16b32,Poor
0x16b33,Poor
0x16b34,Poor
0x16b35,Poor
0x16b3e,Poor
0x16b3f,Poor
0x16b40,Poor
0x16b41,Poor
0x16b4a,Standard
0x16b4b,Standard
0x16b4c,Standard
0x16b4d,Standard
0x16b56,Good
0x16b57,Good
0x16b58,Good
0x16b59,Good
0x16b62,Good
0x16b63,Good
0x16b64,Good
0x16b65,Good
0x16b6e,Poor
0x16b6f,Poor
0x16b70,Poor
0x16b71,Poor
0x16b7a,Poor
0x16b7b,Poor
0x16b7c,Poor
0x16b7d,Poor
0x16b86,Good
0x16b87,Good
0x16b88,Standard
0x16b89,Good
0x16b92,Standard
0x16b93,Standard
0x16b94,Good
0x16b95,Standard
0x16b9e,Good
0x16b9f,Good
0x16ba0,Good
0x16ba1,Good
0x16baa,Standard
0x16bab,Standard
0x16bac,Standard
0x16bad,Standard
0x16bb6,Good
0x16bb7,Good
0x16bb8,Good
0x16bb9,Good
0x16bc2,Poor
0x16bc3,Poor
0x16bc4,Poor
0x16bc5,Poor
0x16bce,Standard
0x16bcf,Standard
0x16bd0,Standard
0x16bd1,Standard
0x16bda,Standard
0x16bdb,Standard
0x16bdc,Poor
0x16bdd,Standard
0x16be6,Standard
0x16be7,Standard
0x16be8,Standard
0x16be9,Standard
0x16bf2,Poor
0x16bf3,Poor
0x16bf4,Poor
0x16bf5,Poor
0x16bfe,Good
0x16bff,Good
0x16c00,Good
0x16c01,Good
0x16c0a,Poor
0x16c0b,Poor
0x16c0c,Poor
0x16c0d,Poor
0x16c16,Standard
0x16c17,Good
0x16c18,Good
0x16c19,Good
0x16c22,Standard
0x16c23,Good
0x16c24,Good
0x16c25,Good
0x16c2e,Good
0x16c2f,Good
0x16c30,Good
0x16c31,Good
0x16c3a,Good
0x16c3b,Good
0x16c3c,Good
0x16c3d,Good
0x16c46,Poor
0x16c47,Poor
0x16c48,Poor
0x16c49,Poor
0x16c52,Good
0x16c53,Good
0x16c54,Good
0x16c55,Good
0x16c5e,Poor
0x16c5f,Poor
0x16c60,Poor
0x16c61,Poor
0x16c6a,Good
0x16c6b,Good
0x16c6c,Good
0x16c6d,Good
0x16c76,Good
0x16c77,Good
0x16c78,Good
0x16c79,Good
0x16c82,Standard
0x16c83,Poor
0x16c84,Standard
0x16c85,Standard
0x16c8e,Good
0x16c8f,Good
0x16c90,Good
0x16c91,Good
0x16c9a,Good
0x16c9b,Good
0x16c9c,Good
0x16c9d,Good
0x16ca6,Poor
0x16ca7,Poor
0x16ca8,Poor
0x16ca9,Poor
0x16cb2,Poor
0x16cb3,Poor
0x16cb4,Poor
0x16cb5,Poor
0x16cbe,Standard
0x16cbf,Standard
0x16cc0,Standard
0x16cc1,Poor
0x16cca,Poor
0x16ccb,Poor
0x16ccc,Poor
0x16ccd,Poor
0x16cd6,Standard
0x16cd7,Standard
0x16cd8,Standard
0x16cd9,Standard
0x16ce2,Poor
0x16ce3,Poor
0x16ce4,Poor
0x16ce5,Poor
0x16cee,Standard
0x16cef,Standard
0x16cf0,Standard
0x16cf1,Standard
0x16cfa,Poor
0x16cfb,Poor
0x16cfc,Poor
0x16cfd,Poor
0x16d06,Poor
0x16d07,Poor
0x16d08,Poor
0x16d09,Poor
0x16d12,Standard
0x16d13,Poor
0x16d14,Standard
0x16d15,Standard
0x16d1e,Good
0x16d1f,Good
0x16d20,Good
0x16d21,Good
0x16d2a,Good
0x16d2b,Good
0x16d2c,Good
0x16d2d,Good
0x16d36,Standard
0x16d37,Standard
0x16d38,Standard
0x16d39,Standard
0x16d42,Standard
0x16d43,Standard
0x16d44,Standard
0x16d45,Standard
0x16d4e,Poor
0x16d4f,Standard
0x16d50,Poor
0x16d51,Poor
0x16d5a,Standard
0x16d5b,Standard
0x16d5c,Poor
0x16d5d,Poor
0x16d66,Standard
0x16d67,Standard
0x16d68,Standard
0x16d69,Standard
0x16d72,Poor
0x16d73,Poor
0x16d74,Poor
0x16d75,Poor
0x16d7e,Good
0x16d7f,Good
0x16d80,Good
0x16d81,Good
0x16d8a,Poor
0x16d8b,Poor
0x16d8c,Poor
0x16d8d,Poor
0x16d96,Poor
0x16d97,Poor
0x16d98,Poor
0x16d99,Poor
0x16da2,Poor
0x16da3,Poor
0x16da4,Poor
0x16da5,Poor
0x16dae,Standard
0x16daf,Good
0x16db0,Standard
0x16db1,Standard
0x16dba,Standard
0x16dbb,Standard
0x16dbc,Standard
0x16dbd,Standard
0x16dc6,Good
0x16dc7,Good
0x16dc8,Good
0x16dc9,Good
0x16dd2,Good
0x16dd3,Good
0x16dd4,Good
0x16dd5,Good
0x16dde,Good
0x16ddf,Good
0x16de0,Good
0x16de1,Standard
0x16dea,Poor
0x16deb,Poor
0x16dec,Poor
0x16ded,Poor
0x16df6,Poor
0x16df7,Poor
0x16df8,Poor
0x16df9,Poor
0x16e02,Poor
0x16e03,Poor
0x16e04,Poor
0x16e05,Poor
0x16e0e,Good
0x16e0f,Good
0x16e10,Good
0x16e11,Good
0x16e1a,Good
0x16e1b,Good
0x16e1c,Good
0x16e1d,Good
0x16e26,Good
0x16e27,Good
0x16e28,Good
0x16e29,Good
0x16e32,Good
0x16e33,Good
0x16e34,Good
0x16e35,Good
0x16e3e,Poor
0x16e3f,Poor
0x16e40,Poor
0x16e41,Poor
0x16e4a,Poor
0x16e4b,Poor
0x16e4c,Poor
0x16e4d,Poor
0x16e56,Standard
0x16e57,Standard
0x16e58,Standard
0x16e59,Standard
0x16e62,Good
0x16e63,Good
0x16e64,Good
0x16e65,Good
0x16e6e,Good
0x16e6f,Good
0x16e70,Good
0x16e71,Good
0x16e7a,Good
0x16e7b,Good
0x16e7c,Good
0x16e7d,Good
0x16e86,Good
0x16e87,Good
0x16e88,Good
0x16e89,Good
0x16e92,Poor
0x16e93,Poor
0x16e94,Poor
0x16e95,Poor
0x16e9e,Good
0x16e9f,Good
0x16ea0,Good
0x16ea1,Good
0x16eaa,Good
0x16eab,Standard
0x16eac,Standard
0x16ead,Good
0x16eb6,Good
0x16eb7,Good
0x16eb8,Good
0x16eb9,Good
0x16ec2,Poor
0x16ec3,Poor
0x16ec4,Poor
0x16ec5,Poor
0x16ece,Poor
0x16ecf,Poor
0x16ed0,Poor
0x16ed1,Poor
0x16eda,Poor
0x16edb,Poor
0x16edc,Poor
0x16edd,Poor
0x16ee6,Standard
0x16ee7,Standard
0x16ee8,Standard
0x16ee9,Standard
0x16ef2,Poor
0x16ef3,Poor
0x16ef4,Poor
0x16ef5,Poor
0x16efe,Poor
0x16eff,Poor
0x16f00,Poor
0x16f01,Poor
0x16f0a,Poor
0x16f0b,Poor
0x16f0c,Poor
0x16f0d,Poor
0x16f16,Good
0x16f17,Standard
0x16f18,Good
0x16f19,Good
0x16f22,Poor
0x16f23,Poor
0x16f24,Poor
0x16f25,Poor
0x16f2e,Poor
0x16f2f,Poor
0x16f30,Poor
0x16f31,Poor
0x16f3a,Standard
0x16f3b,Standard
0x16f3c,Standard
0x16f3d,Standard
0x16f46,Poor
0x16f47,Poor
0x16f48,Poor
0x16f49,Poor
0x16f52,Poor
0x16f53,Poor
0x16f54,Poor
0x16f55,Poor
0x16f5e,Poor
0x16f5f,Poor
0x16f60,Poor
0x16f61,Poor
0x16f6a,Standard
0x16f6b,Standard
0x16f6c,Standard
0x16f6d,Standard
0x16f76,Poor
0x16f77,Poor
0x16f78,Poor
0x16f79,Poor
0x16f82,Good
0x16f83,Good
0x16f84,Good
0x16f85,Good
0x16f8e,Good
0x16f8f,Good
0x16f90,Good
0x16f91,Good
0x16f9a,Good
0x16f9b,Standard
0x16f9c,Standard
0x16f9d,Good
0x16fa6,Poor
0x16fa7,Poor
0x16fa8,Poor
0x16fa9,Poor
0x16fb2,Standard
0x16fb3,Standard
0x16fb4,Poor
0x16fb5,Poor
0x16fbe,Good
0x16fbf,Good
0x16fc0,Good
0x16fc1,Good
0x16fca,Good
0x16fcb,Good
0x16fcc,Good
0x16fcd,Good
0x16fd6,Poor
0x16fd7,Standard
0x16fd8,Standard
0x16fd9,Poor
0x16fe2,Good
0x16fe3,Good
0x16fe4,Good
0x16fe5,Good
0x16fee,Poor
0x16fef,Poor
0x16ff0,Poor
0x16ff1,Poor
0x16ffa,Good
0x16ffb,Good
0x16ffc,Good
0x16ffd,Good
0x17006,Poor
0x17007,Poor
0x17008,Poor
0x17009,Poor
0x17012,Standard
0x17013,Poor
0x17014,Standard
0x17015,Poor
0x1701e,Poor
0x1701f,Poor
0x17020,Poor
0x17021,Poor
0x1702a,Good
0x1702b,Good
0x1702c,Good
0x1702d,Good
0x17036,Good
0x17037,Good
0x17038,Good
0x17039,Good
0x17042,Standard
0x17043,Standard
0x17044,Standard
0x17045,Standard
0x1704e,Poor
0x1704f,Poor
0x17050,Poor
0x17051,Poor
0x1705a,Poor
0x1705b,Poor
0x1705c,Poor
0x1705d,Poor
0x17066,Good
0x17067,Good
0x17068,Good
0x17069,Good
0x17072,Good
0x17073,Good
0x17074,Good
0x17075,Good
0x1707e,Poor
0x1707f,Poor
0x17080,Poor
0x17081,Poor
0x1708a,Good
0x1708b,Good
0x1708c,Good
0x1708d,Good
0x17096,Standard
0x17097,Standard
0x17098,Standard
0x17099,Standard
0x170a2,Poor
0x170a3,Poor
0x170a4,Poor
0x170a5,Poor
0x170ae,Poor
0x170af,Poor
0x170b0,Poor
0x170b1,Poor
0x170ba,Good
0x170bb,Good
0x170bc,Good
0x170bd,Good
0x170c6,Good
0x170c7,Good
0x170c8,Good
0x170c9,Good
0x170d2,Good
0x170d3,Poor
0x170d4,Standard
0x170d5,Poor
0x170de,Good
0x170df,Good
0x170e0,Good
0x170e1,Good
0x170ea,Poor
0x170eb,Poor
0x170ec,Poor
0x170ed,Poor
0x170f6,Good
0x170f7,Good
0x170f8,Good
0x170f9,Good
0x17102,Standard
0x17103,Standard
0x17104,Standard
0x17105,Standard
0x1710e,Poor
0x1710f,Poor
0x17110,Poor
0x17111,Poor
0x1711a,Poor
0x1711b,Poor
0x1711c,Poor
0x1711d,Poor
0x17126,Poor
0x17127,Poor
0x17128,Poor
0x17129,Poor
0x17132,Good
0x17133,Good
0x17134,Good
0x17135,Good
0x1713e,Good
0x1713f,Good
0x17140,Good
0x17141,Good
0x1714a,Good
0x1714b,Good
0x1714c,Good
0x1714d,Good
0x17156,Good
0x17157,Good
0x17158,Good
0x17159,Good
0x17162,Poor
0x17163,Poor
0x17164,Poor
0x17165,Poor
0x1716e,Standard
0x1716f,Standard
0x17170,Standard
0x17171,Standard
0x1717a,Standard
0x1717b,Good
0x1717c,Good
0x1717d,Good
0x17186,Standard
0x17187,Standard
0x17188,Poor
0x17189,Poor
0x17192,Standard
0x17193,Standard
0x17194,Poor
0x17195,Poor
0x1719e,Poor
0x1719f,Poor
0x171a0,Poor
0x171a1,Poor
0x171aa,Standard
0x171ab,Poor
0x171ac,Standard
0x171ad,Standard
0x171b6,Good
0x171b7,Good
0x171b8,Good
0x171b9,Good
0x171c2,Good
0x171c3,Standard
0x171c4,Standard
0x171c5,Standard
0x171ce,Good
0x171cf,Good
0x171d0,Good
0x171d1,Good
0x171da,Standard
0x171db,Standard
0x171dc,Standard
0x171dd,Standard
0x171e6,Poor
0x171e7,Poor
0x171e8,Poor
0x171e9,Poor
0x171f2,Standard
0x171f3,Standard
0x171f4,Standard
0x171f5,Standard
0x171fe,Poor
0x171ff,Poor
0x17200,Poor
0x17201,Poor
0x1720a,Poor
0x1720b,Poor
0x1720c,Poor
0x1720d,Poor
0x17216,Good
0x17217,Good
0x17218,Good
0x17219,Good
0x17222,Poor
0x17223,Poor
0x17224,Poor
0x17225,Poor
0x1722e,Good
0x1722f,Good
0x17230,Good
0x17231,Good
0x1723a,Good
0x1723b,Good
0x1723c,Good
0x1723d,Good
0x17246,Good
0x17247,Good
0x17248,Good
0x17249,Good
0x17252,Standard
0x17253,Standard
0x17254,Standard
0x17255,Standard
0x1725e,Good
0x1725f,Good
0x17260,Good
0x17261,Good
0x1726a,Standard
0x1726b,Standard
0x1726c,Standard
0x1726d,Standard
0x17276,Poor
0x17277,Poor
0x17278,Poor
0x17279,Poor
0x17282,Good
0x17283,Good
0x17284,Good
0x17285,Good
0x1728e,Standard
0x1728f,Standard
0x17290,Standard
0x17291,Standard
0x1729a,Good
0x1729b,Good
0x1729c,Good
0x1729d,Good
0x172a6,Good
0x172a7,Good
0x172a8,Good
0x172a9,Good
0x172b2,Good
0x172b3,Good
0x172b4,Good
0x172b5,Good
0x172be,Good
0x172bf,Good
0x172c0,Good
0x172c1,Good
0x172ca,Poor
0x172cb,Poor
0x172cc,Poor
0x172cd,Poor
0x172d6,Good
0x172d7,Good
0x172d8,Good
0x172d9,Good
0x172e2,Good
0x172e3,Good
0x172e4,Good
0x172e5,Good
0x172ee,Standard
0x172ef,Standard
0x172f0,Standard
0x172f1,Standard
0x172fa,Standard
0x172fb,Standard
0x172fc,Standard
0x172fd,Standard
0x17306,Standard
0x17307,Poor
0x17308,Poor
0x17309,Standard
0x17312,Poor
0x17313,Poor
0x17314,Poor
0x17315,Poor
0x1731e,Good
0x1731f,Good
0x17320,Good
0x17321,Good
0x1732a,Poor
0x1732b,Poor
0x1732c,Poor
0x1732d,Poor
0x17336,Good
0x17337,Good
0x17338,Good
0x17339,Good
0x17342,Good
0x17343,Good
0x17344,Good
0x17345,Good
0x1734e,Standard
0x1734f,Standard
0x17350,Standard
0x17351,Poor
0x1735a,Good
0x1735b,Good
0x1735c,Good
0x1735d,Good
0x17366,Good
0x17367,Good
0x17368,Good
0x17369,Standard
0x17372,Good
0x17373,Good
0x17374,Good
0x17375,Good
0x1737e,Poor
0x1737f,Poor
0x17380,Poor
0x17381,Poor
0x1738a,Good
0x1738b,Good
0x1738c,Good
0x1738d,Good
0x17396,Good
0x17397,Good
0x17398,Good
0x17399,Good
0x173a2,Poor
0x173a3,Standard
0x173a4,Standard
0x173a5,Poor
0x173ae,Standard
0x173af,Good
0x173b0,Good
0x173b1,Standard
0x173ba,Good
0x173bb,Good
0x173bc,Good
0x173bd,Good
0x173c6,Good
0x173c7,Good
0x173c8,Good
0x173c9,Good
0x173d2,Poor
0x173d3,Poor
0x173d4,Poor
0x173d5,Poor
0x173de,Good
0x173df,Good
0x173e0,Good
0x173e1,Good
0x173ea,Standard
0x173eb,Standard
0x173ec,Standard
0x173ed,Standard
0x173f6,Good
0x173f7,Good
0x173f8,Good
0x173f9,Standard
0x17402,Poor
0x17403,Standard
0x17404,Poor
0x17405,Poor
0x1740e,Poor
0x1740f,Poor
0x17410,Poor
0x17411,Poor
0x1741a,Good
0x1741b,Good
0x1741c,Good
0x1741d,Good
0x17426,Poor
0x17427,Poor
0x17428,Poor
0x17429,Poor
0x17432,Standard
0x17433,Standard
0x17434,Standard
0x17435,Standard
0x1743e,Good
0x1743f,Good
0x17440,Good
0x17441,Good
0x1744a,Good
0x1744b,Standard
0x1744c,Good
0x1744d,Standard
0x17456,Poor
0x17457,Poor
0x17458,Poor
0x17459,Poor
0x17462,Good
0x17463,Good
0x17464,Good
0x17465,Good
0x1746e,Standard
0x1746f,Good
0x17470,Standard
0x17471,Good
0x1747a,Good
0x1747b,Good
0x1747c,Good
0x1747d,Good
0x17486,Good
0x17487,Good
0x17488,Good
0x17489,Good
0x17492,Good
0x17493,Good
0x17494,Good
0x17495,Good
0x1749e,Good
0x1749f,Good
0x174a0,Good
0x174a1,Good
0x174aa,Good
0x174ab,Good
0x174ac,Good
0x174ad,Good
0x174b6,Good
0x174b7,Good
0x174b8,Good
0x174b9,Standard
0x174c2,Standard
0x174c3,Poor
0x174c4,Standard
0x174c5,Standard
0x174ce,Poor
0x174cf,Standard
0x174d0,Poor
0x174d1,Poor
0x174da,Poor
0x174db,Poor
0x174dc,Poor
0x174dd,Poor
0x174e6,Standard
0x174e7,Poor
0x174e8,Poor
0x174e9,Standard
0x174f2,Poor
0x174f3,Standard
0x174f4,Standard
0x174f5,Standard
0x174fe,Standard
0x174ff,Standard
0x17500,Standard
0x17501,Standard
0x1750a,Poor
0x1750b,Poor
0x1750c,Poor
0x1750d,Poor
0x17516,Standard
0x17517,Standard
0x17518,Standard
0x17519,Standard
0x17522,Good
0x17523,Good
0x17524,Good
0x17525,Good
0x1752e,Poor
0x1752f,Poor
0x17530,Poor
0x17531,Poor
0x1753a,Good
0x1753b,Good
0x1753c,Good
0x1753d,Good
0x17546,Good
0x17547,Good
0x17548,Good
0x17549,Good
0x17552,Poor
0x17553,Poor
0x17554,Poor
0x17555,Poor
0x1755e,Poor
0x1755f,Poor
0x17560,Poor
0x17561,Poor
0x1756a,Standard
0x1756b,Standard
0x1756c,Standard
0x1756d,Standard
0x17576,Poor
0x17577,Poor
0x17578,Poor
0x17579,Poor
0x17582,Good
0x17583,Good
0x17584,Good
0x17585,Good
0x1758e,Standard
0x1758f,Poor
0x17590,Poor
0x17591,Poor
0x1759a,Poor
0x1759b,Poor
0x1759c,Poor
0x1759d,Poor
0x175a6,Good
0x175a7,Good
0x175a8,Good
0x175a9,Good
0x175b2,Good
0x175b3,Good
0x175b4,Good
0x175b5,Good
0x175be,Standard
0x175bf,Poor
0x175c0,Standard
0x175c1,Standard
0x175ca,Poor
0x175cb,Poor
0x175cc,Poor
0x175cd,Poor
0x175d6,Poor
0x175d7,Poor
0x175d8,Poor
0x175d9,Standard
0x175e2,Standard
0x175e3,Poor
0x175e4,Poor
0x175e5,Poor
0x175ee,Good
0x175ef,Good
0x175f0,Good
0x175f1,Good
0x175fa,Standard
0x175fb,Good
0x175fc,Good
0x175fd,Good
0x17606,Standard
0x17607,Poor
0x17608,Poor
0x17609,Poor
0x17612,Standard
0x17613,Standard
0x17614,Standard
0x17615,Standard
0x1761e,Poor
0x1761f,Poor
0x17620,Poor
0x17621,Poor
0x1762a,Good
0x1762b,Good
0x1762c,Good
0x1762d,Good
0x17636,Good
0x17637,Good
0x17638,Good
0x17639,Good
0x17642,Good
0x17643,Good
0x17644,Good
0x17645,Good
0x1764e,Good
0x1764f,Good
0x17650,Good
0x17651,Good
0x1765a,Good
0x1765b,Good
0x1765c,Good
0x1765d,Good
0x17666,Good
0x17667,Good
0x17668,Good
0x17669,Good
0x17672,Poor
0x17673,Poor
0x17674,Poor
0x17675,Poor
0x1767e,Good
0x1767f,Good
0x17680,Good
0x17681,Good
0x1768a,Poor
0x1768b,Poor
0x1768c,Poor
0x1768d,Poor
0x17696,Poor
0x17697,Poor
0x17698,Poor
0x17699,Poor
0x176a2,Standard
0x176a3,Standard
0x176a4,Standard
0x176a5,Standard
0x176ae,Good
0x176af,Good
0x176b0,Good
0x176b1,Good
0x176ba,Poor
0x176bb,Poor
0x176bc,Poor
0x176bd,Poor
0x176c6,Good
0x176c7,Good
0x176c8,Good
0x176c9,Good
0x176d2,Standard
0x176d3,Standard
0x176d4,Standard
0x176d5,Standard
0x176de,Standard
0x176df,Standard
0x176e0,Standard
0x176e1,Standard
0x176ea,Standard
0x176eb,Standard
0x176ec,Standard
0x176ed,Standard
0x176f6,Standard
0x176f7,Standard
0x176f8,Standard
0x176f9,Standard
0x17702,Poor
0x17703,Poor
0x17704,Poor
0x17705,Poor
0x1770e,Standard
0x1770f,Poor
0x17710,Poor
0x17711,Poor
0x1771a,Standard
0x1771b,Standard
0x1771c,Standard
0x1771d,Standard
0x17726,Good
0x17727,Good
0x17728,Good
0x17729,Good
0x17732,Poor
0x17733,Poor
0x17734,Poor
0x17735,Poor
0x1773e,Standard
0x1773f,Standard
0x17740,Standard
0x17741,Standard
0x1774a,Good
0x1774b,Standard
0x1774c,Good
0x1774d,Good
0x17756,Poor
0x17757,Poor
0x17758,Poor
0x17759,Poor
0x17762,Good
0x17763,Good
0x17764,Good
0x17765,Standard
0x1776e,Good
0x1776f,Good
0x17770,Good
0x17771,Good
0x1777a,Good
0x1777b,Good
0x1777c,Good
0x1777d,Good
0x17786,Poor
0x17787,Poor
0x17788,Poor
0x17789,Poor
0x17792,Good
0x17793,Standard
0x17794,Standard
0x17795,Good
0x1779e,Good
0x1779f,Good
0x177a0,Good
0x177a1,Good
0x177aa,Good
0x177ab,Good
0x177ac,Good
0x177ad,Good
0x177b6,Good
0x177b7,Good
0x177b8,Good
0x177b9,Good
0x177c2,Poor
0x177c3,Poor
0x177c4,Poor
0x177c5,Poor
0x177ce,Good
0x177cf,Good
0x177d0,Good
0x177d1,Good
0x177da,Poor
0x177db,Poor
0x177dc,Poor
0x177dd,Poor
0x177e6,Standard
0x177e7,Standard
0x177e8,Standard
0x177e9,Standard
0x177f2,Good
0x177f3,Good
0x177f4,Good
0x177f5,Good
0x177fe,Poor
0x177ff,Poor
0x17800,Poor
0x17801,Poor
0x1780a,Poor
0x1780b,Poor
0x1780c,Poor
0x1780d,Poor
0x17816,Good
0x17817,Good
0x17818,Good
0x17819,Good
0x17822,Poor
0x17823,Standard
0x17824,Standard
0x17825,Standard
0x1782e,Standard
0x1782f,Standard
0x17830,Standard
0x17831,Good
0x1783a,Poor
0x1783b,Poor
0x1783c,Poor
0x1783d,Poor
0x17846,Good
0x17847,Good
0x17848,Good
0x17849,Good
0x17852,Poor
0x17853,Poor
0x17854,Poor
0x17855,Poor
0x1785e,Poor
0x1785f,Poor
0x17860,Poor
0x17861,Poor
0x1786a,Poor
0x1786b,Poor
0x1786c,Poor
0x1786d,Poor
0x17876,Good
0x17877,Good
0x17878,Good
0x17879,Good
0x17882,Standard
0x17883,Poor
0x17884,Poor
0x17885,Poor
0x1788e,Standard
0x1788f,Standard
0x17890,Standard
0x17891,Standard
0x1789a,Poor
0x1789b,Poor
0x1789c,Poor
0x1789d,Poor
0x178a6,Good
0x178a7,Good
0x178a8,Good
0x178a9,Good
0x178b2,Standard
0x178b3,Standard
0x178b4,Poor
0x178b5,Good
0x178be,Good
0x178bf,Good
0x178c0,Good
0x178c1,Good
0x178ca,Standard
0x178cb,Good
0x178cc,Good
0x178cd,Good
0x178d6,Standard
0x178d7,Standard
0x178d8,Standard
0x178d9,Standard
0x178e2,Good
0x178e3,Good
0x178e4,Good
0x178e5,Good
0x178ee,Poor
0x178ef,Poor
0x178f0,Poor
0x178f1,Poor
0x178fa,Standard
0x178fb,Standard
0x178fc,Standard
0x178fd,Standard
0x17906,Standard
0x17907,Good
0x17908,Good
0x17909,Good
0x17912,Standard
0x17913,Standard
0x17914,Standard
0x17915,Standard
0x1791e,Good
0x1791f,Good
0x17920,Good
0x17921,Good
0x1792a,Good
0x1792b,Good
0x1792c,Good
0x1792d,Good
0x17936,Good
0x17937,Good
0x17938,Good
0x17939,Good
0x17942,Good
0x17943,Standard
0x17944,Good
0x17945,Good
0x1794e,Poor
0x1794f,Poor
0x17950,Poor
0x17951,Poor
0x1795a,Poor
0x1795b,Poor
0x1795c,Poor
0x1795d,Poor
0x17966,Good
0x17967,Good
0x17968,Good
0x17969,Good
0x17972,Poor
0x17973,Poor
0x17974,Poor
0x17975,Poor
0x1797e,Good
0x1797f,Good
0x17980,Standard
0x17981,Good
0x1798a,Standard
0x1798b,Standard
0x1798c,Standard
0x1798d,Standard
0x17996,Good
0x17997,Good
0x17998,Good
0x17999,Good
0x179a2,Good
0x179a3,Good
0x179a4,Good
0x179a5,Good
0x179ae,Poor
0x179af,Poor
0x179b0,Poor
0x179b1,Poor
0x179ba,Good
0x179bb,Good
0x179bc,Good
0x179bd,Good
0x179c6,Poor
0x179c7,Poor
0x179c8,Poor
0x179c9,Poor
0x179d2,Poor
0x179d3,Poor
0x179d4,Poor
0x179d5,Poor
0x179de,Standard
0x179df,Standard
0x179e0,Poor
0x179e1,Standard
0x179ea,Poor
0x179eb,Poor
0x179ec,Poor
0x179ed,Poor
0x179f6,Standard
0x179f7,Standard
0x179f8,Good
0x179f9,Standard
0x17a02,Good
0x17a03,Good
0x17a04,Good
0x17a05,Standard
0x17a0e,Good
0x17a0f,Good
0x17a10,Good
0x17a11,Good
0x17a1a,Poor
0x17a1b,Poor
0x17a1c,Poor
0x17a1d,Poor
0x17a26,Good
0x17a27,Good
0x17a28,Good
0x17a29,Good
0x17a32,Poor
0x17a33,Poor
0x17a34,Poor
0x17a35,Poor
0x17a3e,Standard
0x17a3f,Poor
0x17a40,Standard
0x17a41,Poor
0x17a4a,Good
0x17a4b,Good
0x17a4c,Good
0x17a4d,Good
0x17a56,Good
0x17a57,Good
0x17a58,Standard
0x17a59,Good
0x17a62,Poor
0x17a63,Poor
0x17a64,Poor
0x17a65,Poor
0x17a6e,Poor
0x17a6f,Poor
0x17a70,Poor
0x17a71,Poor
0x17a7a,Poor
0x17a7b,Standard
0x17a7c,Standard
0x17a7d,Standard
0x17a86,Good
0x17a87,Good
0x17a88,Good
0x17a89,Good
0x17a92,Good
0x17a93,Good
0x17a94,Good
0x17a95,Good
0x17a9e,Good
0x17a9f,Good
0x17aa0,Good
0x17aa1,Good
0x17aaa,Poor
0x17aab,Poor
0x17aac,Poor
0x17aad,Poor
0x17ab6,Good
0x17ab7,Good
0x17ab8,Good
0x17ab9,Good
0x17ac2,Poor
0x17ac3,Standard
0x17ac4,Poor
0x17ac5,Poor
0x17ace,Good
0x17acf,Good
0x17ad0,Good
0x17ad1,Good
0x17ada,Poor
0x17adb,Poor
0x17adc,Poor
0x17add,Poor
0x17ae6,Good
0x17ae7,Good
0x17ae8,Good
0x17ae9,Good
0x17af2,Good
0x17af3,Good
0x17af4,Good
0x17af5,Good
0x17afe,Good
0x17aff,Good
0x17b00,Good
0x17b01,Good
0x17b0a,Good
0x17b0b,Good
0x17b0c,Good
0x17b0d,Good
0x17b16,Good
0x17b17,Good
0x17b18,Good
0x17b19,Good
0x17b22,Poor
0x17b23,Poor
0x17b24,Poor
0x17b25,Poor
0x17b2e,Good
0x17b2f,Good
0x17b30,Good
0x17b31,Good
0x17b3a,Poor
0x17b3b,Poor
0x17b3c,Poor
0x17b3d,Poor
0x17b46,Good
0x17b47,Good
0x17b48,Good
0x17b49,Good
0x17b52,Poor
0x17b53,Poor
0x17b54,Poor
0x17b55,Poor
0x17b5e,Standard
0x17b5f,Good
0x17b60,Standard
0x17b61,Standard
0x17b6a,Good
0x17b6b,Good
0x17b6c,Good
0x17b6d,Good
0x17b76,Good
0x17b77,Good
0x17b78,Good
0x17b79,Good
0x17b82,Good
0x17b83,Good
0x17b84,Good
0x17b85,Good
0x17b8e,Standard
0x17b8f,Standard
0x17b90,Standard
0x17b91,Standard
0x17b9a,Poor
0x17b9b,Poor
0x17b9c,Poor
0x17b9d,Poor
0x17ba6,Good
0x17ba7,Good
0x17ba8,Good
0x17ba9,Good
0x17bb2,Good
0x17bb3,Good
0x17bb4,Good
0x17bb5,Good
0x17bbe,Poor
0x17bbf,Poor
0x17bc0,Poor
0x17bc1,Poor
0x17bca,Poor
0x17bcb,Poor
0x17bcc,Poor
0x17bcd,Poor
0x17bd6,Poor
0x17bd7,Poor
0x17bd8,Poor
0x17bd9,Poor
0x17be2,Poor
0x17be3,Poor
0x17be4,Poor
0x17be5,Poor
0x17bee,Poor
0x17bef,Standard
0x17bf0,Poor
0x17bf1,Poor
0x17bfa,Good
0x17bfb,Good
0x17bfc,Good
0x17bfd,Good
0x17c06,Good
0x17c07,Good
0x17c08,Good
0x17c09,Standard
0x17c12,Good
0x17c13,Good
0x17c14,Good
0x17c15,Good
0x17c1e,Good
0x17c1f,Good
0x17c20,Good
0x17c21,Good
0x17c2a,Good
0x17c2b,Good
0x17c2c,Good
0x17c2d,Good
0x17c36,Good
0x17c37,Good
0x17c38,Good
0x17c39,Good
0x17c42,Poor
0x17c43,Poor
0x17c44,Poor
0x17c45,Poor
0x17c4e,Poor
0x17c4f,Poor
0x17c50,Poor
0x17c51,Poor
0x17c5a,Poor
0x17c5b,Poor
0x17c5c,Poor
0x17c5d,Poor
0x17c66,Poor
0x17c67,Poor
0x17c68,Poor
0x17c69,Poor
0x17c72,Good
0x17c73,Good
0x17c74,Good
0x17c75,Good
0x17c7e,Standard
0x17c7f,Standard
0x17c80,Standard
0x17c81,Standard
0x17c8a,Standard
0x17c8b,Standard
0x17c8c,Standard
0x17c8d,Standard
0x17c96,Good
0x17c97,Good
0x17c98,Good
0x17c99,Good
0x17ca2,Good
0x17ca3,Good
0x17ca4,Good
0x17ca5,Good
0x17cae,Standard
0x17caf,Standard
0x17cb0,Standard
0x17cb1,Standard
0x17cba,Good
0x17cbb,Good
0x17cbc,Good
0x17cbd,Good
0x17cc6,Good
0x17cc7,Good
0x17cc8,Good
0x17cc9,Good
0x17cd2,Poor
0x17cd3,Poor
0x17cd4,Poor
0x17cd5,Poor
0x17cde,Good
0x17cdf,Poor
0x17ce0,Good
0x17ce1,Good
0x17cea,Poor
0x17ceb,Poor
0x17cec,Poor
0x17ced,Poor
0x17cf6,Poor
0x17cf7,Poor
0x17cf8,Poor
0x17cf9,Poor
0x17d02,Standard
0x17d03,Poor
0x17d04,Standard
0x17d05,Standard
0x17d0e,Poor
0x17d0f,Poor
0x17d10,Poor
0x17d11,Poor
0x17d1a,Standard
0x17d1b,Standard
0x17d1c,Poor
0x17d1d,Poor
0x17d26,Poor
0x17d27,Poor
0x17d28,Poor
0x17d29,Standard
0x17d32,Poor
0x17d33,Poor
0x17d34,Poor
0x17d35,Poor
0x17d3e,Poor
0x17d3f,Poor
0x17d40,Poor
0x17d41,Poor
0x17d4a,Poor
0x17d4b,Poor
0x17d4c,Poor
0x17d4d,Poor
0x17d56,Good
0x17d57,Good
0x17d58,Good
0x17d59,Good
0x17d62,Poor
0x17d63,Poor
0x17d64,Poor
0x17d65,Poor
0x17d6e,Good
0x17d6f,Good
0x17d70,Good
0x17d71,Good
0x17d7a,Standard
0x17d7b,Standard
0x17d7c,Standard
0x17d7d,Standard
0x17d86,Standard
0x17d87,Standard
0x17d88,Standard
0x17d89,Standard
0x17d92,Good
0x17d93,Good
0x17d94,Good
0x17d95,Good
0x17d9e,Poor
0x17d9f,Poor
0x17da0,Poor
0x17da1,Poor
0x17daa,Standard
0x17dab,Poor
0x17dac,Standard
0x17dad,Standard
0x17db6,Good
0x17db7,Good
0x17db8,Good
0x17db9,Good
0x17dc2,Good
0x17dc3,Good
0x17dc4,Good
0x17dc5,Good
0x17dce,Poor
0x17dcf,Poor
0x17dd0,Poor
0x17dd1,Poor
0x17dda,Good
0x17ddb,Good
0x17ddc,Good
0x17ddd,Good
0x17de6,Poor
0x17de7,Poor
0x17de8,Poor
0x17de9,Poor
0x17df2,Good
0x17df3,Good
0x17df4,Standard
0x17df5,Good
0x17dfe,Good
0x17dff,Good
0x17e00,Good
0x17e01,Good
0x17e0a,Good
0x17e0b,Good
0x17e0c,Good
0x17e0d,Good
0x17e16,Poor
0x17e17,Poor
0x17e18,Poor
0x17e19,Poor
0x17e22,Poor
0x17e23,Poor
0x17e24,Poor
0x17e25,Poor
0x17e2e,Standard
0x17e2f,Poor
0x17e30,Poor
0x17e31,Poor
0x17e3a,Good
0x17e3b,Good
0x17e3c,Good
0x17e3d,Good
0x17e46,Good
0x17e47,Good
0x17e48,Good
0x17e49,Good
0x17e52,Standard
0x17e53,Standard
0x17e54,Standard
0x17e55,Standard
0x17e5e,Poor
0x17e5f,Poor
0x17e60,Poor
0x17e61,Poor
0x17e6a,Standard
0x17e6b,Standard
0x17e6c,Standard
0x17e6d,Standard
0x17e76,Poor
0x17e77,Poor
0x17e78,Poor
0x17e79,Poor
0x17e82,Poor
0x17e83,Poor
0x17e84,Poor
0x17e85,Poor
0x17e8e,Good
0x17e8f,Good
0x17e90,Good
0x17e91,Good
0x17e9a,Poor
0x17e9b,Standard
0x17e9c,Standard
0x17e9d,Standard
0x17ea6,Good
0x17ea7,Good
0x17ea8,Good
0x17ea9,Good
0x17eb2,Good
0x17eb3,Good
0x17eb4,Good
0x17eb5,Good
0x17ebe,Standard
0x17ebf,Standard
0x17ec0,Poor
0x17ec1,Standard
0x17eca,Standard
0x17ecb,Standard
0x17ecc,Poor
0x17ecd,Standard
0x17ed6,Poor
0x17ed7,Poor
0x17ed8,Poor
0x17ed9,Poor
0x17ee2,Poor
0x17ee3,Poor
0x17ee4,Poor
0x17ee5,Poor
0x17eee,Standard
0x17eef,Standard
0x17ef0,Standard
0x17ef1,Standard
0x17efa,Poor
0x17efb,Poor
0x17efc,Poor
0x17efd,Poor
0x17f06,Good
0x17f07,Good
0x17f08,Good
0x17f09,Good
0x17f12,Standard
0x17f13,Standard
0x17f14,Standard
0x17f15,Standard
0x17f1e,Good
0x17f1f,Good
0x17f20,Good
0x17f21,Standard
0x17f2a,Good
0x17f2b,Good
0x17f2c,Good
0x17f2d,Good
0x17f36,Poor
0x17f37,Poor
0x17f38,Poor
0x17f39,Poor
0x17f42,Poor
0x17f43,Poor
0x17f44,Poor
0x17f45,Poor
0x17f4e,Good
0x17f4f,Good
0x17f50,Good
0x17f51,Good
0x17f5a,Good
0x17f5b,Good
0x17f5c,Good
0x17f5d,Good
0x17f66,Good
0x17f67,Good
0x17f68,Good
0x17f69,Good
0x17f72,Good
0x17f73,Good
0x17f74,Good
0x17f75,Good
0x17f7e,Good
0x17f7f,Good
0x17f80,Good
0x17f81,Good
0x17f8a,Good
0x17f8b,Good
0x17f8c,Good
0x17f8d,Good
0x17f96,Good
0x17f97,Good
0x17f98,Good
0x17f99,Good
0x17fa2,Standard
0x17fa3,Standard
0x17fa4,Standard
0x17fa5,Standard
0x17fae,Poor
0x17faf,Poor
0x17fb0,Poor
0x17fb1,Poor
0x17fba,Poor
0x17fbb,Poor
0x17fbc,Poor
0x17fbd,Poor
0x17fc6,Standard
0x17fc7,Standard
0x17fc8,Poor
0x17fc9,Standard
0x17fd2,Standard
0x17fd3,Standard
0x17fd4,Standard
0x17fd5,Standard
0x17fde,Poor
0x17fdf,Poor
0x17fe0,Poor
0x17fe1,Poor
0x17fea,Poor
0x17feb,Poor
0x17fec,Poor
0x17fed,Poor
0x17ff6,Good
0x17ff7,Good
0x17ff8,Good
0x17ff9,Good
0x18002,Poor
0x18003,Poor
0x18004,Poor
0x18005,Poor
0x1800e,Poor
0x1800f,Poor
0x18010,Poor
0x18011,Poor
0x1801a,Good
0x1801b,Good
0x1801c,Good
0x1801d,Good
0x18026,Standard
0x18027,Good
0x18028,Good
0x18029,Good
0x18032,Poor
0x18033,Poor
0x18034,Poor
0x18035,Poor
0x1803e,Poor
0x1803f,Poor
0x18040,Poor
0x18041,Poor
0x1804a,Good
0x1804b,Good
0x1804c,Good
0x1804d,Good
0x18056,Poor
0x18057,Poor
0x18058,Poor
0x18059,Poor
0x18062,Standard
0x18063,Standard
0x18064,Standard
0x18065,Standard
0x1806e,Good
0x1806f,Good
0x18070,Good
0x18071,Good
0x1807a,Good
0x1807b,Good
0x1807c,Good
0x1807d,Good
0x18086,Good
0x18087,Good
0x18088,Good
0x18089,Good
0x18092,Poor
0x18093,Standard
0x18094,Standard
0x18095,Standard
0x1809e,Poor
0x1809f,Poor
0x180a0,Poor
0x180a1,Poor
0x180aa,Good
0x180ab,Good
0x180ac,Good
0x180ad,Good
0x180b6,Poor
0x180b7,Poor
0x180b8,Poor
0x180b9,Poor
0x180c2,Standard
0x180c3,Standard
0x180c4,Standard
0x180c5,Standard
0x180ce,Good
0x180cf,Good
0x180d0,Good
0x180d1,Good
0x180da,Good
0x180db,Good
0x180dc,Good
0x180dd,Good
0x180e6,Good
0x180e7,Good
0x180e8,Good
0x180e9,Good
0x180f2,Good
0x180f3,Good
0x180f4,Good
0x180f5,Good
0x180fe,Good
0x180ff,Good
0x18100,Good
0x18101,Good
0x1810a,Poor
0x1810b,Standard
0x1810c,Standard
0x1810d,Standard
0x18116,Standard
0x18117,Poor
0x18118,Standard
0x18119,Poor
0x18122,Standard
0x18123,Poor
0x18124,Poor
0x18125,Standard
0x1812e,Good
0x1812f,Good
0x18130,Good
0x18131,Good
0x1813a,Poor
0x1813b,Poor
0x1813c,Poor
0x1813d,Poor
0x18146,Good
0x18147,Good
0x18148,Good
0x18149,Good
0x18152,Standard
0x18153,Standard
0x18154,Standard
0x18155,Good
0x1815e,Standard
0x1815f,Standard
0x18160,Standard
0x18161,Standard
0x1816a,Good
0x1816b,Good
0x1816c,Good
0x1816d,Good
0x18176,Good
0x18177,Standard
0x18178,Standard
0x18179,Good
0x18182,Good
0x18183,Good
0x18184,Good
0x18185,Good
0x1818e,Poor
0x1818f,Poor
0x18190,Poor
0x18191,Poor
0x1819a,Poor
0x1819b,Poor
0x1819c,Poor
0x1819d,Poor
0x181a6,Good
0x181a7,Good
0x181a8,Good
0x181a9,Good
0x181b2,Poor
0x181b3,Poor
0x181b4,Poor
0x181b5,Poor
0x181be,Good
0x181bf,Good
0x181c0,Good
0x181c1,Good
0x181ca,Poor
0x181cb,Poor
0x181cc,Poor
0x181cd,Poor
0x181d6,Standard
0x181d7,Standard
0x181d8,Standard
0x181d9,Standard
0x181e2,Good
0x181e3,Good
0x181e4,Good
0x181e5,Good
0x181ee,Good
0x181ef,Good
0x181f0,Standard
0x181f1,Good
0x181fa,Poor
0x181fb,Poor
0x181fc,Poor
0x181fd,Poor
0x18206,Good
0x18207,Good
0x18208,Good
0x18209,Good
0x18212,Good
0x18213,Standard
0x18214,Good
0x18215,Good
0x1821e,Poor
0x1821f,Poor
0x18220,Poor
0x18221,Poor
0x1822a,Poor
0x1822b,Poor
0x1822c,Poor
0x1822d,Poor
0x18236,Standard
0x18237,Standard
0x18238,Standard
0x18239,Standard
0x18242,Good
0x18243,Good
0x18244,Good
0x18245,Good
0x1824e,Good
0x1824f,Good
0x18250,Good
0x18251,Good
0x1825a,Standard
0x1825b,Standard
0x1825c,Standard
0x1825d,Standard
0x18266,Good
0x18267,Good
0x18268,Good
0x18269,Good
0x18272,Standard
0x18273,Standard
0x18274,Standard
0x18275,Standard
0x1827e,Good
0x1827f,Good
0x18280,Good
0x18281,Good
0x1828a,Standard
0x1828b,Standard
0x1828c,Standard
0x1828d,Standard
0x18296,Standard
0x18297,Standard
0x18298,Standard
0x18299,Standard
0x182a2,Poor
0x182a3,Poor
0x182a4,Poor
0x182a5,Poor
0x182ae,Poor
0x182af,Poor
0x182b0,Poor
0x182b1,Poor
0x182ba,Good
0x182bb,Good
0x182bc,Good
0x182bd,Good
0x182c6,Poor
0x182c7,Poor
0x182c8,Poor
0x182c9,Poor
0x182d2,Standard
0x182d3,Good
0x182d4,Good
0x182d5,Good
0x182de,Good
0x182df,Good
0x182e0,Good
0x182e1,Good
0x182ea,Standard
0x182eb,Standard
0x182ec,Standard
0x182ed,Standard
0x182f6,Standard
0x182f7,Standard
0x182f8,Standard
0x182f9,Standard
0x18302,Good
0x18303,Good
0x18304,Good
0x18305,Good
0x1830e,Good
0x1830f,Good
0x18310,Good
0x18311,Good
0x1831a,Good
0x1831b,Poor
0x1831c,Good
0x1831d,Good
0x18326,Good
0x18327,Good
0x18328,Good
0x18329,Good
0x18332,Good
0x18333,Good
0x18334,Good
0x18335,Good
0x1833e,Good
0x1833f,Good
0x18340,Good
0x18341,Good
0x1834a,Good
0x1834b,Good
0x1834c,Good
0x1834d,Good
0x18356,Good
0x18357,Good
0x18358,Good
0x18359,Good
0x18362,Standard
0x18363,Good
0x18364,Good
0x18365,Good
0x1836e,Poor
0x1836f,Poor
0x18370,Poor
0x18371,Poor
0x1837a,Standard
0x1837b,Standard
0x1837c,Standard
0x1837d,Poor
0x18386,Good
0x18387,Good
0x18388,Good
0x18389,Good
0x18392,Standard
0x18393,Standard
0x18394,Standard
0x18395,Standard
0x1839e,Poor
0x1839f,Poor
0x183a0,Poor
0x183a1,Poor
0x183aa,Good
0x183ab,Good
0x183ac,Good
0x183ad,Good
0x183b6,Poor
0x183b7,Poor
0x183b8,Poor
0x183b9,Poor
0x183c2,Good
0x183c3,Good
0x183c4,Good
0x183c5,Good
0x183ce,Poor
0x183cf,Poor
0x183d0,Poor
0x183d1,Poor
0x183da,Good
0x183db,Good
0x183dc,Good
0x183dd,Good
0x183e6,Poor
0x183e7,Poor
0x183e8,Standard
0x183e9,Poor
0x183f2,Poor
0x183f3,Poor
0x183f4,Poor
0x183f5,Poor
0x183fe,Standard
0x183ff,Poor
0x18400,Poor
0x18401,Poor
0x1840a,Good
0x1840b,Good
0x1840c,Good
0x1840d,Good
0x18416,Good
0x18417,Good
0x18418,Good
0x18419,Good
0x18422,Good
0x18423,Good
0x18424,Good
0x18425,Good
0x1842e,Good
0x1842f,Good
0x18430,Good
0x18431,Good
0x1843a,Poor
0x1843b,Poor
0x1843c,Poor
0x1843d,Poor
0x18446,Poor
0x18447,Poor
0x18448,Poor
0x18449,Poor
0x18452,Poor
0x18453,Poor
0x18454,Poor
0x18455,Poor
0x1845e,Standard
0x1845f,Good
0x18460,Good
0x18461,Standard
0x1846a,Standard
0x1846b,Standard
0x1846c,Standard
0x1846d,Standard
0x18476,Standard
0x18477,Standard
0x18478,Standard
0x18479,Standard
0x18482,Standard
0x18483,Standard
0x18484,Standard
0x18485,Standard
0x1848e,Standard
0x1848f,Standard
0x18490,Standard
0x18491,Standard
0x1849a,Good
0x1849b,Good
0x1849c,Good
0x1849d,Good
0x184a6,Poor
0x184a7,Poor
0x184a8,Poor
0x184a9,Poor
0x184b2,Good
0x184b3,Good
0x184b4,Good
0x184b5,Good
0x184be,Poor
0x184bf,Poor
0x184c0,Poor
0x184c1,Poor
0x184ca,Poor
0x184cb,Poor
0x184cc,Poor
0x184cd,Poor
0x184d6,Standard
0x184d7,Standard
0x184d8,Standard
0x184d9,Poor
0x184e2,Poor
0x184e3,Poor
0x184e4,Poor
0x184e5,Poor
0x184ee,Good
0x184ef,Good
0x184f0,Good
0x184f1,Good
0x184fa,Good
0x184fb,Good
0x184fc,Good
0x184fd,Good
0x18506,Good
0x18507,Good
0x18508,Good
0x18509,Good
0x18512,Good
0x18513,Standard
0x18514,Good
0x18515,Good
0x1851e,Poor
0x1851f,Poor
0x18520,Poor
0x18521,Poor
0x1852a,Poor
0x1852b,Poor
0x1852c,Poor
0x1852d,Poor
0x18536,Poor
0x18537,Poor
0x18538,Poor
0x18539,Poor
0x18542,Poor
0x18543,Poor
0x18544,Poor
0x18545,Poor
0x1854e,Poor
0x1854f,Poor
0x18550,Poor
0x18551,Poor
0x1855a,Poor
0x1855b,Poor
0x1855c,Poor
0x1855d,Poor
0x18566,Good
0x18567,Good
0x18568,Good
0x18569,Good
0x18572,Good
0x18573,Good
0x18574,Good
0x18575,Good
0x1857e,Standard
0x1857f,Standard
0x18580,Standard
0x18581,Standard
0x1858a,Standard
0x1858b,Standard
0x1858c,Standard
0x1858d,Standard
0x18596,Good
0x18597,Good
0x18598,Good
0x18599,Good
0x185a2,Poor
0x185a3,Poor
0x185a4,Poor
0x185a5,Poor
0x185ae,Good
0x185af,Good
0x185b0,Good
0x185b1,Good
0x185ba,Poor
0x185bb,Poor
0x185bc,Poor
0x185bd,Poor
0x185c6,Good
0x185c7,Good
0x185c8,Good
0x185c9,Good
0x185d2,Good
0x185d3,Good
0x185d4,Good
0x185d5,Good
0x185de,Poor
0x185df,Poor
0x185e0,Poor
0x185e1,Poor
0x185ea,Good
0x185eb,Good
0x185ec,Good
0x185ed,Good
0x185f6,Poor
0x185f7,Poor
0x185f8,Poor
0x185f9,Poor
0x18602,Good
0x18603,Good
0x18604,Good
0x18605,Good
0x1860e,Poor
0x1860f,Poor
0x18610,Poor
0x18611,Poor
0x1861a,Poor
0x1861b,Poor
0x1861c,Poor
0x1861d,Poor
0x18626,Good
0x18627,Good
0x18628,Good
0x18629,Good
0x18632,Poor
0x18633,Poor
0x18634,Poor
0x18635,Poor
0x1863e,Standard
0x1863f,Standard
0x18640,Standard
0x18641,Standard
0x1864a,Standard
0x1864b,Standard
0x1864c,Standard
0x1864d,Standard
0x18656,Poor
0x18657,Poor
0x18658,Poor
0x18659,Poor
0x18662,Poor
0x18663,Poor
0x18664,Poor
0x18665,Poor
0x1866e,Poor
0x1866f,Poor
0x18670,Poor
0x18671,Poor
0x1867a,Good
0x1867b,Good
0x1867c,Good
0x1867d,Good
0x18686,Good
0x18687,Good
0x18688,Good
0x18689,Good
0x18692,Poor
0x18693,Poor
0x18694,Poor
0x18695,Poor
0x1869e,Poor
0x1869f,Poor
0x186a0,Poor
0x186a1,Poor
0x186aa,Poor
0x186ab,Poor
0x186ac,Poor
0x186ad,Poor
0x186b6,Good
0x186b7,Good
0x186b8,Good
0x186b9,Good
0x186c2,Good
0x186c3,Good
0x186c4,Good
0x186c5,Good
0x186ce,Good
0x186cf,Good
0x186d0,Good
0x186d1,Good
0x186da,Standard
0x186db,Standard
0x186dc,Standard
0x186dd,Standard
0x186e6,Good
0x186e7,Good
0x186e8,Good
0x186e9,Good
0x186f2,Poor
0x186f3,Poor
0x186f4,Poor
0x186f5,Poor
0x186fe,Good
0x186ff,Good
0x18700,Good
0x18701,Good
0x1870a,Standard
0x1870b,Standard
0x1870c,Standard
0x1870d,Standard
0x18716,Standard
0x18717,Standard
0x18718,Standard
0x18719,Standard
0x18722,Good
0x18723,Good
0x18724,Good
0x18725,Good
0x1872e,Poor
0x1872f,Poor
0x18730,Poor
0x18731,Poor
0x1873a,Standard
0x1873b,Standard
0x1873c,Standard
0x1873d,Standard
0x18746,Good
0x18747,Good
0x18748,Good
0x18749,Good
0x18752,Poor
0x18753,Poor
0x18754,Poor
0x18755,Poor
0x1875e,Standard
0x1875f,Poor
0x18760,Standard
0x18761,Poor
0x1876a,Standard
0x1876b,Standard
0x1876c,Standard
0x1876d,Standard
0x18776,Standard
0x18777,Standard
0x18778,Standard
0x18779,Standard
0x18782,Good
0x18783,Good
0x18784,Good
0x18785,Good
0x1878e,Good
0x1878f,Good
0x18790,Good
0x18791,Good
0x1879a,Poor
0x1879b,Poor
0x1879c,Poor
0x1879d,Poor
0x187a6,Standard
0x187a7,Standard
0x187a8,Standard
0x187a9,Standard
0x187b2,Good
0x187b3,Good
0x187b4,Good
0x187b5,Good
0x187be,Good
0x187bf,Good
0x187c0,Good
0x187c1,Good
0x187ca,Good
0x187cb,Good
0x187cc,Good
0x187cd,Good
0x187d6,Good
0x187d7,Good
0x187d8,Good
0x187d9,Good
0x187e2,Good
0x187e3,Good
0x187e4,Good
0x187e5,Good
0x187ee,Good
0x187ef,Good
0x187f0,Good
0x187f1,Good
0x187fa,Poor
0x187fb,Poor
0x187fc,Poor
0x187fd,Poor
0x18806,Poor
0x18807,Poor
0x18808,Poor
0x18809,Poor
0x18812,Good
0x18813,Good
0x18814,Good
0x18815,Good
0x1881e,Good
0x1881f,Good
0x18820,Good
0x18821,Good
0x1882a,Good
0x1882b,Good
0x1882c,Good
0x1882d,Good
0x18836,Poor
0x18837,Standard
0x18838,Standard
0x18839,Standard
0x18842,Poor
0x18843,Poor
0x18844,Poor
0x18845,Poor
0x1884e,Good
0x1884f,Good
0x18850,Good
0x18851,Good
0x1885a,Good
0x1885b,Good
0x1885c,Good
0x1885d,Good
0x18866,Standard
0x18867,Standard
0x18868,Standard
0x18869,Standard
0x18872,Good
0x18873,Good
0x18874,Good
0x18875,Good
0x1887e,Good
0x1887f,Good
0x18880,Standard
0x18881,Good
0x1888a,Poor
0x1888b,Poor
0x1888c,Poor
0x1888d,Standard
0x18896,Good
0x18897,Standard
0x18898,Good
0x18899,Good
0x188a2,Poor
0x188a3,Poor
0x188a4,Standard
0x188a5,Poor
0x188ae,Poor
0x188af,Poor
0x188b0,Poor
0x188b1,Poor
0x188ba,Standard
0x188bb,Standard
0x188bc,Standard
0x188bd,Standard
0x188c6,Poor
0x188c7,Poor
0x188c8,Poor
0x188c9,Poor
0x188d2,Good
0x188d3,Good
0x188d4,Good
0x188d5,Good
0x188de,Poor
0x188df,Poor
0x188e0,Poor
0x188e1,Poor
0x188ea,Poor
0x188eb,Poor
0x188ec,Poor
0x188ed,Poor
0x188f6,Standard
0x188f7,Standard
0x188f8,Poor
0x188f9,Standard
0x18902,Poor
0x18903,Poor
0x18904,Poor
0x18905,Poor
0x1890e,Good
0x1890f,Good
0x18910,Good
0x18911,Good
0x1891a,Good
0x1891b,Good
0x1891c,Good
0x1891d,Good
0x18926,Good
0x18927,Good
0x18928,Good
0x18929,Good
0x18932,Standard
0x18933,Good
0x18934,Standard
0x18935,Standard
0x1893e,Poor
0x1893f,Good
0x18940,Good
0x18941,Good
0x1894a,Good
0x1894b,Good
0x1894c,Good
0x1894d,Good
0x18956,Poor
0x18957,Poor
0x18958,Poor
0x18959,Poor
0x18962,Poor
0x18963,Poor
0x18964,Poor
0x18965,Poor
0x1896e,Poor
0x1896f,Poor
0x18970,Poor
0x18971,Poor
0x1897a,Standard
0x1897b,Standard
0x1897c,Standard
0x1897d,Standard
0x18986,Standard
0x18987,Standard
0x18988,Standard
0x18989,Standard
0x18992,Poor
0x18993,Poor
0x18994,Poor
0x18995,Poor
0x1899e,Good
0x1899f,Good
0x189a0,Good
0x189a1,Good
0x189aa,Poor
0x189ab,Poor
0x189ac,Poor
0x189ad,Poor
0x189b6,Good
0x189b7,Good
0x189b8,Good
0x189b9,Good
0x189c2,Good
0x189c3,Good
0x189c4,Good
0x189c5,Good
0x189ce,Good
0x189cf,Good
0x189d0,Good
0x189d1,Good
0x189da,Poor
0x189db,Poor
0x189dc,Poor
0x189dd,Poor
0x189e6,Good
0x189e7,Good
0x189e8,Good
0x189e9,Good
0x189f2,Good
0x189f3,Good
0x189f4,Good
0x189f5,Good
0x189fe,Good
0x189ff,Good
0x18a00,Good
0x18a01,Good
0x18a0a,Poor
0x18a0b,Poor
0x18a0c,Poor
0x18a0d,Poor
0x18a16,Poor
0x18a17,Poor
0x18a18,Poor
0x18a19,Poor
0x18a22,Good
0x18a23,Good
0x18a24,Good
0x18a25,Good
0x18a2e,Good
0x18a2f,Good
0x18a30,Good
0x18a31,Good
0x18a3a,Poor
0x18a3b,Poor
0x18a3c,Poor
0x18a3d,Poor
0x18a46,Poor
0x18a47,Standard
0x18a48,Poor
0x18a49,Standard
0x18a52,Good
0x18a53,Good
0x18a54,Good
0x18a55,Good
0x18a5e,Standard
0x18a5f,Standard
0x18a60,Standard
0x18a61,Standard
0x18a6a,Standard
0x18a6b,Standard
0x18a6c,Standard
0x18a6d,Standard
0x18a76,Standard
0x18a77,Standard
0x18a78,Standard
0x18a79,Standard
0x18a82,Good
0x18a83,Good
0x18a84,Good
0x18a85,Good
0x18a8e,Standard
0x18a8f,Standard
0x18a90,Standard
0x18a91,Standard
0x18a9a,Good
0x18a9b,Good
0x18a9c,Good
0x18a9d,Good
0x18aa6,Poor
0x18aa7,Poor
0x18aa8,Poor
0x18aa9,Poor
0x18ab2,Standard
0x18ab3,Standard
0x18ab4,Standard
0x18ab5,Good
0x18abe,Poor
0x18abf,Poor
0x18ac0,Poor
0x18ac1,Poor
0x18aca,Poor
0x18acb,Poor
0x18acc,Poor
0x18acd,Poor
0x18ad6,Poor
0x18ad7,Poor
0x18ad8,Poor
0x18ad9,Poor
0x18ae2,Good
0x18ae3,Good
0x18ae4,Good
0x18ae5,Good
0x18aee,Poor
0x18aef,Poor
0x18af0,Poor
0x18af1,Poor
0x18afa,Poor
0x18afb,Poor
0x18afc,Poor
0x18afd,Poor
0x18b06,Poor
0x18b07,Poor
0x18b08,Poor
0x18b09,Poor
0x18b12,Good
0x18b13,Good
0x18b14,Good
0x18b15,Good
0x18b1e,Good
0x18b1f,Good
0x18b20,Good
0x18b21,Good
0x18b2a,Good
0x18b2b,Good
0x18b2c,Good
0x18b2d,Good
0x18b36,Good
0x18b37,Good
0x18b38,Good
0x18b39,Good
0x18b42,Standard
0x18b43,Standard
0x18b44,Good
0x18b45,Standard
0x18b4e,Good
0x18b4f,Good
0x18b50,Good
0x18b51,Good
0x18b5a,Poor
0x18b5b,Poor
0x18b5c,Poor
0x18b5d,Poor
0x18b66,Poor
0x18b67,Poor
0x18b68,Poor
0x18b69,Poor
0x18b72,Poor
0x18b73,Poor
0x18b74,Poor
0x18b75,Poor
0x18b7e,Good
0x18b7f,Good
0x18b80,Good
0x18b81,Good
0x18b8a,Good
0x18b8b,Good
0x18b8c,Good
0x18b8d,Standard
0x18b96,Good
0x18b97,Good
0x18b98,Good
0x18b99,Good
0x18ba2,Good
0x18ba3,Good
0x18ba4,Good
0x18ba5,Good
0x18bae,Poor
0x18baf,Poor
0x18bb0,Poor
0x18bb1,Poor
0x18bba,Good
0x18bbb,Good
0x18bbc,Good
0x18bbd,Good
0x18bc6,Poor
0x18bc7,Poor
0x18bc8,Poor
0x18bc9,Poor
0x18bd2,Poor
0x18bd3,Poor
0x18bd4,Poor
0x18bd5,Poor
0x18bde,Poor
0x18bdf,Standard
0x18be0,Poor
0x18be1,Poor
0x18bea,Good
0x18beb,Good
0x18bec,Good
0x18bed,Good
0x18bf6,Poor
0x18bf7,Poor
0x18bf8,Poor
0x18bf9,Poor
0x18c02,Standard
0x18c03,Standard
0x18c04,Standard
0x18c05,Standard
0x18c0e,Good
0x18c0f,Good
0x18c10,Good
0x18c11,Good
0x18c1a,Poor
0x18c1b,Poor
0x18c1c,Poor
0x18c1d,Poor
0x18c26,Poor
0x18c27,Poor
0x18c28,Poor
0x18c29,Poor
0x18c32,Standard
0x18c33,Good
0x18c34,Good
0x18c35,Good
0x18c3e,Good
0x18c3f,Good
0x18c40,Good
0x18c41,Good
0x18c4a,Poor
0x18c4b,Poor
0x18c4c,Poor
0x18c4d,Poor
0x18c56,Good
0x18c57,Good
0x18c58,Good
0x18c59,Good
0x18c62,Poor
0x18c63,Poor
0x18c64,Poor
0x18c65,Poor
0x18c6e,Good
0x18c6f,Good
0x18c70,Good
0x18c71,Good
0x18c7a,Poor
0x18c7b,Poor
0x18c7c,Poor
0x18c7d,Poor
0x18c86,Good
0x18c87,Good
0x18c88,Good
0x18c89,Good
0x18c92,Poor
0x18c93,Poor
0x18c94,Poor
0x18c95,Poor
0x18c9e,Standard
0x18c9f,Standard
0x18ca0,Standard
0x18ca1,Standard
0x18caa,Poor
0x18cab,Poor
0x18cac,Poor
0x18cad,Poor
0x18cb6,Poor
0x18cb7,Standard
0x18cb8,Poor
0x18cb9,Poor
0x18cc2,Standard
0x18cc3,Standard
0x18cc4,Poor
0x18cc5,Standard
0x18cce,Standard
0x18ccf,Standard
0x18cd0,Standard
0x18cd1,Standard
0x18cda,Good
0x18cdb,Good
0x18cdc,Good
0x18cdd,Good
0x18ce6,Good
0x18ce7,Good
0x18ce8,Good
0x18ce9,Good
0x18cf2,Good
0x18cf3,Good
0x18cf4,Good
0x18cf5,Good
0x18cfe,Good
0x18cff,Good
0x18d00,Good
0x18d01,Good
0x18d0a,Good
0x18d0b,Good
0x18d0c,Good
0x18d0d,Good
0x18d16,Poor
0x18d17,Poor
0x18d18,Poor
0x18d19,Poor
0x18d22,Good
0x18d23,Good
0x18d24,Good
0x18d25,Good
0x18d2e,Standard
0x18d2f,Poor
0x18d30,Standard
0x18d31,Poor
0x18d3a,Poor
0x18d3b,Poor
0x18d3c,Poor
0x18d3d,Poor
0x18d46,Good
0x18d47,Good
0x18d48,Good
0x18d49,Good
0x18d52,Good
0x18d53,Good
0x18d54,Good
0x18d55,Good
0x18d5e,Poor
0x18d5f,Poor
0x18d60,Poor
0x18d61,Poor
0x18d6a,Good
0x18d6b,Good
0x18d6c,Good
0x18d6d,Good
0x18d76,Good
0x18d77,Good
0x18d78,Good
0x18d79,Good
0x18d82,Poor
0x18d83,Poor
0x18d84,Poor
0x18d85,Poor
0x18d8e,Standard
0x18d8f,Standard
0x18d90,Standard
0x18d91,Standard
0x18d9a,Standard
0x18d9b,Standard
0x18d9c,Standard
0x18d9d,Standard
0x18da6,Standard
0x18da7,Good
0x18da8,Good
0x18da9,Good
0x18db2,Good
0x18db3,Good
0x18db4,Good
0x18db5,Good
0x18dbe,Standard
0x18dbf,Standard
0x18dc0,Standard
0x18dc1,Standard
0x18dca,Poor
0x18dcb,Poor
0x18dcc,Poor
0x18dcd,Poor
0x18dd6,Good
0x18dd7,Good
0x18dd8,Good
0x18dd9,Good
0x18de2,Poor
0x18de3,Poor
0x18de4,Poor
0x18de5,Poor
0x18dee,Good
0x18def,Good
0x18df0,Good
0x18df1,Good
0x18dfa,Poor
0x18dfb,Poor
0x18dfc,Poor
0x18dfd,Poor
0x18e06,Standard
0x18e07,Standard
0x18e08,Standard
0x18e09,Standard
0x18e12,Good
0x18e13,Good
0x18e14,Good
0x18e15,Good
0x18e1e,Standard
0x18e1f,Standard
0x18e20,Standard
0x18e21,Standard
0x18e2a,Good
0x18e2b,Good
0x18e2c,Good
0x18e2d,Poor
0x18e36,Poor
0x18e37,Poor
0x18e38,Poor
0x18e39,Poor
0x18e42,Standard
0x18e43,Standard
0x18e44,Standard
0x18e45,Standard
0x18e4e,Good
0x18e4f,Good
0x18e50,Good
0x18e51,Good
0x18e5a,Poor
0x18e5b,Poor
0x18e5c,Poor
0x18e5d,Poor
0x18e66,Poor
0x18e67,Poor
0x18e68,Poor
0x18e69,Poor
0x18e72,Standard
0x18e73,Standard
0x18e74,Standard
0x18e75,Good
0x18e7e,Poor
0x18e7f,Poor
0x18e80,Poor
0x18e81,Poor
0x18e8a,Good
0x18e8b,Good
0x18e8c,Good
0x18e8d,Good
0x18e96,Good
0x18e97,Good
0x18e98,Good
0x18e99,Good
0x18ea2,Poor
0x18ea3,Standard
0x18ea4,Standard
0x18ea5,Poor
0x18eae,Good
0x18eaf,Good
0x18eb0,Good
0x18eb1,Good
0x18eba,Good
0x18ebb,Good
0x18ebc,Good
0x18ebd,Good
0x18ec6,Good
0x18ec7,Good
0x18ec8,Good
0x18ec9,Good
0x18ed2,Good
0x18ed3,Good
0x18ed4,Good
0x18ed5,Good
0x18ede,Standard
0x18edf,Standard
0x18ee0,Standard
0x18ee1,Standard
0x18eea,Poor
0x18eeb,Poor
0x18eec,Poor
0x18eed,Poor
0x18ef6,Good
0x18ef7,Good
0x18ef8,Good
0x18ef9,Good
0x18f02,Good
0x18f03,Good
0x18f04,Good
0x18f05,Good
0x18f0e,Standard
0x18f0f,Standard
0x18f10,Standard
0x18f11,Standard
0x18f1a,Good
0x18f1b,Good
0x18f1c,Good
0x18f1d,Good
0x18f26,Poor
0x18f27,Poor
0x18f28,Poor
0x18f29,Poor
0x18f32,Standard
0x18f33,Standard
0x18f34,Standard
0x18f35,Standard
0x18f3e,Poor
0x18f3f,Poor
0x18f40,Poor
0x18f41,Poor
0x18f4a,Good
0x18f4b,Good
0x18f4c,Good
0x18f4d,Good
0x18f56,Good
0x18f57,Good
0x18f58,Good
0x18f59,Good
0x18f62,Good
0x18f63,Good
0x18f64,Good
0x18f65,Good
0x18f6e,Good
0x18f6f,Standard
0x18f70,Standard
0x18f71,Good
0x18f7a,Standard
0x18f7b,Standard
0x18f7c,Standard
0x18f7d,Poor
0x18f86,Good
0x18f87,Good
0x18f88,Good
0x18f89,Good
0x18f92,Good
0x18f93,Good
0x18f94,Good
0x18f95,Good
0x18f9e,Good
0x18f9f,Good
0x18fa0,Good
0x18fa1,Good
0x18faa,Poor
0x18fab,Poor
0x18fac,Poor
0x18fad,Poor
0x18fb6,Standard
0x18fb7,Standard
0x18fb8,Good
0x18fb9,Standard
0x18fc2,Standard
0x18fc3,Standard
0x18fc4,Standard
0x18fc5,Standard
0x18fce,Poor
0x18fcf,Poor
0x18fd0,Poor
0x18fd1,Poor
0x18fda,Standard
0x18fdb,Standard
0x18fdc,Standard
0x18fdd,Standard
0x18fe6,Poor
0x18fe7,Poor
0x18fe8,Poor
0x18fe9,Poor
0x18ff2,Good
0x18ff3,Good
0x18ff4,Standard
0x18ff5,Good
0x18ffe,Poor
0x18fff,Poor
0x19000,Poor
0x19001,Poor
0x1900a,Poor
0x1900b,Poor
0x1900c,Poor
0x1900d,Poor
0x19016,Standard
0x19017,Standard
0x19018,Standard
0x19019,Standard
0x19022,Good
0x19023,Good
0x19024,Good
0x19025,Good
0x1902e,Good
0x1902f,Good
0x19030,Good
0x19031,Good
0x1903a,Good
0x1903b,Good
0x1903c,Good
0x1903d,Good
0x19046,Standard
0x19047,Standard
0x19048,Standard
0x19049,Standard
0x19052,Good
0x19053,Good
0x19054,Good
0x19055,Good
0x1905e,Good
0x1905f,Good
0x19060,Good
0x19061,Good
0x1906a,Good
0x1906b,Good
0x1906c,Good
0x1906d,Good
0x19076,Good
0x19077,Good
0x19078,Poor
0x19079,Good
0x19082,Poor
0x19083,Poor
0x19084,Poor
0x19085,Poor
0x1908e,Good
0x1908f,Good
0x19090,Good
0x19091,Good
0x1909a,Good
0x1909b,Good
0x1909c,Good
0x1909d,Good
0x190a6,Good
0x190a7,Good
0x190a8,Good
0x190a9,Good
0x190b2,Good
0x190b3,Standard
0x190b4,Good
0x190b5,Good
0x190be,Poor
0x190bf,Poor
0x190c0,Poor
0x190c1,Standard
0x190ca,Poor
0x190cb,Poor
0x190cc,Poor
0x190cd,Poor
0x190d6,Poor
0x190d7,Poor
0x190d8,Poor
0x190d9,Poor
0x190e2,Poor
0x190e3,Poor
0x190e4,Poor
0x190e5,Poor
0x190ee,Poor
0x190ef,Poor
0x190f0,Poor
0x190f1,Poor
0x190fa,Poor
0x190fb,Poor
0x190fc,Poor
0x190fd,Poor
0x19106,Poor
0x19107,Poor
0x19108,Poor
0x19109,Standard
0x19112,Good
0x19113,Good
0x19114,Good
0x19115,Standard
0x1911e,Poor
0x1911f,Poor
0x19120,Poor
0x19121,Poor
0x1912a,Standard
0x1912b,Standard
0x1912c,Standard
0x1912d,Poor
0x19136,Standard
0x19137,Good
0x19138,Good
0x19139,Good
0x19142,Good
0x19143,Good
0x19144,Good
0x19145,Good
0x1914e,Good
0x1914f,Good
0x19150,Good
0x19151,Good
0x1915a,Poor
0x1915b,Poor
0x1915c,Poor
0x1915d,Poor
0x19166,Poor
0x19167,Poor
0x19168,Poor
0x19169,Poor
0x19172,Standard
0x19173,Standard
0x19174,Poor
0x19175,Poor
0x1917e,Standard
0x1917f,Good
0x19180,Good
0x19181,Good
0x1918a,Good
0x1918b,Poor
0x1918c,Good
0x1918d,Good
0x19196,Good
0x19197,Good
0x19198,Good
0x19199,Good
0x191a2,Standard
0x191a3,Standard
0x191a4,Standard
0x191a5,Standard
0x191ae,Good
0x191af,Good
0x191b0,Good
0x191b1,Good
0x191ba,Good
0x191bb,Good
0x191bc,Good
0x191bd,Good
0x191c6,Poor
0x191c7,Standard
0x191c8,Standard
0x191c9,Standard
0x191d2,Good
0x191d3,Standard
0x191d4,Good
0x191d5,Good
0x191de,Standard
0x191df,Standard
0x191e0,Standard
0x191e1,Standard
0x191ea,Poor
0x191eb,Poor
0x191ec,Poor
0x191ed,Poor
0x191f6,Good
0x191f7,Good
0x191f8,Good
0x191f9,Good
0x19202,Poor
0x19203,Poor
0x19204,Poor
0x19205,Poor
0x1920e,Good
0x1920f,Good
0x19210,Good
0x19211,Good
0x1921a,Good
0x1921b,Good
0x1921c,Good
0x1921d,Good
0x19226,Good
0x19227,Good
0x19228,Good
0x19229,Standard
0x19232,Standard
0x19233,Poor
0x19234,Poor
0x19235,Poor
0x1923e,Poor
0x1923f,Poor
0x19240,Poor
0x19241,Poor
0x1924a,Good
0x1924b,Good
0x1924c,Standard
0x1924d,Standard
0x19256,Good
0x19257,Good
0x19258,Good
0x19259,Good
0x19262,Poor
0x19263,Standard
0x19264,Standard
0x19265,Poor
0x1926e,Standard
0x1926f,Standard
0x19270,Standard
0x19271,Standard
0x1927a,Good
0x1927b,Good
0x1927c,Good
0x1927d,Good
0x19286,Good
0x19287,Good
0x19288,Good
0x19289,Good
0x19292,Good
0x19293,Good
0x19294,Good
0x19295,Good
0x1929e,Good
0x1929f,Good
0x192a0,Good
0x192a1,Good
0x192aa,Poor
0x192ab,Poor
0x192ac,Poor
0x192ad,Poor
0x192b6,Poor
0x192b7,Poor
0x192b8,Poor
0x192b9,Poor
0x192c2,Good
0x192c3,Good
0x192c4,Good
0x192c5,Good
0x192ce,Good
0x192cf,Good
0x192d0,Poor
0x192d1,Good
0x192da,Poor
0x192db,Standard
0x192dc,Standard
0x192dd,Standard
0x192e6,Poor
0x192e7,Poor
0x192e8,Poor
0x192e9,Poor
0x192f2,Poor
0x192f3,Poor
0x192f4,Poor
0x192f5,Poor
0x192fe,Good
0x192ff,Good
0x19300,Good
0x19301,Good
0x1930a,Poor
0x1930b,Poor
0x1930c,Poor
0x1930d,Poor
0x19316,Good
0x19317,Good
0x19318,Good
0x19319,Good
0x19322,Poor
0x19323,Poor
0x19324,Standard
0x19325,Poor
0x1932e,Poor
0x1932f,Poor
0x19330,Standard
0x19331,Poor
0x1933a,Good
0x1933b,Good
0x1933c,Good
0x1933d,Good
0x19346,Poor
0x19347,Poor
0x19348,Poor
0x19349,Poor
0x19352,Good
0x19353,Good
0x19354,Good
0x19355,Good
0x1935e,Poor
0x1935f,Poor
0x19360,Poor
0x19361,Poor
0x1936a,Standard
0x1936b,Poor
0x1936c,Poor
0x1936d,Poor
0x19376,Poor
0x19377,Poor
0x19378,Poor
0x19379,Poor
0x19382,Poor
0x19383,Poor
0x19384,Poor
0x19385,Poor
0x1938e,Standard
0x1938f,Standard
0x19390,Standard
0x19391,Standard
0x1939a,Poor
0x1939b,Poor
0x1939c,Poor
0x1939d,Poor
0x193a6,Good
0x193a7,Good
0x193a8,Good
0x193a9,Good
0x193b2,Poor
0x193b3,Poor
0x193b4,Poor
0x193b5,Poor
0x193be,Good
0x193bf,Good
0x193c0,Good
0x193c1,Good
0x193ca,Good
0x193cb,Good
0x193cc,Good
0x193cd,Good
0x193d6,Good
0x193d7,Good
0x193d8,Good
0x193d9,Good
0x193e2,Standard
0x193e3,Standard
0x193e4,Poor
0x193e5,Standard
0x193ee,Poor
0x193ef,Poor
0x193f0,Poor
0x193f1,Poor
0x193fa,Standard
0x193fb,Poor
0x193fc,Standard
0x193fd,Standard
0x19406,Standard
0x19407,Good
0x19408,Good
0x19409,Standard
0x19412,Good
0x19413,Good
0x19414,Good
0x19415,Good
0x1941e,Good
0x1941f,Good
0x19420,Good
0x19421,Good
0x1942a,Good
0x1942b,Good
0x1942c,Good
0x1942d,Good
0x19436,Poor
0x19437,Poor
0x19438,Poor
0x19439,Poor
0x19442,Standard
0x19443,Standard
0x19444,Standard
0x19445,Standard
0x1944e,Poor
0x1944f,Good
0x19450,Good
0x19451,Good
0x1945a,Good
0x1945b,Good
0x1945c,Good
0x1945d,Good
0x19466,Good
0x19467,Good
0x19468,Good
0x19469,Good
0x19472,Good
0x19473,Good
0x19474,Good
0x19475,Good
0x1947e,Poor
0x1947f,Poor
0x19480,Poor
0x19481,Poor
0x1948a,Good
0x1948b,Good
0x1948c,Good
0x1948d,Good
0x19496,Good
0x19497,Good
0x19498,Good
0x19499,Good
0x194a2,Standard
0x194a3,Standard
0x194a4,Standard
0x194a5,Standard
0x194ae,Standard
0x194af,Standard
0x194b0,Standard
0x194b1,Poor
0x194ba,Good
0x194bb,Good
0x194bc,Good
0x194bd,Good
0x194c6,Standard
0x194c7,Standard
0x194c8,Standard
0x194c9,Standard
0x194d2,Good
0x194d3,Good
0x194d4,Good
0x194d5,Good
0x194de,Poor
0x194df,Poor
0x194e0,Poor
0x194e1,Poor
0x194ea,Good
0x194eb,Good
0x194ec,Good
0x194ed,Good
0x194f6,Poor
0x194f7,Poor
0x194f8,Poor
0x194f9,Poor
0x19502,Poor
0x19503,Poor
0x19504,Poor
0x19505,Poor
0x1950e,Standard
0x1950f,Standard
0x19510,Standard
0x19511,Standard
0x1951a,Standard
0x1951b,Standard
0x1951c,Standard
0x1951d,Standard
0x19526,Standard
0x19527,Standard
0x19528,Poor
0x19529,Standard
0x19532,Good
0x19533,Good
0x19534,Good
0x19535,Good
0x1953e,Standard
0x1953f,Standard
0x19540,Standard
0x19541,Standard
0x1954a,Good
0x1954b,Good
0x1954c,Good
0x1954d,Good
0x19556,Good
0x19557,Good
0x19558,Good
0x19559,Standard
0x19562,Poor
0x19563,Poor
0x19564,Poor
0x19565,Poor
0x1956e,Standard
0x1956f,Standard
0x19570,Standard
0x19571,Standard
0x1957a,Good
0x1957b,Good
0x1957c,Good
0x1957d,Good
0x19586,Poor
0x19587,Poor
0x19588,Poor
0x19589,Poor
0x19592,Good
0x19593,Good
0x19594,Good
0x19595,Good
0x1959e,Good
0x1959f,Good
0x195a0,Good
0x195a1,Good
0x195aa,Good
0x195ab,Good
0x195ac,Good
0x195ad,Standard
0x195b6,Standard
0x195b7,Poor
0x195b8,Poor
0x195b9,Standard
0x195c2,Standard
0x195c3,Standard
0x195c4,Standard
0x195c5,Standard
0x195ce,Poor
0x195cf,Poor
0x195d0,Poor
0x195d1,Poor
0x195da,Good
0x195db,Good
0x195dc,Good
0x195dd,Good
0x195e6,Poor
0x195e7,Poor
0x195e8,Poor
0x195e9,Poor
0x195f2,Poor
0x195f3,Poor
0x195f4,Standard
0x195f5,Poor
0x195fe,Standard
0x195ff,Standard
0x19600,Standard
0x19601,Standard
0x1960a,Standard
0x1960b,Standard
0x1960c,Standard
0x1960d,Standard
0x19616,Good
0x19617,Good
0x19618,Good
0x19619,Good
0x19622,Good
0x19623,Good
0x19624,Good
0x19625,Good
0x1962e,Good
0x1962f,Good
0x19630,Good
0x19631,Good
0x1963a,Standard
0x1963b,Standard
0x1963c,Standard
0x1963d,Poor
0x19646,Standard
0x19647,Standard
0x19648,Standard
0x19649,Standard
0x19652,Poor
0x19653,Poor
0x19654,Poor
0x19655,Poor
0x1965e,Poor
0x1965f,Poor
0x19660,Poor
0x19661,Poor
0x1966a,Standard
0x1966b,Poor
0x1966c,Poor
0x1966d,Poor
0x19676,Standard
0x19677,Standard
0x19678,Poor
0x19679,Standard
0x19682,Standard
0x19683,Standard
0x19684,Standard
0x19685,Standard
0x1968e,Standard
0x1968f,Poor
0x19690,Standard
0x19691,Poor
0x1969a,Good
0x1969b,Good
0x1969c,Good
0x1969d,Good
0x196a6,Poor
0x196a7,Poor
0x196a8,Poor
0x196a9,Poor
0x196b2,Good
0x196b3,Good
0x196b4,Good
0x196b5,Good
0x196be,Good
0x196bf,Good
0x196c0,Good
0x196c1,Good
0x196ca,Standard
0x196cb,Standard
0x196cc,Standard
0x196cd,Standard
0x196d6,Poor
0x196d7,Poor
0x196d8,Poor
0x196d9,Poor
0x196e2,Poor
0x196e3,Poor
0x196e4,Poor
0x196e5,Poor
0x196ee,Poor
0x196ef,Poor
0x196f0,Poor
0x196f1,Poor
0x196fa,Good
0x196fb,Good
0x196fc,Good
0x196fd,Good
0x19706,Good
0x19707,Good
0x19708,Good
0x19709,Good
0x19712,Poor
0x19713,Poor
0x19714,Standard
0x19715,Poor
0x1971e,Poor
0x1971f,Poor
0x19720,Poor
0x19721,Poor
0x1972a,Good
0x1972b,Good
0x1972c,Good
0x1972d,Good
0x19736,Poor
0x19737,Poor
0x19738,Poor
0x19739,Poor
0x19742,Standard
0x19743,Good
0x19744,Good
0x19745,Good
0x1974e,Good
0x1974f,Good
0x19750,Good
0x19751,Good
0x1975a,Good
0x1975b,Good
0x1975c,Good
0x1975d,Good
0x19766,Standard
0x19767,Standard
0x19768,Standard
0x19769,Standard
0x19772,Poor
0x19773,Poor
0x19774,Poor
0x19775,Poor
0x1977e,Poor
0x1977f,Poor
0x19780,Poor
0x19781,Poor
0x1978a,Poor
0x1978b,Poor
0x1978c,Poor
0x1978d,Poor
0x19796,Poor
0x19797,Poor
0x19798,Poor
0x19799,Poor
0x197a2,Poor
0x197a3,Poor
0x197a4,Poor
0x197a5,Poor
0x197ae,Good
0x197af,Good
0x197b0,Good
0x197b1,Good
0x197ba,Poor
0x197bb,Standard
0x197bc,Poor
0x197bd,Standard
0x197c6,Poor
0x197c7,Poor
0x197c8,Poor
0x197c9,Poor
0x197d2,Standard
0x197d3,Good
0x197d4,Standard
0x197d5,Standard
0x197de,Good
0x197df,Good
0x197e0,Good
0x197e1,Good
0x197ea,Good
0x197eb,Good
0x197ec,Good
0x197ed,Good
0x197f6,Good
0x197f7,Good
0x197f8,Good
0x197f9,Good
0x19802,Poor
0x19803,Poor
0x19804,Poor
0x19805,Poor
0x1980e,Good
0x1980f,Good
0x19810,Good
0x19811,Good
0x1981a,Poor
0x1981b,Poor
0x1981c,Poor
0x1981d,Poor
0x19826,Good
0x19827,Good
0x19828,Good
0x19829,Good
0x19832,Good
0x19833,Good
0x19834,Good
0x19835,Good
0x1983e,Standard
0x1983f,Standard
0x19840,Standard
0x19841,Standard
0x1984a,Poor
0x1984b,Poor
0x1984c,Poor
0x1984d,Poor
0x19856,Poor
0x19857,Poor
0x19858,Poor
0x19859,Poor
0x19862,Standard
0x19863,Standard
0x19864,Standard
0x19865,Standard
0x1986e,Good
0x1986f,Good
0x19870,Good
0x19871,Good
0x1987a,Poor
0x1987b,Poor
0x1987c,Poor
0x1987d,Poor
0x19886,Poor
0x19887,Poor
0x19888,Poor
0x19889,Poor
0x19892,Good
0x19893,Good
0x19894,Good
0x19895,Good
0x1989e,Good
0x1989f,Good
0x198a0,Good
0x198a1,Good
0x198aa,Good
0x198ab,Good
0x198ac,Good
0x198ad,Good
0x198b6,Good
0x198b7,Good
0x198b8,Good
0x198b9,Good
0x198c2,Poor
0x198c3,Poor
0x198c4,Poor
0x198c5,Poor
0x198ce,Poor
0x198cf,Poor
0x198d0,Standard
0x198d1,Standard
0x198da,Standard
0x198db,Standard
0x198dc,Standard
0x198dd,Standard
0x198e6,Poor
0x198e7,Poor
0x198e8,Poor
0x198e9,Poor
0x198f2,Poor
0x198f3,Poor
0x198f4,Poor
0x198f5,Poor
0x198fe,Poor
0x198ff,Poor
0x19900,Poor
0x19901,Poor
0x1990a,Good
0x1990b,Standard
0x1990c,Good
0x1990d,Good
0x19916,Poor
0x19917,Poor
0x19918,Poor
0x19919,Poor
0x19922,Good
0x19923,Good
0x19924,Good
0x19925,Good
0x1992e,Good
0x1992f,Good
0x19930,Good
0x19931,Good
0x1993a,Standard
0x1993b,Good
0x1993c,Standard
0x1993d,Standard
0x19946,Standard
0x19947,Standard
0x19948,Standard
0x19949,Standard
0x19952,Poor
0x19953,Poor
0x19954,Standard
0x19955,Poor
0x1995e,Good
0x1995f,Good
0x19960,Standard
0x19961,Good
0x1996a,Standard
0x1996b,Standard
0x1996c,Standard
0x1996d,Standard
0x19976,Good
0x19977,Good
0x19978,Good
0x19979,Good
0x19982,Poor
0x19983,Poor
0x19984,Poor
0x19985,Poor
0x1998e,Good
0x1998f,Good
0x19990,Good
0x19991,Good
0x1999a,Standard
0x1999b,Standard
0x1999c,Standard
0x1999d,Standard
0x199a6,Standard
0x199a7,Standard
0x199a8,Standard
0x199a9,Poor
0x199b2,Poor
0x199b3,Poor
0x199b4,Poor
0x199b5,Poor
0x199be,Good
0x199bf,Good
0x199c0,Good
0x199c1,Good
0x199ca,Standard
0x199cb,Standard
0x199cc,Standard
0x199cd,Good
0x199d6,Good
0x199d7,Good
0x199d8,Good
0x199d9,Good
0x199e2,Good
0x199e3,Good
0x199e4,Good
0x199e5,Good
0x199ee,Good
0x199ef,Good
0x199f0,Good
0x199f1,Good
0x199fa,Good
0x199fb,Good
0x199fc,Good
0x199fd,Good
0x19a06,Good
0x19a07,Good
0x19a08,Good
0x19a09,Good
0x19a12,Standard
0x19a13,Standard
0x19a14,Standard
0x19a15,Standard
0x19a1e,Good
0x19a1f,Good
0x19a20,Good
0x19a21,Good
0x19a2a,Standard
0x19a2b,Standard
0x19a2c,Standard
0x19a2d,Standard
0x19a36,Poor
0x19a37,Poor
0x19a38,Poor
0x19a39,Poor
0x19a42,Standard
0x19a43,Poor
0x19a44,Poor
0x19a45,Poor
0x19a4e,Good
0x19a4f,Good
0x19a50,Standard
0x19a51,Good
0x19a5a,Poor
0x19a5b,Poor
0x19a5c,Poor
0x19a5d,Poor
0x19a66,Standard
0x19a67,Standard
0x19a68,Standard
0x19a69,Standard
0x19a72,Standard
0x19a73,Poor
0x19a74,Poor
0x19a75,Poor
0x19a7e,Standard
0x19a7f,Standard
0x19a80,Standard
0x19a81,Good
0x19a8a,Poor
0x19a8b,Poor
0x19a8c,Poor
0x19a8d,Poor
0x19a96,Good
0x19a97,Good
0x19a98,Good
0x19a99,Good
0x19aa2,Good
0x19aa3,Good
0x19aa4,Good
0x19aa5,Good
0x19aae,Poor
0x19aaf,Poor
0x19ab0,Poor
0x19ab1,Poor
0x19aba,Poor
0x19abb,Poor
0x19abc,Poor
0x19abd,Poor
0x19ac6,Poor
0x19ac7,Poor
0x19ac8,Poor
0x19ac9,Poor
0x19ad2,Standard
0x19ad3,Standard
0x19ad4,Good
0x19ad5,Standard
0x19ade,Poor
0x19adf,Poor
0x19ae0,Poor
0x19ae1,Standard
0x19aea,Good
0x19aeb,Good
0x19aec,Good
0x19aed,Good
0x19af6,Standard
0x19af7,Standard
0x19af8,Standard
0x19af9,Poor
0x19b02,Poor
0x19b03,Poor
0x19b04,Poor
0x19b05,Poor
0x19b0e,Good
0x19b0f,Good
0x19b10,Good
0x19b11,Good
0x19b1a,Poor
0x19b1b,Poor
0x19b1c,Poor
0x19b1d,Poor
0x19b26,Good
0x19b27,Good
0x19b28,Good
0x19b29,Good
0x19b32,Standard
0x19b33,Standard
0x19b34,Standard
0x19b35,Standard
0x19b3e,Poor
0x19b3f,Standard
0x19b40,Standard
0x19b41,Standard
0x19b4a,Good
0x19b4b,Good
0x19b4c,Good
0x19b4d,Good
0x19b56,Good
0x19b57,Good
0x19b58,Good
0x19b59,Good
0x19b62,Good
0x19b63,Good
0x19b64,Good
0x19b65,Good
0x19b6e,Poor
0x19b6f,Poor
0x19b70,Poor
0x19b71,Poor
0x19b7a,Good
0x19b7b,Good
0x19b7c,Good
0x19b7d,Good
0x19b86,Standard
0x19b87,Standard
0x19b88,Standard
0x19b89,Standard
0x19b92,Good
0x19b93,Good
0x19b94,Good
0x19b95,Good
0x19b9e,Standard
0x19b9f,Good
0x19ba0,Good
0x19ba1,Standard
0x19baa,Poor
0x19bab,Poor
0x19bac,Poor
0x19bad,Poor
0x19bb6,Good
0x19bb7,Good
0x19bb8,Good
0x19bb9,Good
0x19bc2,Good
0x19bc3,Good
0x19bc4,Standard
0x19bc5,Good
0x19bce,Poor
0x19bcf,Poor
0x19bd0,Poor
0x19bd1,Poor
0x19bda,Standard
0x19bdb,Standard
0x19bdc,Poor
0x19bdd,Standard
0x19be6,Good
0x19be7,Good
0x19be8,Good
0x19be9,Good
0x19bf2,Good
0x19bf3,Good
0x19bf4,Good
0x19bf5,Good
0x19bfe,Good
0x19bff,Good
0x19c00,Good
0x19c01,Good
0x19c0a,Standard
0x19c0b,Poor
0x19c0c,Standard
0x19c0d,Poor
0x19c16,Poor
0x19c17,Poor
0x19c18,Poor
0x19c19,Poor
0x19c22,Good
0x19c23,Good
0x19c24,Good
0x19c25,Good
0x19c2e,Poor
0x19c2f,Poor
0x19c30,Poor
0x19c31,Poor
0x19c3a,Good
0x19c3b,Good
0x19c3c,Good
0x19c3d,Standard
0x19c46,Poor
0x19c47,Poor
0x19c48,Poor
0x19c49,Poor
0x19c52,Poor
0x19c53,Poor
0x19c54,Poor
0x19c55,Poor
0x19c5e,Standard
0x19c5f,Standard
0x19c60,Standard
0x19c61,Standard
0x19c6a,Good
0x19c6b,Good
0x19c6c,Good
0x19c6d,Good
0x19c76,Good
0x19c77,Good
0x19c78,Good
0x19c79,Good
0x19c82,Good
0x19c83,Good
0x19c84,Good
0x19c85,Good
0x19c8e,Poor
0x19c8f,Poor
0x19c90,Poor
0x19c91,Poor
0x19c9a,Good
0x19c9b,Good
0x19c9c,Good
0x19c9d,Good
0x19ca6,Poor
0x19ca7,Poor
0x19ca8,Poor
0x19ca9,Poor
0x19cb2,Poor
0x19cb3,Poor
0x19cb4,Standard
0x19cb5,Standard
0x19cbe,Good
0x19cbf,Good
0x19cc0,Good
0x19cc1,Good
0x19cca,Good
0x19ccb,Good
0x19ccc,Good
0x19ccd,Good
0x19cd6,Good
0x19cd7,Good
0x19cd8,Good
0x19cd9,Good
0x19ce2,Good
0x19ce3,Standard
0x19ce4,Good
0x19ce5,Good
0x19cee,Good
0x19cef,Good
0x19cf0,Good
0x19cf1,Good
0x19cfa,Standard
0x19cfb,Standard
0x19cfc,Standard
0x19cfd,Standard
0x19d06,Good
0x19d07,Good
0x19d08,Good
0x19d09,Good
0x19d12,Good
0x19d13,Good
0x19d14,Good
0x19d15,Good
0x19d1e,Poor
0x19d1f,Poor
0x19d20,Poor
0x19d21,Poor
0x19d2a,Poor
0x19d2b,Poor
0x19d2c,Poor
0x19d2d,Poor
0x19d36,Standard
0x19d37,Standard
0x19d38,Standard
0x19d39,Standard
0x19d42,Poor
0x19d43,Poor
0x19d44,Poor
0x19d45,Poor
0x19d4e,Good
0x19d4f,Good
0x19d50,Good
0x19d51,Good
0x19d5a,Good
0x19d5b,Good
0x19d5c,Good
0x19d5d,Good
0x19d66,Good
0x19d67,Good
0x19d68,Standard
0x19d69,Good
0x19d72,Good
0x19d73,Good
0x19d74,Good
0x19d75,Good
0x19d7e,Good
0x19d7f,Good
0x19d80,Good
0x19d81,Good
0x19d8a,Good
0x19d8b,Good
0x19d8c,Good
0x19d8d,Good
0x19d96,Poor
0x19d97,Poor
0x19d98,Poor
0x19d99,Poor
0x19da2,Poor
0x19da3,Poor
0x19da4,Poor
0x19da5,Poor
0x19dae,Good
0x19daf,Good
0x19db0,Good
0x19db1,Good
0x19dba,Standard
0x19dbb,Standard
0x19dbc,Good
0x19dbd,Standard
0x19dc6,Standard
0x19dc7,Standard
0x19dc8,Standard
0x19dc9,Standard
0x19dd2,Good
0x19dd3,Good
0x19dd4,Good
0x19dd5,Good
0x19dde,Standard
0x19ddf,Standard
0x19de0,Standard
0x19de1,Standard
0x19dea,Good
0x19deb,Good
0x19dec,Good
0x19ded,Good
0x19df6,Poor
0x19df7,Poor
0x19df8,Poor
0x19df9,Poor
0x19e02,Good
0x19e03,Good
0x19e04,Good
0x19e05,Good
0x19e0e,Standard
0x19e0f,Standard
0x19e10,Standard
0x19e11,Standard
0x19e1a,Poor
0x19e1b,Poor
0x19e1c,Poor
0x19e1d,Poor
0x19e26,Poor
0x19e27,Poor
0x19e28,Poor
0x19e29,Poor
0x19e32,Poor
0x19e33,Poor
0x19e34,Poor
0x19e35,Poor
0x19e3e,Good
0x19e3f,Good
0x19e40,Good
0x19e41,Good
0x19e4a,Poor
0x19e4b,Poor
0x19e4c,Poor
0x19e4d,Poor
0x19e56,Good
0x19e57,Good
0x19e58,Good
0x19e59,Good
0x19e62,Good
0x19e63,Good
0x19e64,Good
0x19e65,Good
0x19e6e,Poor
0x19e6f,Poor
0x19e70,Poor
0x19e71,Poor
0x19e7a,Good
0x19e7b,Good
0x19e7c,Good
0x19e7d,Good
0x19e86,Good
0x19e87,Good
0x19e88,Good
0x19e89,Good
0x19e92,Poor
0x19e93,Poor
0x19e94,Poor
0x19e95,Poor
0x19e9e,Good
0x19e9f,Good
0x19ea0,Good
0x19ea1,Good
0x19eaa,Good
0x19eab,Good
0x19eac,Good
0x19ead,Good
0x19eb6,Poor
0x19eb7,Poor
0x19eb8,Poor
0x19eb9,Poor
0x19ec2,Poor
0x19ec3,Standard
0x19ec4,Poor
0x19ec5,Standard
0x19ece,Good
0x19ecf,Good
0x19ed0,Good
0x19ed1,Good
0x19eda,Poor
0x19edb,Poor
0x19edc,Poor
0x19edd,Poor
0x19ee6,Standard
0x19ee7,Standard
0x19ee8,Standard
0x19ee9,Standard
0x19ef2,Good
0x19ef3,Good
0x19ef4,Good
0x19ef5,Good
0x19efe,Standard
0x19eff,Standard
0x19f00,Standard
0x19f01,Standard
0x19f0a,Good
0x19f0b,Good
0x19f0c,Good
0x19f0d,Good
0x19f16,Good
0x19f17,Good
0x19f18,Good
0x19f19,Good
0x19f22,Standard
0x19f23,Standard
0x19f24,Standard
0x19f25,Standard
0x19f2e,Good
0x19f2f,Good
0x19f30,Good
0x19f31,Good
0x19f3a,Standard
0x19f3b,Standard
0x19f3c,Standard
0x19f3d,Standard
0x19f46,Good
0x19f47,Standard
0x19f48,Good
0x19f49,Good
0x19f52,Poor
0x19f53,Poor
0x19f54,Poor
0x19f55,Poor
0x19f5e,Poor
0x19f5f,Poor
0x19f60,Poor
0x19f61,Poor
0x19f6a,Good
0x19f6b,Good
0x19f6c,Good
0x19f6d,Standard
0x19f76,Poor
0x19f77,Poor
0x19f78,Poor
0x19f79,Poor
0x19f82,Poor
0x19f83,Poor
0x19f84,Poor
0x19f85,Standard
0x19f8e,Poor
0x19f8f,Poor
0x19f90,Poor
0x19f91,Poor
0x19f9a,Good
0x19f9b,Good
0x19f9c,Good
0x19f9d,Good
0x19fa6,Good
0x19fa7,Good
0x19fa8,Good
0x19fa9,Good
0x19fb2,Poor
0x19fb3,Standard
0x19fb4,Poor
0x19fb5,Poor
0x19fbe,Poor
0x19fbf,Standard
0x19fc0,Poor
0x19fc1,Standard
0x19fca,Good
0x19fcb,Good
0x19fcc,Good
0x19fcd,Good
0x19fd6,Poor
0x19fd7,Poor
0x19fd8,Poor
0x19fd9,Poor
0x19fe2,Good
0x19fe3,Good
0x19fe4,Good
0x19fe5,Good
0x19fee,Poor
0x19fef,Poor
0x19ff0,Poor
0x19ff1,Poor
0x19ffa,Standard
0x19ffb,Standard
0x19ffc,Standard
0x19ffd,Standard
0x1a006,Standard
0x1a007,Standard
0x1a008,Standard
0x1a009,Standard
0x1a012,Poor
0x1a013,Poor
0x1a014,Poor
0x1a015,Poor
0x1a01e,Good
0x1a01f,Good
0x1a020,Good
0x1a021,Good
0x1a02a,Good
0x1a02b,Good
0x1a02c,Good
0x1a02d,Good
0x1a036,Poor
0x1a037,Poor
0x1a038,Poor
0x1a039,Poor
0x1a042,Poor
0x1a043,Poor
0x1a044,Poor
0x1a045,Poor
0x1a04e,Good
0x1a04f,Good
0x1a050,Good
0x1a051,Good
0x1a05a,Poor
0x1a05b,Poor
0x1a05c,Poor
0x1a05d,Poor
0x1a066,Poor
0x1a067,Poor
0x1a068,Poor
0x1a069,Poor
0x1a072,Good
0x1a073,Good
0x1a074,Good
0x1a075,Good
0x1a07e,Good
0x1a07f,Good
0x1a080,Good
0x1a081,Standard
0x1a08a,Poor
0x1a08b,Poor
0x1a08c,Poor
0x1a08d,Poor
0x1a096,Standard
0x1a097,Standard
0x1a098,Standard
0x1a099,Standard
0x1a0a2,Good
0x1a0a3,Good
0x1a0a4,Good
0x1a0a5,Good
0x1a0ae,Poor
0x1a0af,Standard
0x1a0b0,Standard
0x1a0b1,Standard
0x1a0ba,Standard
0x1a0bb,Standard
0x1a0bc,Poor
0x1a0bd,Standard
0x1a0c6,Poor
0x1a0c7,Standard
0x1a0c8,Standard
0x1a0c9,Standard
0x1a0d2,Standard
0x1a0d3,Standard
0x1a0d4,Standard
0x1a0d5,Standard
0x1a0de,Good
0x1a0df,Good
0x1a0e0,Good
0x1a0e1,Good
0x1a0ea,Standard
0x1a0eb,Standard
0x1a0ec,Good
0x1a0ed,Standard
0x1a0f6,Poor
0x1a0f7,Poor
0x1a0f8,Poor
0x1a0f9,Poor
0x1a102,Standard
0x1a103,Standard
0x1a104,Good
0x1a105,Standard
0x1a10e,Poor
0x1a10f,Poor
0x1a110,Poor
0x1a111,Poor
0x1a11a,Good
0x1a11b,Good
0x1a11c,Good
0x1a11d,Good
0x1a126,Good
0x1a127,Good
0x1a128,Good
0x1a129,Good
0x1a132,Good
0x1a133,Standard
0x1a134,Good
0x1a135,Good
0x1a13e,Poor
0x1a13f,Poor
0x1a140,Poor
0x1a141,Poor
0x1a14a,Standard
0x1a14b,Poor
0x1a14c,Standard
0x1a14d,Standard
0x1a156,Standard
0x1a157,Standard
0x1a158,Standard
0x1a159,Standard
0x1a162,Poor
0x1a163,Poor
0x1a164,Poor
0x1a165,Poor
0x1a16e,Good
0x1a16f,Good
0x1a170,Good
0x1a171,Good
0x1a17a,Good
0x1a17b,Good
0x1a17c,Good
0x1a17d,Good
0x1a186,Good
0x1a187,Good
0x1a188,Good
0x1a189,Good
0x1a192,Good
0x1a193,Good
0x1a194,Good
0x1a195,Good
0x1a19e,Good
0x1a19f,Good
0x1a1a0,Good
0x1a1a1,Good
0x1a1aa,Poor
0x1a1ab,Poor
0x1a1ac,Poor
0x1a1ad,Poor
0x1a1b6,Standard
0x1a1b7,Standard
0x1a1b8,Standard
0x1a1b9,Standard
0x1a1c2,Standard
0x1a1c3,Standard
0x1a1c4,Standard
0x1a1c5,Standard
0x1a1ce,Poor
0x1a1cf,Poor
0x1a1d0,Poor
0x1a1d1,Poor
0x1a1da,Standard
0x1a1db,Poor
0x1a1dc,Poor
0x1a1dd,Poor
0x1a1e6,Good
0x1a1e7,Good
0x1a1e8,Good
0x1a1e9,Good
0x1a1f2,Poor
0x1a1f3,Standard
0x1a1f4,Standard
0x1a1f5,Poor
0x1a1fe,Good
0x1a1ff,Good
0x1a200,Good
0x1a201,Good
0x1a20a,Good
0x1a20b,Good
0x1a20c,Standard
0x1a20d,Standard
0x1a216,Poor
0x1a217,Poor
0x1a218,Standard
0x1a219,Poor
0x1a222,Good
0x1a223,Good
0x1a224,Good
0x1a225,Good
0x1a22e,Poor
0x1a22f,Poor
0x1a230,Poor
0x1a231,Poor
0x1a23a,Good
0x1a23b,Good
0x1a23c,Good
0x1a23d,Good
0x1a246,Poor
0x1a247,Poor
0x1a248,Poor
0x1a249,Poor
0x1a252,Poor
0x1a253,Poor
0x1a254,Poor
0x1a255,Poor
0x1a25e,Good
0x1a25f,Good
0x1a260,Good
0x1a261,Good
0x1a26a,Good
0x1a26b,Good
0x1a26c,Good
0x1a26d,Good
0x1a276,Standard
0x1a277,Standard
0x1a278,Standard
0x1a279,Standard
0x1a282,Good
0x1a283,Good
0x1a284,Good
0x1a285,Good
0x1a28e,Good
0x1a28f,Good
0x1a290,Good
0x1a291,Good
0x1a29a,Good
0x1a29b,Good
0x1a29c,Good
0x1a29d,Good
0x1a2a6,Standard
0x1a2a7,Standard
0x1a2a8,Standard
0x1a2a9,Standard
0x1a2b2,Standard
0x1a2b3,Standard
0x1a2b4,Standard
0x1a2b5,Standard
0x1a2be,Good
0x1a2bf,Good
0x1a2c0,Good
0x1a2c1,Good
0x1a2ca,Poor
0x1a2cb,Poor
0x1a2cc,Poor
0x1a2cd,Poor
0x1a2d6,Good
0x1a2d7,Good
0x1a2d8,Good
0x1a2d9,Good
0x1a2e2,Poor
0x1a2e3,Poor
0x1a2e4,Poor
0x1a2e5,Poor
0x1a2ee,Poor
0x1a2ef,Standard
0x1a2f0,Poor
0x1a2f1,Poor
0x1a2fa,Good
0x1a2fb,Good
0x1a2fc,Good
0x1a2fd,Good
0x1a306,Good
0x1a307,Good
0x1a308,Good
0x1a309,Good
0x1a312,Good
0x1a313,Good
0x1a314,Good
0x1a315,Good
0x1a31e,Good
0x1a31f,Good
0x1a320,Good
0x1a321,Good
0x1a32a,Standard
0x1a32b,Standard
0x1a32c,Standard
0x1a32d,Standard
0x1a336,Standard
0x1a337,Standard
0x1a338,Standard
0x1a339,Poor
0x1a342,Good
0x1a343,Good
0x1a344,Good
0x1a345,Good
0x1a34e,Good
0x1a34f,Good
0x1a350,Good
0x1a351,Good
0x1a35a,Standard
0x1a35b,Standard
0x1a35c,Standard
0x1a35d,Standard
0x1a366,Standard
0x1a367,Standard
0x1a368,Standard
0x1a369,Standard
0x1a372,Poor
0x1a373,Poor
0x1a374,Poor
0x1a375,Poor
0x1a37e,Poor
0x1a37f,Poor
0x1a380,Poor
0x1a381,Poor
0x1a38a,Good
0x1a38b,Good
0x1a38c,Good
0x1a38d,Good
0x1a396,Good
0x1a397,Good
0x1a398,Good
0x1a399,Good
0x1a3a2,Poor
0x1a3a3,Poor
0x1a3a4,Poor
0x1a3a5,Poor
0x1a3ae,Poor
0x1a3af,Poor
0x1a3b0,Poor
0x1a3b1,Poor
0x1a3ba,Good
0x1a3bb,Good
0x1a3bc,Good
0x1a3bd,Good
0x1a3c6,Good
0x1a3c7,Good
0x1a3c8,Good
0x1a3c9,Good
0x1a3d2,Poor
0x1a3d3,Poor
0x1a3d4,Poor
0x1a3d5,Poor
0x1a3de,Good
0x1a3df,Good
0x1a3e0,Good
0x1a3e1,Good
0x1a3ea,Poor
0x1a3eb,Poor
0x1a3ec,Poor
0x1a3ed,Poor
0x1a3f6,Poor
0x1a3f7,Poor
0x1a3f8,Poor
0x1a3f9,Poor
0x1a402,Good
0x1a403,Good
0x1a404,Good
0x1a405,Good
0x1a40e,Standard
0x1a40f,Standard
0x1a410,Standard
0x1a411,Standard
0x1a41a,Good
0x1a41b,Good
0x1a41c,Good
0x1a41d,Good
0x1a426,Good
0x1a427,Good
0x1a428,Good
0x1a429,Good
0x1a432,Poor
0x1a433,Poor
0x1a434,Poor
0x1a435,Standard
0x1a43e,Good
0x1a43f,Good
0x1a440,Good
0x1a441,Good
0x1a44a,Poor
0x1a44b,Poor
0x1a44c,Poor
0x1a44d,Poor
0x1a456,Poor
0x1a457,Poor
0x1a458,Poor
0x1a459,Poor
0x1a462,Good
0x1a463,Good
0x1a464,Good
0x1a465,Good
0x1a46e,Good
0x1a46f,Standard
0x1a470,Standard
0x1a471,Good
0x1a47a,Good
0x1a47b,Good
0x1a47c,Good
0x1a47d,Good
0x1a486,Poor
0x1a487,Poor
0x1a488,Poor
0x1a489,Poor
0x1a492,Standard
0x1a493,Standard
0x1a494,Standard
0x1a495,Standard
0x1a49e,Good
0x1a49f,Good
0x1a4a0,Good
0x1a4a1,Good
0x1a4aa,Good
0x1a4ab,Good
0x1a4ac,Good
0x1a4ad,Good
0x1a4b6,Good
0x1a4b7,Good
0x1a4b8,Good
0x1a4b9,Good
0x1a4c2,Poor
0x1a4c3,Poor
0x1a4c4,Poor
0x1a4c5,Poor
0x1a4ce,Poor
0x1a4cf,Poor
0x1a4d0,Poor
0x1a4d1,Poor
0x1a4da,Good
0x1a4db,Good
0x1a4dc,Good
0x1a4dd,Good
0x1a4e6,Good
0x1a4e7,Good
0x1a4e8,Good
0x1a4e9,Good
0x1a4f2,Good
0x1a4f3,Good
0x1a4f4,Good
0x1a4f5,Good
0x1a4fe,Good
0x1a4ff,Good
0x1a500,Good
0x1a501,Good
0x1a50a,Good
0x1a50b,Good
0x1a50c,Good
0x1a50d,Good
0x1a516,Poor
0x1a517,Poor
0x1a518,Poor
0x1a519,Poor
0x1a522,Standard
0x1a523,Standard
0x1a524,Standard
0x1a525,Standard
0x1a52e,Poor
0x1a52f,Poor
0x1a530,Poor
0x1a531,Poor
0x1a53a,Standard
0x1a53b,Standard
0x1a53c,Standard
0x1a53d,Standard
0x1a546,Standard
0x1a547,Standard
0x1a548,Standard
0x1a549,Standard
0x1a552,Standard
0x1a553,Standard
0x1a554,Standard
0x1a555,Standard
0x1a55e,Poor
0x1a55f,Poor
0x1a560,Poor
0x1a561,Poor
0x1a56a,Good
0x1a56b,Good
0x1a56c,Good
0x1a56d,Good
0x1a576,Good
0x1a577,Good
0x1a578,Good
0x1a579,Good
0x1a582,Poor
0x1a583,Poor
0x1a584,Poor
0x1a585,Poor
0x1a58e,Poor
0x1a58f,Poor
0x1a590,Poor
0x1a591,Poor
0x1a59a,Good
0x1a59b,Good
0x1a59c,Good
0x1a59d,Good
0x1a5a6,Poor
0x1a5a7,Poor
0x1a5a8,Poor
0x1a5a9,Poor
0x1a5b2,Standard
0x1a5b3,Standard
0x1a5b4,Standard
0x1a5b5,Standard
0x1a5be,Poor
0x1a5bf,Poor
0x1a5c0,Poor
0x1a5c1,Poor
0x1a5ca,Poor
0x1a5cb,Standard
0x1a5cc,Standard
0x1a5cd,Standard
0x1a5d6,Good
0x1a5d7,Good
0x1a5d8,Good
0x1a5d9,Good
0x1a5e2,Poor
0x1a5e3,Poor
0x1a5e4,Poor
0x1a5e5,Poor
0x1a5ee,Standard
0x1a5ef,Standard
0x1a5f0,Standard
0x1a5f1,Standard
0x1a5fa,Good
0x1a5fb,Standard
0x1a5fc,Standard
0x1a5fd,Standard
0x1a606,Poor
0x1a607,Poor
0x1a608,Poor
0x1a609,Poor
0x1a612,Good
0x1a613,Good
0x1a614,Good
0x1a615,Good
0x1a61e,Poor
0x1a61f,Poor
0x1a620,Poor
0x1a621,Poor
0x1a62a,Good
0x1a62b,Good
0x1a62c,Good
0x1a62d,Good
0x1a636,Poor
0x1a637,Poor
0x1a638,Poor
0x1a639,Poor
0x1a642,Good
0x1a643,Good
0x1a644,Good
0x1a645,Good
0x1a64e,Poor
0x1a64f,Poor
0x1a650,Standard
0x1a651,Poor
0x1a65a,Good
0x1a65b,Good
0x1a65c,Good
0x1a65d,Good
0x1a666,Poor
0x1a667,Poor
0x1a668,Poor
0x1a669,Poor
0x1a672,Poor
0x1a673,Poor
0x1a674,Poor
0x1a675,Poor
0x1a67e,Standard
0x1a67f,Standard
0x1a680,Standard
0x1a681,Standard
0x1a68a,Good
0x1a68b,Good
0x1a68c,Good
0x1a68d,Good
0x1a696,Good
0x1a697,Good
0x1a698,Good
0x1a699,Good
0x1a6a2,Poor
0x1a6a3,Poor
0x1a6a4,Poor
0x1a6a5,Poor
0x1a6ae,Standard
0x1a6af,Standard
0x1a6b0,Poor
0x1a6b1,Standard
0x1a6ba,Poor
0x1a6bb,Poor
0x1a6bc,Poor
0x1a6bd,Poor
0x1a6c6,Standard
0x1a6c7,Poor
0x1a6c8,Standard
0x1a6c9,Standard
0x1a6d2,Poor
0x1a6d3,Poor
0x1a6d4,Poor
0x1a6d5,Poor
0x1a6de,Standard
0x1a6df,Standard
0x1a6e0,Standard
0x1a6e1,Good
0x1a6ea,Poor
0x1a6eb,Poor
0x1a6ec,Poor
0x1a6ed,Poor
0x1a6f6,Good
0x1a6f7,Good
0x1a6f8,Good
0x1a6f9,Good
0x1a702,Good
0x1a703,Good
0x1a704,Good
0x1a705,Good
0x1a70e,Standard
0x1a70f,Poor
0x1a710,Standard
0x1a711,Standard
0x1a71a,Standard
0x1a71b,Standard
0x1a71c,Standard
0x1a71d,Standard
0x1a726,Good
0x1a727,Good
0x1a728,Good
0x1a729,Good
0x1a732,Good
0x1a733,Good
0x1a734,Good
0x1a735,Good
0x1a73e,Good
0x1a73f,Good
0x1a740,Good
0x1a741,Good
0x1a74a,Good
0x1a74b,Good
0x1a74c,Good
0x1a74d,Good
0x1a756,Standard
0x1a757,Poor
0x1a758,Poor
0x1a759,Poor
0x1a762,Standard
0x1a763,Standard
0x1a764,Poor
0x1a765,Poor
0x1a76e,Good
0x1a76f,Good
0x1a770,Good
0x1a771,Good
0x1a77a,Good
0x1a77b,Good
0x1a77c,Good
0x1a77d,Good
0x1a786,Poor
0x1a787,Poor
0x1a788,Poor
0x1a789,Poor
0x1a792,Standard
0x1a793,Standard
0x1a794,Standard
0x1a795,Standard
0x1a79e,Poor
0x1a79f,Poor
0x1a7a0,Poor
0x1a7a1,Poor
0x1a7aa,Good
0x1a7ab,Good
0x1a7ac,Good
0x1a7ad,Good
0x1a7b6,Good
0x1a7b7,Good
0x1a7b8,Good
0x1a7b9,Good
0x1a7c2,Good
0x1a7c3,Good
0x1a7c4,Good
0x1a7c5,Good
0x1a7ce,Poor
0x1a7cf,Poor
0x1a7d0,Poor
0x1a7d1,Poor
0x1a7da,Poor
0x1a7db,Poor
0x1a7dc,Poor
0x1a7dd,Poor
0x1a7e6,Poor
0x1a7e7,Poor
0x1a7e8,Poor
0x1a7e9,Poor
0x1a7f2,Good
0x1a7f3,Good
0x1a7f4,Good
0x1a7f5,Good
0x1a7fe,Good
0x1a7ff,Good
0x1a800,Standard
0x1a801,Good
0x1a80a,Good
0x1a80b,Good
0x1a80c,Good
0x1a80d,Good
0x1a816,Good
0x1a817,Good
0x1a818,Good
0x1a819,Good
0x1a822,Poor
0x1a823,Poor
0x1a824,Poor
0x1a825,Poor
0x1a82e,Good
0x1a82f,Good
0x1a830,Good
0x1a831,Good
0x1a83a,Good
0x1a83b,Good
0x1a83c,Good
0x1a83d,Good
0x1a846,Standard
0x1a847,Standard
0x1a848,Standard
0x1a849,Standard
0x1a852,Poor
0x1a853,Standard
0x1a854,Poor
0x1a855,Poor
0x1a85e,Good
0x1a85f,Good
0x1a860,Good
0x1a861,Good
0x1a86a,Poor
0x1a86b,Standard
0x1a86c,Standard
0x1a86d,Poor
0x1a876,Good
0x1a877,Good
0x1a878,Good
0x1a879,Good
0x1a882,Good
0x1a883,Good
0x1a884,Good
0x1a885,Good
0x1a88e,Poor
0x1a88f,Poor
0x1a890,Poor
0x1a891,Poor
0x1a89a,Poor
0x1a89b,Poor
0x1a89c,Poor
0x1a89d,Poor
0x1a8a6,Poor
0x1a8a7,Poor
0x1a8a8,Poor
0x1a8a9,Poor
0x1a8b2,Standard
0x1a8b3,Standard
0x1a8b4,Standard
0x1a8b5,Standard
0x1a8be,Good
0x1a8bf,Standard
0x1a8c0,Standard
0x1a8c1,Standard
0x1a8ca,Good
0x1a8cb,Good
0x1a8cc,Good
0x1a8cd,Good
0x1a8d6,Poor
0x1a8d7,Poor
0x1a8d8,Poor
0x1a8d9,Poor
0x1a8e2,Good
0x1a8e3,Good
0x1a8e4,Good
0x1a8e5,Good
0x1a8ee,Good
0x1a8ef,Good
0x1a8f0,Good
0x1a8f1,Good
0x1a8fa,Standard
0x1a8fb,Poor
0x1a8fc,Standard
0x1a8fd,Standard
0x1a906,Standard
0x1a907,Good
0x1a908,Good
0x1a909,Good
0x1a912,Good
0x1a913,Good
0x1a914,Good
0x1a915,Good
0x1a91e,Good
0x1a91f,Good
0x1a920,Good
0x1a921,Good
0x1a92a,Good
0x1a92b,Good
0x1a92c,Good
0x1a92d,Good
0x1a936,Good
0x1a937,Good
0x1a938,Good
0x1a939,Good
0x1a942,Poor
0x1a943,Poor
0x1a944,Poor
0x1a945,Poor
0x1a94e,Poor
0x1a94f,Poor
0x1a950,Poor
0x1a951,Poor
0x1a95a,Poor
0x1a95b,Standard
0x1a95c,Poor
0x1a95d,Poor
0x1a966,Good
0x1a967,Good
0x1a968,Good
0x1a969,Good
0x1a972,Standard
0x1a973,Standard
0x1a974,Standard
0x1a975,Standard
0x1a97e,Good
0x1a97f,Good
0x1a980,Good
0x1a981,Good
0x1a98a,Standard
0x1a98b,Standard
0x1a98c,Standard
0x1a98d,Standard
0x1a996,Standard
0x1a997,Poor
0x1a998,Poor
0x1a999,Poor
0x1a9a2,Good
0x1a9a3,Good
0x1a9a4,Good
0x1a9a5,Good
0x1a9ae,Good
0x1a9af,Good
0x1a9b0,Good
0x1a9b1,Good
0x1a9ba,Good
0x1a9bb,Good
0x1a9bc,Good
0x1a9bd,Good
0x1a9c6,Poor
0x1a9c7,Poor
0x1a9c8,Poor
0x1a9c9,Poor
0x1a9d2,Good
0x1a9d3,Good
0x1a9d4,Good
0x1a9d5,Good
0x1a9de,Good
0x1a9df,Good
0x1a9e0,Good
0x1a9e1,Good
0x1a9ea,Poor
0x1a9eb,Poor
0x1a9ec,Poor
0x1a9ed,Poor
0x1a9f6,Good
0x1a9f7,Good
0x1a9f8,Good
0x1a9f9,Good
0x1aa02,Poor
0x1aa03,Poor
0x1aa04,Poor
0x1aa05,Poor
0x1aa0e,Poor
0x1aa0f,Poor
0x1aa10,Poor
0x1aa11,Poor
0x1aa1a,Good
0x1aa1b,Good
0x1aa1c,Good
0x1aa1d,Good
0x1aa26,Poor
0x1aa27,Standard
0x1aa28,Poor
0x1aa29,Standard
0x1aa32,Good
0x1aa33,Good
0x1aa34,Good
0x1aa35,Standard
0x1aa3e,Good
0x1aa3f,Good
0x1aa40,Good
0x1aa41,Good
0x1aa4a,Standard
0x1aa4b,Standard
0x1aa4c,Standard
0x1aa4d,Standard
0x1aa56,Poor
0x1aa57,Poor
0x1aa58,Poor
0x1aa59,Poor
0x1aa62,Good
0x1aa63,Good
0x1aa64,Good
0x1aa65,Good
0x1aa6e,Poor
0x1aa6f,Poor
0x1aa70,Poor
0x1aa71,Poor
0x1aa7a,Good
0x1aa7b,Standard
0x1aa7c,Good
0x1aa7d,Good
0x1aa86,Good
0x1aa87,Good
0x1aa88,Good
0x1aa89,Good
0x1aa92,Standard
0x1aa93,Standard
0x1aa94,Standard
0x1aa95,Standard
0x1aa9e,Poor
0x1aa9f,Poor
0x1aaa0,Poor
0x1aaa1,Poor
0x1aaaa,Good
0x1aaab,Good
0x1aaac,Good
0x1aaad,Good
0x1aab6,Good
0x1aab7,Good
0x1aab8,Good
0x1aab9,Good
0x1aac2,Good
0x1aac3,Good
0x1aac4,Good
0x1aac5,Good
0x1aace,Standard
0x1aacf,Standard
0x1aad0,Standard
0x1aad1,Standard
0x1aada,Poor
0x1aadb,Poor
0x1aadc,Poor
0x1aadd,Poor
0x1aae6,Poor
0x1aae7,Poor
0x1aae8,Poor
0x1aae9,Poor
0x1aaf2,Poor
0x1aaf3,Poor
0x1aaf4,Poor
0x1aaf5,Poor
0x1aafe,Standard
0x1aaff,Standard
0x1ab00,Standard
0x1ab01,Standard
0x1ab0a,Standard
0x1ab0b,Standard
0x1ab0c,Standard
0x1ab0d,Standard
0x1ab16,Good
0x1ab17,Good
0x1ab18,Good
0x1ab19,Good
0x1ab22,Good
0x1ab23,Good
0x1ab24,Good
0x1ab25,Good
0x1ab2e,Good
0x1ab2f,Good
0x1ab30,Good
0x1ab31,Good
0x1ab3a,Poor
0x1ab3b,Poor
0x1ab3c,Poor
0x1ab3d,Poor
0x1ab46,Poor
0x1ab47,Poor
0x1ab48,Poor
0x1ab49,Poor
0x1ab52,Standard
0x1ab53,Standard
0x1ab54,Standard
0x1ab55,Standard
0x1ab5e,Good
0x1ab5f,Good
0x1ab60,Good
0x1ab61,Good
0x1ab6a,Poor
0x1ab6b,Poor
0x1ab6c,Poor
0x1ab6d,Poor
0x1ab76,Standard
0x1ab77,Standard
0x1ab78,Standard
0x1ab79,Standard
0x1ab82,Poor
0x1ab83,Poor
0x1ab84,Poor
0x1ab85,Poor
0x1ab8e,Poor
0x1ab8f,Poor
0x1ab90,Poor
0x1ab91,Poor
0x1ab9a,Good
0x1ab9b,Good
0x1ab9c,Good
0x1ab9d,Good
0x1aba6,Good
0x1aba7,Good
0x1aba8,Good
0x1aba9,Good
0x1abb2,Good
0x1abb3,Good
0x1abb4,Good
0x1abb5,Good
0x1abbe,Good
0x1abbf,Good
0x1abc0,Good
0x1abc1,Good
0x1abca,Good
0x1abcb,Standard
0x1abcc,Good
0x1abcd,Good
0x1abd6,Good
0x1abd7,Good
0x1abd8,Good
0x1abd9,Good
0x1abe2,Poor
0x1abe3,Poor
0x1abe4,Poor
0x1abe5,Poor
0x1abee,Standard
0x1abef,Good
0x1abf0,Good
0x1abf1,Good
0x1abfa,Good
0x1abfb,Good
0x1abfc,Good
0x1abfd,Good
0x1ac06,Good
0x1ac07,Good
0x1ac08,Good
0x1ac09,Good
0x1ac12,Good
0x1ac13,Good
0x1ac14,Good
0x1ac15,Good
0x1ac1e,Poor
0x1ac1f,Poor
0x1ac20,Poor
0x1ac21,Poor
0x1ac2a,Standard
0x1ac2b,Standard
0x1ac2c,Standard
0x1ac2d,Standard
0x1ac36,Good
0x1ac37,Good
0x1ac38,Poor
0x1ac39,Good
0x1ac42,Poor
0x1ac43,Poor
0x1ac44,Poor
0x1ac45,Poor
0x1ac4e,Good
0x1ac4f,Good
0x1ac50,Good
0x1ac51,Good
0x1ac5a,Standard
0x1ac5b,Standard
0x1ac5c,Standard
0x1ac5d,Standard
0x1ac66,Poor
0x1ac67,Poor
0x1ac68,Poor
0x1ac69,Poor
0x1ac72,Standard
0x1ac73,Standard
0x1ac74,Standard
0x1ac75,Standard
0x1ac7e,Poor
0x1ac7f,Poor
0x1ac80,Poor
0x1ac81,Poor
0x1ac8a,Poor
0x1ac8b,Standard
0x1ac8c,Poor
0x1ac8d,Poor
0x1ac96,Poor
0x1ac97,Poor
0x1ac98,Poor
0x1ac99,Poor
0x1aca2,Good
0x1aca3,Good
0x1aca4,Good
0x1aca5,Good
0x1acae,Poor
0x1acaf,Poor
0x1acb0,Poor
0x1acb1,Poor
0x1acba,Poor
0x1acbb,Poor
0x1acbc,Poor
0x1acbd,Poor
0x1acc6,Standard
0x1acc7,Standard
0x1acc8,Standard
0x1acc9,Standard
0x1acd2,Good
0x1acd3,Good
0x1acd4,Good
0x1acd5,Good
0x1acde,Good
0x1acdf,Good
0x1ace0,Good
0x1ace1,Good
0x1acea,Standard
0x1aceb,Standard
0x1acec,Standard
0x1aced,Good
0x1acf6,Poor
0x1acf7,Poor
0x1acf8,Poor
0x1acf9,Poor
0x1ad02,Standard
0x1ad03,Standard
0x1ad04,Standard
0x1ad05,Standard
0x1ad0e,Poor
0x1ad0f,Poor
0x1ad10,Poor
0x1ad11,Poor
0x1ad1a,Good
0x1ad1b,Good
0x1ad1c,Good
0x1ad1d,Good
0x1ad26,Poor
0x1ad27,Poor
0x1ad28,Poor
0x1ad29,Poor
0x1ad32,Good
0x1ad33,Good
0x1ad34,Good
0x1ad35,Good
0x1ad3e,Good
0x1ad3f,Good
0x1ad40,Good
0x1ad41,Good
0x1ad4a,Standard
0x1ad4b,Standard
0x1ad4c,Standard
0x1ad4d,Standard
0x1ad56,Poor
0x1ad57,Poor
0x1ad58,Poor
0x1ad59,Poor
0x1ad62,Good
0x1ad63,Good
0x1ad64,Standard
0x1ad65,Good
0x1ad6e,Good
0x1ad6f,Good
0x1ad70,Good
0x1ad71,Good
0x1ad7a,Poor
0x1ad7b,Poor
0x1ad7c,Poor
0x1ad7d,Poor
0x1ad86,Good
0x1ad87,Good
0x1ad88,Good
0x1ad89,Good
0x1ad92,Poor
0x1ad93,Poor
0x1ad94,Poor
0x1ad95,Poor
0x1ad9e,Good
0x1ad9f,Good
0x1ada0,Good
0x1ada1,Good
0x1adaa,Good
0x1adab,Good
0x1adac,Good
0x1adad,Good
0x1adb6,Poor
0x1adb7,Poor
0x1adb8,Poor
0x1adb9,Poor
0x1adc2,Poor
0x1adc3,Poor
0x1adc4,Poor
0x1adc5,Poor
0x1adce,Poor
0x1adcf,Poor
0x1add0,Poor
0x1add1,Poor
0x1adda,Good
0x1addb,Good
0x1addc,Good
0x1addd,Good
0x1ade6,Good
0x1ade7,Good
0x1ade8,Good
0x1ade9,Good
0x1adf2,Poor
0x1adf3,Poor
0x1adf4,Poor
0x1adf5,Poor
0x1adfe,Poor
0x1adff,Poor
0x1ae00,Poor
0x1ae01,Poor
0x1ae0a,Poor
0x1ae0b,Poor
0x1ae0c,Poor
0x1ae0d,Poor
0x1ae16,Poor
0x1ae17,Poor
0x1ae18,Poor
0x1ae19,Poor
0x1ae22,Standard
0x1ae23,Standard
0x1ae24,Poor
0x1ae25,Standard
0x1ae2e,Good
0x1ae2f,Good
0x1ae30,Good
0x1ae31,Standard
0x1ae3a,Good
0x1ae3b,Good
0x1ae3c,Good
0x1ae3d,Standard
0x1ae46,Poor
0x1ae47,Poor
0x1ae48,Poor
0x1ae49,Poor
0x1ae52,Poor
0x1ae53,Poor
0x1ae54,Poor
0x1ae55,Poor
0x1ae5e,Good
0x1ae5f,Good
0x1ae60,Good
0x1ae61,Good
0x1ae6a,Standard
0x1ae6b,Standard
0x1ae6c,Standard
0x1ae6d,Standard
0x1ae76,Good
0x1ae77,Good
0x1ae78,Good
0x1ae79,Good
0x1ae82,Good
0x1ae83,Good
0x1ae84,Good
0x1ae85,Good
0x1ae8e,Poor
0x1ae8f,Poor
0x1ae90,Poor
0x1ae91,Poor
0x1ae9a,Poor
0x1ae9b,Poor
0x1ae9c,Poor
0x1ae9d,Poor
0x1aea6,Good
0x1aea7,Good
0x1aea8,Good
0x1aea9,Good
0x1aeb2,Good
0x1aeb3,Good
0x1aeb4,Good
0x1aeb5,Good
0x1aebe,Poor
0x1aebf,Poor
0x1aec0,Poor
0x1aec1,Poor
0x1aeca,Good
0x1aecb,Good
0x1aecc,Good
0x1aecd,Good
0x1aed6,Poor
0x1aed7,Poor
0x1aed8,Poor
0x1aed9,Poor
0x1aee2,Poor
0x1aee3,Poor
0x1aee4,Poor
0x1aee5,Poor
0x1aeee,Standard
0x1aeef,Good
0x1aef0,Standard
0x1aef1,Good
0x1aefa,Poor
0x1aefb,Poor
0x1aefc,Poor
0x1aefd,Poor
0x1af06,Good
0x1af07,Good
0x1af08,Good
0x1af09,Good
0x1af12,Poor
0x1af13,Poor
0x1af14,Poor
0x1af15,Poor
0x1af1e,Poor
0x1af1f,Poor
0x1af20,Poor
0x1af21,Poor
0x1af2a,Poor
0x1af2b,Poor
0x1af2c,Poor
0x1af2d,Poor
0x1af36,Poor
0x1af37,Standard
0x1af38,Standard
0x1af39,Standard
0x1af42,Good
0x1af43,Good
0x1af44,Good
0x1af45,Standard
0x1af4e,Poor
0x1af4f,Standard
0x1af50,Standard
0x1af51,Poor
0x1af5a,Good
0x1af5b,Good
0x1af5c,Good
0x1af5d,Good
0x1af66,Poor
0x1af67,Poor
0x1af68,Poor
0x1af69,Poor
0x1af72,Good
0x1af73,Good
0x1af74,Good
0x1af75,Good
0x1af7e,Good
0x1af7f,Good
0x1af80,Good
0x1af81,Good
0x1af8a,Standard
0x1af8b,Poor
0x1af8c,Standard
0x1af8d,Standard
0x1af96,Good
0x1af97,Good
0x1af98,Good
0x1af99,Good
0x1afa2,Standard
0x1afa3,Standard
0x1afa4,Standard
0x1afa5,Standard
0x1afae,Poor
0x1afaf,Poor
0x1afb0,Poor
0x1afb1,Poor
0x1afba,Poor
0x1afbb,Poor
0x1afbc,Poor
0x1afbd,Poor
0x1afc6,Good
0x1afc7,Good
0x1afc8,Good
0x1afc9,Good
0x1afd2,Good
0x1afd3,Good
0x1afd4,Good
0x1afd5,Good
0x1afde,Poor
0x1afdf,Poor
0x1afe0,Poor
0x1afe1,Poor
0x1afea,Poor
0x1afeb,Poor
0x1afec,Poor
0x1afed,Poor
0x1aff6,Standard
0x1aff7,Standard
0x1aff8,Poor
0x1aff9,Standard
0x1b002,Poor
0x1b003,Poor
0x1b004,Poor
0x1b005,Poor
0x1b00e,Poor
0x1b00f,Poor
0x1b010,Poor
0x1b011,Poor
0x1b01a,Standard
0x1b01b,Standard
0x1b01c,Standard
0x1b01d,Standard
0x1b026,Poor
0x1b027,Poor
0x1b028,Poor
0x1b029,Poor
0x1b032,Good
0x1b033,Good
0x1b034,Good
0x1b035,Good
0x1b03e,Standard
0x1b03f,Standard
0x1b040,Standard
0x1b041,Standard
0x1b04a,Poor
0x1b04b,Poor
0x1b04c,Poor
0x1b04d,Poor
0x1b056,Good
0x1b057,Good
0x1b058,Good
0x1b059,Good
0x1b062,Poor
0x1b063,Poor
0x1b064,Standard
0x1b065,Poor
0x1b06e,Standard
0x1b06f,Good
0x1b070,Good
0x1b071,Good
0x1b07a,Standard
0x1b07b,Good
0x1b07c,Standard
0x1b07d,Standard
0x1b086,Good
0x1b087,Good
0x1b088,Good
0x1b089,Good
0x1b092,Good
0x1b093,Good
0x1b094,Good
0x1b095,Good
0x1b09e,Poor
0x1b09f,Poor
0x1b0a0,Poor
0x1b0a1,Poor
0x1b0aa,Standard
0x1b0ab,Standard
0x1b0ac,Standard
0x1b0ad,Standard
0x1b0b6,Good
0x1b0b7,Good
0x1b0b8,Good
0x1b0b9,Good
0x1b0c2,Standard
0x1b0c3,Standard
0x1b0c4,Standard
0x1b0c5,Standard
0x1b0ce,Good
0x1b0cf,Good
0x1b0d0,Good
0x1b0d1,Good
0x1b0da,Standard
0x1b0db,Standard
0x1b0dc,Standard
0x1b0dd,Standard
0x1b0e6,Standard
0x1b0e7,Standard
0x1b0e8,Poor
0x1b0e9,Standard
0x1b0f2,Poor
0x1b0f3,Poor
0x1b0f4,Poor
0x1b0f5,Poor
0x1b0fe,Poor
0x1b0ff,Poor
0x1b100,Poor
0x1b101,Poor
0x1b10a,Good
0x1b10b,Good
0x1b10c,Good
0x1b10d,Good
0x1b116,Standard
0x1b117,Standard
0x1b118,Poor
0x1b119,Poor
0x1b122,Poor
0x1b123,Poor
0x1b124,Poor
0x1b125,Poor
0x1b12e,Good
0x1b12f,Good
0x1b130,Good
0x1b131,Good
0x1b13a,Standard
0x1b13b,Standard
0x1b13c,Standard
0x1b13d,Standard
0x1b146,Standard
0x1b147,Standard
0x1b148,Standard
0x1b149,Standard
0x1b152,Good
0x1b153,Good
0x1b154,Good
0x1b155,Good
0x1b15e,Good
0x1b15f,Good
0x1b160,Good
0x1b161,Good
0x1b16a,Standard
0x1b16b,Standard
0x1b16c,Standard
0x1b16d,Good
0x1b176,Standard
0x1b177,Poor
0x1b178,Poor
0x1b179,Standard
0x1b182,Poor
0x1b183,Standard
0x1b184,Standard
0x1b185,Standard
0x1b18e,Good
0x1b18f,Good
0x1b190,Standard
0x1b191,Good
0x1b19a,Good
0x1b19b,Good
0x1b19c,Good
0x1b19d,Good
0x1b1a6,Poor
0x1b1a7,Poor
0x1b1a8,Poor
0x1b1a9,Poor
0x1b1b2,Poor
0x1b1b3,Poor
0x1b1b4,Poor
0x1b1b5,Poor
0x1b1be,Good
0x1b1bf,Good
0x1b1c0,Good
0x1b1c1,Good
0x1b1ca,Poor
0x1b1cb,Poor
0x1b1cc,Poor
0x1b1cd,Poor
0x1b1d6,Poor
0x1b1d7,Poor
0x1b1d8,Poor
0x1b1d9,Poor
0x1b1e2,Good
0x1b1e3,Good
0x1b1e4,Good
0x1b1e5,Good
0x1b1ee,Good
0x1b1ef,Good
0x1b1f0,Good
0x1b1f1,Good
0x1b1fa,Poor
0x1b1fb,Poor
0x1b1fc,Poor
0x1b1fd,Poor
0x1b206,Good
0x1b207,Good
0x1b208,Good
0x1b209,Good
0x1b212,Good
0x1b213,Good
0x1b214,Good
0x1b215,Good
0x1b21e,Poor
0x1b21f,Poor
0x1b220,Poor
0x1b221,Poor
0x1b22a,Poor
0x1b22b,Poor
0x1b22c,Poor
0x1b22d,Poor
0x1b236,Poor
0x1b237,Poor
0x1b238,Poor
0x1b239,Poor
0x1b242,Good
0x1b243,Good
0x1b244,Good
0x1b245,Good
0x1b24e,Good
0x1b24f,Good
0x1b250,Good
0x1b251,Good
0x1b25a,Good
0x1b25b,Good
0x1b25c,Good
0x1b25d,Standard
0x1b266,Poor
0x1b267,Poor
0x1b268,Poor
0x1b269,Poor
0x1b272,Good
0x1b273,Good
0x1b274,Good
0x1b275,Good
0x1b27e,Good
0x1b27f,Good
0x1b280,Good
0x1b281,Good
0x1b28a,Poor
0x1b28b,Poor
0x1b28c,Poor
0x1b28d,Poor
0x1b296,Poor
0x1b297,Poor
0x1b298,Poor
0x1b299,Poor
0x1b2a2,Good
0x1b2a3,Good
0x1b2a4,Good
0x1b2a5,Good
0x1b2ae,Good
0x1b2af,Good
0x1b2b0,Good
0x1b2b1,Good
0x1b2ba,Good
0x1b2bb,Good
0x1b2bc,Good
0x1b2bd,Good
0x1b2c6,Poor
0x1b2c7,Poor
0x1b2c8,Poor
0x1b2c9,Poor
0x1b2d2,Standard
0x1b2d3,Standard
0x1b2d4,Standard
0x1b2d5,Standard
0x1b2de,Poor
0x1b2df,Poor
0x1b2e0,Poor
0x1b2e1,Poor
0x1b2ea,Poor
0x1b2eb,Poor
0x1b2ec,Poor
0x1b2ed,Poor
0x1b2f6,Good
0x1b2f7,Good
0x1b2f8,Good
0x1b2f9,Good
0x1b302,Good
0x1b303,Good
0x1b304,Good
0x1b305,Good
0x1b30e,Good
0x1b30f,Good
0x1b310,Good
0x1b311,Good
0x1b31a,Poor
0x1b31b,Poor
0x1b31c,Poor
0x1b31d,Poor
0x1b326,Good
0x1b327,Good
0x1b328,Good
0x1b329,Good
0x1b332,Poor
0x1b333,Poor
0x1b334,Poor
0x1b335,Poor
0x1b33e,Poor
0x1b33f,Poor
0x1b340,Poor
0x1b341,Poor
0x1b34a,Poor
0x1b34b,Poor
0x1b34c,Poor
0x1b34d,Poor
0x1b356,Good
0x1b357,Good
0x1b358,Good
0x1b359,Good
0x1b362,Standard
0x1b363,Standard
0x1b364,Standard
0x1b365,Standard
0x1b36e,Good
0x1b36f,Good
0x1b370,Good
0x1b371,Good
0x1b37a,Standard
0x1b37b,Standard
0x1b37c,Poor
0x1b37d,Standard
0x1b386,Good
0x1b387,Good
0x1b388,Good
0x1b389,Good
0x1b392,Good
0x1b393,Good
0x1b394,Good
0x1b395,Good
0x1b39e,Poor
0x1b39f,Poor
0x1b3a0,Poor
0x1b3a1,Poor
0x1b3aa,Poor
0x1b3ab,Poor
0x1b3ac,Poor
0x1b3ad,Poor
0x1b3b6,Poor
0x1b3b7,Poor
0x1b3b8,Poor
0x1b3b9,Poor
0x1b3c2,Good
0x1b3c3,Good
0x1b3c4,Good
0x1b3c5,Good
0x1b3ce,Poor
0x1b3cf,Poor
0x1b3d0,Poor
0x1b3d1,Poor
0x1b3da,Standard
0x1b3db,Standard
0x1b3dc,Standard
0x1b3dd,Standard
0x1b3e6,Good
0x1b3e7,Good
0x1b3e8,Good
0x1b3e9,Good
0x1b3f2,Good
0x1b3f3,Good
0x1b3f4,Good
0x1b3f5,Good
0x1b3fe,Standard
0x1b3ff,Standard
0x1b400,Standard
0x1b401,Standard
0x1b40a,Good
0x1b40b,Good
0x1b40c,Good
0x1b40d,Good
0x1b416,Poor
0x1b417,Poor
0x1b418,Poor
0x1b419,Poor
0x1b422,Good
0x1b423,Good
0x1b424,Good
0x1b425,Good
0x1b42e,Good
0x1b42f,Good
0x1b430,Good
0x1b431,Good
0x1b43a,Good
0x1b43b,Good
0x1b43c,Good
0x1b43d,Good
0x1b446,Standard
0x1b447,Poor
0x1b448,Standard
0x1b449,Standard
0x1b452,Poor
0x1b453,Poor
0x1b454,Poor
0x1b455,Poor
0x1b45e,Poor
0x1b45f,Poor
0x1b460,Poor
0x1b461,Poor
0x1b46a,Good
0x1b46b,Good
0x1b46c,Good
0x1b46d,Good
0x1b476,Poor
0x1b477,Poor
0x1b478,Poor
0x1b479,Poor
0x1b482,Standard
0x1b483,Poor
0x1b484,Poor
0x1b485,Poor
0x1b48e,Standard
0x1b48f,Standard
0x1b490,Good
0x1b491,Good
0x1b49a,Standard
0x1b49b,Standard
0x1b49c,Good
0x1b49d,Standard
0x1b4a6,Good
0x1b4a7,Good
0x1b4a8,Good
0x1b4a9,Good
0x1b4b2,Standard
0x1b4b3,Standard
0x1b4b4,Standard
0x1b4b5,Standard
0x1b4be,Good
0x1b4bf,Good
0x1b4c0,Good
0x1b4c1,Good
0x1b4ca,Poor
0x1b4cb,Poor
0x1b4cc,Poor
0x1b4cd,Poor
0x1b4d6,Good
0x1b4d7,Good
0x1b4d8,Good
0x1b4d9,Standard
0x1b4e2,Good
0x1b4e3,Good
0x1b4e4,Good
0x1b4e5,Good
0x1b4ee,Poor
0x1b4ef,Poor
0x1b4f0,Poor
0x1b4f1,Poor
0x1b4fa,Good
0x1b4fb,Good
0x1b4fc,Good
0x1b4fd,Good
0x1b506,Poor
0x1b507,Poor
0x1b508,Poor
0x1b509,Poor
0x1b512,Good
0x1b513,Good
0x1b514,Good
0x1b515,Good
0x1b51e,Poor
0x1b51f,Poor
0x1b520,Poor
0x1b521,Poor
0x1b52a,Poor
0x1b52b,Poor
0x1b52c,Poor
0x1b52d,Poor
0x1b536,Poor
0x1b537,Poor
0x1b538,Poor
0x1b539,Poor
0x1b542,Good
0x1b543,Good
0x1b544,Good
0x1b545,Good
0x1b54e,Good
0x1b54f,Good
0x1b550,Good
0x1b551,Good
0x1b55a,Good
0x1b55b,Good
0x1b55c,Good
0x1b55d,Good
0x1b566,Poor
0x1b567,Poor
0x1b568,Poor
0x1b569,Poor
0x1b572,Standard
0x1b573,Standard
0x1b574,Standard
0x1b575,Good
0x1b57e,Good
0x1b57f,Good
0x1b580,Good
0x1b581,Good
0x1b58a,Poor
0x1b58b,Poor
0x1b58c,Poor
0x1b58d,Poor
0x1b596,Standard
0x1b597,Poor
0x1b598,Standard
0x1b599,Poor
0x1b5a2,Good
0x1b5a3,Good
0x1b5a4,Good
0x1b5a5,Good
0x1b5ae,Good
0x1b5af,Good
0x1b5b0,Good
0x1b5b1,Good
0x1b5ba,Poor
0x1b5bb,Poor
0x1b5bc,Poor
0x1b5bd,Poor
0x1b5c6,Standard
0x1b5c7,Standard
0x1b5c8,Standard
0x1b5c9,Standard
0x1b5d2,Poor
0x1b5d3,Poor
0x1b5d4,Poor
0x1b5d5,Poor
0x1b5de,Poor
0x1b5df,Standard
0x1b5e0,Standard
0x1b5e1,Poor
0x1b5ea,Good
0x1b5eb,Good
0x1b5ec,Good
0x1b5ed,Good
0x1b5f6,Good
0x1b5f7,Good
0x1b5f8,Good
0x1b5f9,Good
0x1b602,Good
0x1b603,Good
0x1b604,Good
0x1b605,Good
0x1b60e,Good
0x1b60f,Good
0x1b610,Good
0x1b611,Standard
0x1b61a,Good
0x1b61b,Good
0x1b61c,Good
0x1b61d,Good
0x1b626,Standard
0x1b627,Standard
0x1b628,Standard
0x1b629,Standard
0x1b632,Good
0x1b633,Good
0x1b634,Good
0x1b635,Good
0x1b63e,Good
0x1b63f,Good
0x1b640,Good
0x1b641,Good
0x1b64a,Poor
0x1b64b,Poor
0x1b64c,Poor
0x1b64d,Poor
0x1b656,Good
0x1b657,Standard
0x1b658,Standard
0x1b659,Good
0x1b662,Poor
0x1b663,Poor
0x1b664,Poor
0x1b665,Poor
0x1b66e,Poor
0x1b66f,Standard
0x1b670,Poor
0x1b671,Standard
0x1b67a,Standard
0x1b67b,Standard
0x1b67c,Standard
0x1b67d,Standard
0x1b686,Good
0x1b687,Good
0x1b688,Good
0x1b689,Good
0x1b692,Standard
0x1b693,Standard
0x1b694,Standard
0x1b695,Standard
0x1b69e,Poor
0x1b69f,Poor
0x1b6a0,Poor
0x1b6a1,Poor
0x1b6aa,Good
0x1b6ab,Good
0x1b6ac,Good
0x1b6ad,Good
0x1b6b6,Good
0x1b6b7,Good
0x1b6b8,Good
0x1b6b9,Good
0x1b6c2,Poor
0x1b6c3,Poor
0x1b6c4,Poor
0x1b6c5,Poor
0x1b6ce,Poor
0x1b6cf,Poor
0x1b6d0,Poor
0x1b6d1,Poor
0x1b6da,Standard
0x1b6db,Standard
0x1b6dc,Standard
0x1b6dd,Standard
0x1b6e6,Standard
0x1b6e7,Standard
0x1b6e8,Standard
0x1b6e9,Standard
0x1b6f2,Poor
0x1b6f3,Poor
0x1b6f4,Poor
0x1b6f5,Poor
0x1b6fe,Poor
0x1b6ff,Poor
0x1b700,Poor
0x1b701,Poor
0x1b70a,Good
0x1b70b,Good
0x1b70c,Good
0x1b70d,Good
0x1b716,Good
0x1b717,Standard
0x1b718,Good
0x1b719,Good
0x1b722,Good
0x1b723,Good
0x1b724,Good
0x1b725,Good
0x1b72e,Poor
0x1b72f,Poor
0x1b730,Poor
0x1b731,Poor
0x1b73a,Standard
0x1b73b,Standard
0x1b73c,Standard
0x1b73d,Standard
0x1b746,Good
0x1b747,Good
0x1b748,Good
0x1b749,Good
0x1b752,Poor
0x1b753,Poor
0x1b754,Poor
0x1b755,Poor
0x1b75e,Poor
0x1b75f,Poor
0x1b760,Poor
0x1b761,Poor
0x1b76a,Standard
0x1b76b,Poor
0x1b76c,Standard
0x1b76d,Poor
0x1b776,Standard
0x1b777,Standard
0x1b778,Standard
0x1b779,Standard
0x1b782,Standard
0x1b783,Standard
0x1b784,Good
0x1b785,Standard
0x1b78e,Poor
0x1b78f,Poor
0x1b790,Poor
0x1b791,Poor
0x1b79a,Standard
0x1b79b,Standard
0x1b79c,Standard
0x1b79d,Standard
0x1b7a6,Standard
0x1b7a7,Standard
0x1b7a8,Standard
0x1b7a9,Standard
0x1b7b2,Good
0x1b7b3,Poor
0x1b7b4,Standard
0x1b7b5,Standard
0x1b7be,Standard
0x1b7bf,Standard
0x1b7c0,Standard
0x1b7c1,Standard
0x1b7ca,Good
0x1b7cb,Good
0x1b7cc,Good
0x1b7cd,Good
0x1b7d6,Standard
0x1b7d7,Standard
0x1b7d8,Standard
0x1b7d9,Standard
0x1b7e2,Good
0x1b7e3,Good
0x1b7e4,Good
0x1b7e5,Good
0x1b7ee,Good
0x1b7ef,Standard
0x1b7f0,Good
0x1b7f1,Good
0x1b7fa,Poor
0x1b7fb,Poor
0x1b7fc,Poor
0x1b7fd,Poor
0x1b806,Good
0x1b807,Good
0x1b808,Good
0x1b809,Good
0x1b812,Good
0x1b813,Good
0x1b814,Good
0x1b815,Good
0x1b81e,Poor
0x1b81f,Poor
0x1b820,Poor
0x1b821,Poor
0x1b82a,Good
0x1b82b,Good
0x1b82c,Good
0x1b82d,Good
0x1b836,Poor
0x1b837,Poor
0x1b838,Poor
0x1b839,Poor
0x1b842,Good
0x1b843,Good
0x1b844,Good
0x1b845,Good
0x1b84e,Poor
0x1b84f,Poor
0x1b850,Poor
0x1b851,Poor
0x1b85a,Poor
0x1b85b,Standard
0x1b85c,Standard
0x1b85d,Poor
0x1b866,Poor
0x1b867,Poor
0x1b868,Poor
0x1b869,Poor
0x1b872,Good
0x1b873,Good
0x1b874,Good
0x1b875,Good
0x1b87e,Poor
0x1b87f,Poor
0x1b880,Poor
0x1b881,Poor
0x1b88a,Good
0x1b88b,Good
0x1b88c,Good
0x1b88d,Good
0x1b896,Poor
0x1b897,Poor
0x1b898,Poor
0x1b899,Poor
0x1b8a2,Poor
0x1b8a3,Poor
0x1b8a4,Poor
0x1b8a5,Poor
0x1b8ae,Good
0x1b8af,Good
0x1b8b0,Good
0x1b8b1,Good
0x1b8ba,Poor
0x1b8bb,Poor
0x1b8bc,Poor
0x1b8bd,Poor
0x1b8c6,Poor
0x1b8c7,Poor
0x1b8c8,Poor
0x1b8c9,Poor
0x1b8d2,Poor
0x1b8d3,Poor
0x1b8d4,Poor
0x1b8d5,Poor
0x1b8de,Good
0x1b8df,Good
0x1b8e0,Good
0x1b8e1,Standard
0x1b8ea,Good
0x1b8eb,Good
0x1b8ec,Good
0x1b8ed,Good
0x1b8f6,Good
0x1b8f7,Good
0x1b8f8,Good
0x1b8f9,Good
0x1b902,Good
0x1b903,Good
0x1b904,Good
0x1b905,Good
0x1b90e,Good
0x1b90f,Good
0x1b910,Good
0x1b911,Good
0x1b91a,Good
0x1b91b,Good
0x1b91c,Good
0x1b91d,Good
0x1b926,Good
0x1b927,Good
0x1b928,Good
0x1b929,Good
0x1b932,Standard
0x1b933,Standard
0x1b934,Standard
0x1b935,Standard
0x1b93e,Good
0x1b93f,Good
0x1b940,Good
0x1b941,Good
0x1b94a,Good
0x1b94b,Good
0x1b94c,Good
0x1b94d,Good
0x1b956,Good
0x1b957,Good
0x1b958,Good
0x1b959,Good
0x1b962,Good
0x1b963,Good
0x1b964,Good
0x1b965,Good
0x1b96e,Good
0x1b96f,Good
0x1b970,Good
0x1b971,Good
0x1b97a,Poor
0x1b97b,Poor
0x1b97c,Poor
0x1b97d,Poor
0x1b986,Standard
0x1b987,Standard
0x1b988,Standard
0x1b989,Standard
0x1b992,Standard
0x1b993,Poor
0x1b994,Poor
0x1b995,Poor
0x1b99e,Good
0x1b99f,Good
0x1b9a0,Good
0x1b9a1,Good
0x1b9aa,Good
0x1b9ab,Standard
0x1b9ac,Good
0x1b9ad,Good
0x1b9b6,Good
0x1b9b7,Good
0x1b9b8,Good
0x1b9b9,Good
0x1b9c2,Standard
0x1b9c3,Poor
0x1b9c4,Standard
0x1b9c5,Standard
0x1b9ce,Standard
0x1b9cf,Standard
0x1b9d0,Standard
0x1b9d1,Standard
0x1b9da,Good
0x1b9db,Good
0x1b9dc,Good
0x1b9dd,Good
0x1b9e6,Good
0x1b9e7,Good
0x1b9e8,Good
0x1b9e9,Good
0x1b9f2,Standard
0x1b9f3,Standard
0x1b9f4,Standard
0x1b9f5,Standard
0x1b9fe,Poor
0x1b9ff,Poor
0x1ba00,Poor
0x1ba01,Poor
0x1ba0a,Standard
0x1ba0b,Standard
0x1ba0c,Standard
0x1ba0d,Standard
0x1ba16,Good
0x1ba17,Good
0x1ba18,Good
0x1ba19,Standard
0x1ba22,Good
0x1ba23,Good
0x1ba24,Good
0x1ba25,Good
0x1ba2e,Poor
0x1ba2f,Poor
0x1ba30,Poor
0x1ba31,Poor
0x1ba3a,Poor
0x1ba3b,Poor
0x1ba3c,Poor
0x1ba3d,Poor
0x1ba46,Good
0x1ba47,Good
0x1ba48,Good
0x1ba49,Good
0x1ba52,Standard
0x1ba53,Standard
0x1ba54,Standard
0x1ba55,Standard
0x1ba5e,Good
0x1ba5f,Good
0x1ba60,Good
0x1ba61,Good
0x1ba6a,Poor
0x1ba6b,Poor
0x1ba6c,Standard
0x1ba6d,Poor
0x1ba76,Good
0x1ba77,Good
0x1ba78,Good
0x1ba79,Good
0x1ba82,Standard
0x1ba83,Standard
0x1ba84,Standard
0x1ba85,Standard
0x1ba8e,Poor
0x1ba8f,Poor
0x1ba90,Poor
0x1ba91,Poor
0x1ba9a,Poor
0x1ba9b,Poor
0x1ba9c,Poor
0x1ba9d,Poor
0x1baa6,Good
0x1baa7,Good
0x1baa8,Good
0x1baa9,Standard
0x1bab2,Good
0x1bab3,Good
0x1bab4,Good
0x1bab5,Good
0x1babe,Standard
0x1babf,Standard
0x1bac0,Standard
0x1bac1,Poor
0x1baca,Good
0x1bacb,Poor
0x1bacc,Good
0x1bacd,Good
0x1bad6,Poor
0x1bad7,Poor
0x1bad8,Poor
0x1bad9,Poor
0x1bae2,Good
0x1bae3,Good
0x1bae4,Good
0x1bae5,Good
0x1baee,Good
0x1baef,Good
0x1baf0,Good
0x1baf1,Good
0x1bafa,Poor
0x1bafb,Poor
0x1bafc,Poor
0x1bafd,Poor
0x1bb06,Standard
0x1bb07,Standard
0x1bb08,Standard
0x1bb09,Good
0x1bb12,Poor
0x1bb13,Poor
0x1bb14,Poor
0x1bb15,Poor
0x1bb1e,Good
0x1bb1f,Good
0x1bb20,Good
0x1bb21,Good
0x1bb2a,Poor
0x1bb2b,Poor
0x1bb2c,Poor
0x1bb2d,Poor
0x1bb36,Poor
0x1bb37,Poor
0x1bb38,Standard
0x1bb39,Poor
0x1bb42,Good
0x1bb43,Good
0x1bb44,Good
0x1bb45,Good
0x1bb4e,Poor
0x1bb4f,Poor
0x1bb50,Poor
0x1bb51,Poor
0x1bb5a,Good
0x1bb5b,Good
0x1bb5c,Good
0x1bb5d,Good
0x1bb66,Poor
0x1bb67,Poor
0x1bb68,Poor
0x1bb69,Poor
0x1bb72,Standard
0x1bb73,Good
0x1bb74,Good
0x1bb75,Good
0x1bb7e,Good
0x1bb7f,Good
0x1bb80,Good
0x1bb81,Good
0x1bb8a,Good
0x1bb8b,Good
0x1bb8c,Good
0x1bb8d,Good
0x1bb96,Poor
0x1bb97,Poor
0x1bb98,Poor
0x1bb99,Poor
0x1bba2,Poor
0x1bba3,Poor
0x1bba4,Poor
0x1bba5,Poor
0x1bbae,Poor
0x1bbaf,Poor
0x1bbb0,Poor
0x1bbb1,Poor
0x1bbba,Standard
0x1bbbb,Standard
0x1bbbc,Standard
0x1bbbd,Standard
0x1bbc6,Poor
0x1bbc7,Standard
0x1bbc8,Standard
0x1bbc9,Poor
0x1bbd2,Poor
0x1bbd3,Poor
0x1bbd4,Poor
0x1bbd5,Poor
0x1bbde,Good
0x1bbdf,Good
0x1bbe0,Good
0x1bbe1,Good
0x1bbea,Good
0x1bbeb,Good
0x1bbec,Good
0x1bbed,Good
0x1bbf6,Good
0x1bbf7,Good
0x1bbf8,Good
0x1bbf9,Good
0x1bc02,Poor
0x1bc03,Poor
0x1bc04,Poor
0x1bc05,Poor
0x1bc0e,Standard
0x1bc0f,Standard
0x1bc10,Standard
0x1bc11,Standard
0x1bc1a,Standard
0x1bc1b,Standard
0x1bc1c,Standard
0x1bc1d,Standard
0x1bc26,Standard
0x1bc27,Poor
0x1bc28,Standard
0x1bc29,Standard
0x1bc32,Good
0x1bc33,Good
0x1bc34,Good
0x1bc35,Good
0x1bc3e,Poor
0x1bc3f,Poor
0x1bc40,Poor
0x1bc41,Poor
0x1bc4a,Good
0x1bc4b,Good
0x1bc4c,Good
0x1bc4d,Good
0x1bc56,Good
0x1bc57,Standard
0x1bc58,Standard
0x1bc59,Good
0x1bc62,Poor
0x1bc63,Poor
0x1bc64,Poor
0x1bc65,Poor
0x1bc6e,Good
0x1bc6f,Good
0x1bc70,Good
0x1bc71,Good
0x1bc7a,Good
0x1bc7b,Good
0x1bc7c,Good
0x1bc7d,Good
0x1bc86,Standard
0x1bc87,Good
0x1bc88,Good
0x1bc89,Good
0x1bc92,Good
0x1bc93,Good
0x1bc94,Good
0x1bc95,Good
0x1bc9e,Poor
0x1bc9f,Poor
0x1bca0,Poor
0x1bca1,Poor
0x1bcaa,Good
0x1bcab,Standard
0x1bcac,Standard
0x1bcad,Standard
0x1bcb6,Poor
0x1bcb7,Poor
0x1bcb8,Poor
0x1bcb9,Poor
0x1bcc2,Poor
0x1bcc3,Standard
0x1bcc4,Standard
0x1bcc5,Poor
0x1bcce,Standard
0x1bccf,Standard
0x1bcd0,Standard
0x1bcd1,Standard
0x1bcda,Poor
0x1bcdb,Poor
0x1bcdc,Poor
0x1bcdd,Poor
0x1bce6,Standard
0x1bce7,Standard
0x1bce8,Standard
0x1bce9,Standard
0x1bcf2,Standard
0x1bcf3,Poor
0x1bcf4,Poor
0x1bcf5,Poor
0x1bcfe,Poor
0x1bcff,Poor
0x1bd00,Poor
0x1bd01,Poor
0x1bd0a,Good
0x1bd0b,Good
0x1bd0c,Good
0x1bd0d,Good
0x1bd16,Poor
0x1bd17,Poor
0x1bd18,Poor
0x1bd19,Poor
0x1bd22,Standard
0x1bd23,Standard
0x1bd24,Standard
0x1bd25,Poor
0x1bd2e,Poor
0x1bd2f,Poor
0x1bd30,Poor
0x1bd31,Poor
0x1bd3a,Good
0x1bd3b,Good
0x1bd3c,Good
0x1bd3d,Good
0x1bd46,Standard
0x1bd47,Standard
0x1bd48,Standard
0x1bd49,Standard
0x1bd52,Poor
0x1bd53,Poor
0x1bd54,Poor
0x1bd55,Poor
0x1bd5e,Poor
0x1bd5f,Poor
0x1bd60,Poor
0x1bd61,Poor
0x1bd6a,Good
0x1bd6b,Good
0x1bd6c,Good
0x1bd6d,Good
0x1bd76,Poor
0x1bd77,Poor
0x1bd78,Poor
0x1bd79,Poor
0x1bd82,Standard
0x1bd83,Standard
0x1bd84,Standard
0x1bd85,Standard
0x1bd8e,Poor
0x1bd8f,Poor
0x1bd90,Poor
0x1bd91,Poor
0x1bd9a,Standard
0x1bd9b,Standard
0x1bd9c,Standard
0x1bd9d,Standard
0x1bda6,Poor
0x1bda7,Poor
0x1bda8,Poor
0x1bda9,Poor
0x1bdb2,Standard
0x1bdb3,Standard
0x1bdb4,Standard
0x1bdb5,Standard
0x1bdbe,Good
0x1bdbf,Good
0x1bdc0,Good
0x1bdc1,Good
0x1bdca,Standard
0x1bdcb,Standard
0x1bdcc,Standard
0x1bdcd,Standard
0x1bdd6,Standard
0x1bdd7,Poor
0x1bdd8,Standard
0x1bdd9,Poor
0x1bde2,Poor
0x1bde3,Poor
0x1bde4,Poor
0x1bde5,Poor
0x1bdee,Good
0x1bdef,Standard
0x1bdf0,Good
0x1bdf1,Good
0x1bdfa,Standard
0x1bdfb,Standard
0x1bdfc,Good
0x1bdfd,Standard
0x1be06,Standard
0x1be07,Standard
0x1be08,Standard
0x1be09,Standard
0x1be12,Poor
0x1be13,Poor
0x1be14,Poor
0x1be15,Poor
0x1be1e,Good
0x1be1f,Good
0x1be20,Good
0x1be21,Good
0x1be2a,Poor
0x1be2b,Poor
0x1be2c,Poor
0x1be2d,Poor
0x1be36,Good
0x1be37,Standard
0x1be38,Standard
0x1be39,Standard
0x1be42,Standard
0x1be43,Standard
0x1be44,Poor
0x1be45,Standard
0x1be4e,Standard
0x1be4f,Standard
0x1be50,Standard
0x1be51,Standard
0x1be5a,Poor
0x1be5b,Poor
0x1be5c,Poor
0x1be5d,Poor
0x1be66,Poor
0x1be67,Poor
0x1be68,Poor
0x1be69,Poor
0x1be72,Standard
0x1be73,Good
0x1be74,Good
0x1be75,Standard
0x1be7e,Standard
0x1be7f,Standard
0x1be80,Standard
0x1be81,Standard
0x1be8a,Poor
0x1be8b,Poor
0x1be8c,Poor
0x1be8d,Poor
0x1be96,Poor
0x1be97,Poor
0x1be98,Poor
0x1be99,Poor
0x1bea2,Poor
0x1bea3,Poor
0x1bea4,Poor
0x1bea5,Poor
0x1beae,Good
0x1beaf,Standard
0x1beb0,Good
0x1beb1,Good
0x1beba,Poor
0x1bebb,Poor
0x1bebc,Poor
0x1bebd,Poor
0x1bec6,Good
0x1bec7,Good
0x1bec8,Good
0x1bec9,Good
0x1bed2,Poor
0x1bed3,Poor
0x1bed4,Poor
0x1bed5,Poor
0x1bede,Good
0x1bedf,Good
0x1bee0,Good
0x1bee1,Good
0x1beea,Good
0x1beeb,Good
0x1beec,Good
0x1beed,Good
0x1bef6,Poor
0x1bef7,Poor
0x1bef8,Poor
0x1bef9,Poor
0x1bf02,Poor
0x1bf03,Poor
0x1bf04,Poor
0x1bf05,Poor
0x1bf0e,Good
0x1bf0f,Good
0x1bf10,Good
0x1bf11,Good
0x1bf1a,Poor
0x1bf1b,Poor
0x1bf1c,Poor
0x1bf1d,Poor
0x1bf26,Standard
0x1bf27,Standard
0x1bf28,Standard
0x1bf29,Standard
0x1bf32,Good
0x1bf33,Good
0x1bf34,Good
0x1bf35,Good
0x1bf3e,Poor
0x1bf3f,Poor
0x1bf40,Poor
0x1bf41,Poor
0x1bf4a,Poor
0x1bf4b,Poor
0x1bf4c,Poor
0x1bf4d,Poor
0x1bf56,Good
0x1bf57,Good
0x1bf58,Good
0x1bf59,Good
0x1bf62,Poor
0x1bf63,Standard
0x1bf64,Poor
0x1bf65,Standard
0x1bf6e,Good
0x1bf6f,Good
0x1bf70,Good
0x1bf71,Good
0x1bf7a,Poor
0x1bf7b,Poor
0x1bf7c,Poor
0x1bf7d,Poor
0x1bf86,Standard
0x1bf87,Standard
0x1bf88,Standard
0x1bf89,Standard
0x1bf92,Good
0x1bf93,Good
0x1bf94,Good
0x1bf95,Good
0x1bf9e,Good
0x1bf9f,Standard
0x1bfa0,Standard
0x1bfa1,Good
0x1bfaa,Good
0x1bfab,Good
0x1bfac,Good
0x1bfad,Good
0x1bfb6,Poor
0x1bfb7,Poor
0x1bfb8,Poor
0x1bfb9,Poor
0x1bfc2,Standard
0x1bfc3,Good
0x1bfc4,Standard
0x1bfc5,Standard
0x1bfce,Good
0x1bfcf,Good
0x1bfd0,Good
0x1bfd1,Good
0x1bfda,Good
0x1bfdb,Good
0x1bfdc,Good
0x1bfdd,Good
0x1bfe6,Good
0x1bfe7,Good
0x1bfe8,Good
0x1bfe9,Good
0x1bff2,Poor
0x1bff3,Poor
0x1bff4,Standard
0x1bff5,Poor
0x1bffe,Standard
0x1bfff,Poor
0x1c000,Standard
0x1c001,Standard
0x1c00a,Good
0x1c00b,Good
0x1c00c,Good
0x1c00d,Good
0x1c016,Poor
0x1c017,Poor
0x1c018,Poor
0x1c019,Poor
0x1c022,Poor
0x1c023,Poor
0x1c024,Poor
0x1c025,Poor
0x1c02e,Good
0x1c02f,Good
0x1c030,Good
0x1c031,Good
0x1c03a,Poor
0x1c03b,Poor
0x1c03c,Poor
0x1c03d,Poor
0x1c046,Good
0x1c047,Good
0x1c048,Good
0x1c049,Standard
0x1c052,Poor
0x1c053,Poor
0x1c054,Poor
0x1c055,Poor
0x1c05e,Poor
0x1c05f,Poor
0x1c060,Poor
0x1c061,Poor
0x1c06a,Good
0x1c06b,Good
0x1c06c,Good
0x1c06d,Standard
0x1c076,Good
0x1c077,Good
0x1c078,Good
0x1c079,Good
0x1c082,Standard
0x1c083,Standard
0x1c084,Standard
0x1c085,Poor
0x1c08e,Good
0x1c08f,Good
0x1c090,Good
0x1c091,Good
0x1c09a,Good
0x1c09b,Good
0x1c09c,Good
0x1c09d,Good
0x1c0a6,Standard
0x1c0a7,Standard
0x1c0a8,Standard
0x1c0a9,Standard
0x1c0b2,Good
0x1c0b3,Good
0x1c0b4,Good
0x1c0b5,Good
0x1c0be,Good
0x1c0bf,Good
0x1c0c0,Good
0x1c0c1,Good
0x1c0ca,Good
0x1c0cb,Good
0x1c0cc,Good
0x1c0cd,Good
0x1c0d6,Good
0x1c0d7,Good
0x1c0d8,Good
0x1c0d9,Good
0x1c0e2,Standard
0x1c0e3,Poor
0x1c0e4,Standard
0x1c0e5,Standard
0x1c0ee,Poor
0x1c0ef,Standard
0x1c0f0,Poor
0x1c0f1,Standard
0x1c0fa,Poor
0x1c0fb,Poor
0x1c0fc,Poor
0x1c0fd,Poor
0x1c106,Poor
0x1c107,Poor
0x1c108,Poor
0x1c109,Poor
0x1c112,Good
0x1c113,Good
0x1c114,Good
0x1c115,Good
0x1c11e,Standard
0x1c11f,Poor
0x1c120,Standard
0x1c121,Poor
0x1c12a,Poor
0x1c12b,Poor
0x1c12c,Poor
0x1c12d,Poor
0x1c136,Poor
0x1c137,Standard
0x1c138,Poor
0x1c139,Standard
0x1c142,Good
0x1c143,Good
0x1c144,Good
0x1c145,Good
0x1c14e,Poor
0x1c14f,Poor
0x1c150,Poor
0x1c151,Poor
0x1c15a,Good
0x1c15b,Good
0x1c15c,Good
0x1c15d,Good
0x1c166,Standard
0x1c167,Standard
0x1c168,Standard
0x1c169,Standard
0x1c172,Standard
0x1c173,Standard
0x1c174,Poor
0x1c175,Standard
0x1c17e,Poor
0x1c17f,Poor
0x1c180,Poor
0x1c181,Poor
0x1c18a,Standard
0x1c18b,Poor
0x1c18c,Good
0x1c18d,Standard
0x1c196,Poor
0x1c197,Poor
0x1c198,Poor
0x1c199,Poor
0x1c1a2,Poor
0x1c1a3,Poor
0x1c1a4,Poor
0x1c1a5,Poor
0x1c1ae,Good
0x1c1af,Good
0x1c1b0,Good
0x1c1b1,Good
0x1c1ba,Poor
0x1c1bb,Poor
0x1c1bc,Poor
0x1c1bd,Poor
0x1c1c6,Standard
0x1c1c7,Standard
0x1c1c8,Good
0x1c1c9,Standard
0x1c1d2,Standard
0x1c1d3,Standard
0x1c1d4,Standard
0x1c1d5,Standard
0x1c1de,Poor
0x1c1df,Poor
0x1c1e0,Standard
0x1c1e1,Standard
0x1c1ea,Poor
0x1c1eb,Poor
0x1c1ec,Poor
0x1c1ed,Poor
0x1c1f6,Good
0x1c1f7,Good
0x1c1f8,Good
0x1c1f9,Good
0x1c202,Good
0x1c203,Good
0x1c204,Good
0x1c205,Good
0x1c20e,Poor
0x1c20f,Poor
0x1c210,Poor
0x1c211,Poor
0x1c21a,Poor
0x1c21b,Poor
0x1c21c,Standard
0x1c21d,Poor
0x1c226,Good
0x1c227,Good
0x1c228,Good
0x1c229,Good
0x1c232,Poor
0x1c233,Poor
0x1c234,Poor
0x1c235,Poor
0x1c23e,Poor
0x1c23f,Poor
0x1c240,Poor
0x1c241,Poor
0x1c24a,Standard
0x1c24b,Standard
0x1c24c,Standard
0x1c24d,Standard
0x1c256,Poor
0x1c257,Poor
0x1c258,Poor
0x1c259,Poor
0x1c262,Good
0x1c263,Good
0x1c264,Good
0x1c265,Good
0x1c26e,Poor
0x1c26f,Poor
0x1c270,Poor
0x1c271,Poor
0x1c27a,Poor
0x1c27b,Poor
0x1c27c,Poor
0x1c27d,Poor
0x1c286,Good
0x1c287,Good
0x1c288,Good
0x1c289,Good
0x1c292,Poor
0x1c293,Poor
0x1c294,Poor
0x1c295,Poor
0x1c29e,Poor
0x1c29f,Poor
0x1c2a0,Poor
0x1c2a1,Poor
0x1c2aa,Poor
0x1c2ab,Good
0x1c2ac,Standard
0x1c2ad,Good
0x1c2b6,Good
0x1c2b7,Good
0x1c2b8,Good
0x1c2b9,Good
0x1c2c2,Poor
0x1c2c3,Poor
0x1c2c4,Poor
0x1c2c5,Poor
0x1c2ce,Poor
0x1c2cf,Poor
0x1c2d0,Poor
0x1c2d1,Poor
0x1c2da,Poor
0x1c2db,Poor
0x1c2dc,Poor
0x1c2dd,Poor
0x1c2e6,Poor
0x1c2e7,Poor
0x1c2e8,Poor
0x1c2e9,Poor
0x1c2f2,Standard
0x1c2f3,Standard
0x1c2f4,Standard
0x1c2f5,Standard
0x1c2fe,Standard
0x1c2ff,Standard
0x1c300,Standard
0x1c301,Standard
0x1c30a,Poor
0x1c30b,Poor
0x1c30c,Poor
0x1c30d,Poor
0x1c316,Good
0x1c317,Good
0x1c318,Good
0x1c319,Good
0x1c322,Standard
0x1c323,Good
0x1c324,Good
0x1c325,Good
0x1c32e,Standard
0x1c32f,Standard
0x1c330,Standard
0x1c331,Standard
0x1c33a,Good
0x1c33b,Good
0x1c33c,Good
0x1c33d,Good
0x1c346,Good
0x1c347,Good
0x1c348,Good
0x1c349,Good
0x1c352,Standard
0x1c353,Standard
0x1c354,Standard
0x1c355,Standard
0x1c35e,Good
0x1c35f,Good
0x1c360,Good
0x1c361,Good
0x1c36a,Good
0x1c36b,Good
0x1c36c,Good
0x1c36d,Good
0x1c376,Poor
0x1c377,Poor
0x1c378,Poor
0x1c379,Poor
0x1c382,Standard
0x1c383,Standard
0x1c384,Standard
0x1c385,Standard
0x1c38e,Good
0x1c38f,Good
0x1c390,Good
0x1c391,Good
0x1c39a,Good
0x1c39b,Good
0x1c39c,Good
0x1c39d,Good
0x1c3a6,Good
0x1c3a7,Good
0x1c3a8,Good
0x1c3a9,Good
0x1c3b2,Standard
0x1c3b3,Standard
0x1c3b4,Standard
0x1c3b5,Standard
0x1c3be,Standard
0x1c3bf,Standard
0x1c3c0,Good
0x1c3c1,Standard
0x1c3ca,Good
0x1c3cb,Good
0x1c3cc,Good
0x1c3cd,Good
0x1c3d6,Good
0x1c3d7,Good
0x1c3d8,Good
0x1c3d9,Good
0x1c3e2,Standard
0x1c3e3,Standard
0x1c3e4,Standard
0x1c3e5,Good
0x1c3ee,Poor
0x1c3ef,Poor
0x1c3f0,Poor
0x1c3f1,Poor
0x1c3fa,Good
0x1c3fb,Good
0x1c3fc,Good
0x1c3fd,Good
0x1c406,Good
0x1c407,Good
0x1c408,Good
0x1c409,Good
0x1c412,Standard
0x1c413,Standard
0x1c414,Standard
0x1c415,Standard
0x1c41e,Poor
0x1c41f,Poor
0x1c420,Poor
0x1c421,Poor
0x1c42a,Good
0x1c42b,Good
0x1c42c,Good
0x1c42d,Good
0x1c436,Poor
0x1c437,Poor
0x1c438,Poor
0x1c439,Poor
0x1c442,Good
0x1c443,Good
0x1c444,Good
0x1c445,Good
0x1c44e,Good
0x1c44f,Good
0x1c450,Good
0x1c451,Good
0x1c45a,Poor
0x1c45b,Poor
0x1c45c,Poor
0x1c45d,Poor
0x1c466,Poor
0x1c467,Poor
0x1c468,Poor
0x1c469,Poor
0x1c472,Good
0x1c473,Good
0x1c474,Good
0x1c475,Good
0x1c47e,Good
0x1c47f,Good
0x1c480,Good
0x1c481,Good
0x1c48a,Standard
0x1c48b,Standard
0x1c48c,Good
0x1c48d,Standard
0x1c496,Poor
0x1c497,Poor
0x1c498,Poor
0x1c499,Poor
0x1c4a2,Good
0x1c4a3,Good
0x1c4a4,Good
0x1c4a5,Good
0x1c4ae,Good
0x1c4af,Good
0x1c4b0,Good
0x1c4b1,Good
0x1c4ba,Poor
0x1c4bb,Poor
0x1c4bc,Poor
0x1c4bd,Poor
0x1c4c6,Poor
0x1c4c7,Standard
0x1c4c8,Poor
0x1c4c9,Poor
0x1c4d2,Poor
0x1c4d3,Poor
0x1c4d4,Poor
0x1c4d5,Poor
0x1c4de,Good
0x1c4df,Good
0x1c4e0,Good
0x1c4e1,Good
0x1c4ea,Good
0x1c4eb,Good
0x1c4ec,Good
0x1c4ed,Good
0x1c4f6,Good
0x1c4f7,Good
0x1c4f8,Good
0x1c4f9,Good
0x1c502,Poor
0x1c503,Poor
0x1c504,Standard
0x1c505,Poor
0x1c50e,Good
0x1c50f,Good
0x1c510,Good
0x1c511,Good
0x1c51a,Good
0x1c51b,Good
0x1c51c,Good
0x1c51d,Good
0x1c526,Standard
0x1c527,Standard
0x1c528,Standard
0x1c529,Standard
0x1c532,Standard
0x1c533,Poor
0x1c534,Standard
0x1c535,Standard
0x1c53e,Good
0x1c53f,Good
0x1c540,Good
0x1c541,Good
0x1c54a,Good
0x1c54b,Good
0x1c54c,Standard
0x1c54d,Good
0x1c556,Standard
0x1c557,Standard
0x1c558,Standard
0x1c559,Poor
0x1c562,Standard
0x1c563,Standard
0x1c564,Standard
0x1c565,Standard
0x1c56e,Good
0x1c56f,Good
0x1c570,Good
0x1c571,Good
0x1c57a,Poor
0x1c57b,Poor
0x1c57c,Poor
0x1c57d,Poor
0x1c586,Poor
0x1c587,Poor
0x1c588,Poor
0x1c589,Poor
0x1c592,Standard
0x1c593,Standard
0x1c594,Good
0x1c595,Standard
0x1c59e,Poor
0x1c59f,Poor
0x1c5a0,Poor
0x1c5a1,Poor
0x1c5aa,Poor
0x1c5ab,Poor
0x1c5ac,Poor
0x1c5ad,Poor
0x1c5b6,Good
0x1c5b7,Good
0x1c5b8,Good
0x1c5b9,Good
0x1c5c2,Poor
0x1c5c3,Poor
0x1c5c4,Poor
0x1c5c5,Standard
0x1c5ce,Good
0x1c5cf,Good
0x1c5d0,Good
0x1c5d1,Good
0x1c5da,Good
0x1c5db,Standard
0x1c5dc,Good
0x1c5dd,Standard
0x1c5e6,Standard
0x1c5e7,Good
0x1c5e8,Good
0x1c5e9,Good
0x1c5f2,Good
0x1c5f3,Good
0x1c5f4,Good
0x1c5f5,Good
0x1c5fe,Poor
0x1c5ff,Poor
0x1c600,Poor
0x1c601,Poor
0x1c60a,Good
0x1c60b,Good
0x1c60c,Good
0x1c60d,Good
0x1c616,Poor
0x1c617,Poor
0x1c618,Poor
0x1c619,Poor
0x1c622,Good
0x1c623,Standard
0x1c624,Standard
0x1c625,Good
0x1c62e,Poor
0x1c62f,Poor
0x1c630,Poor
0x1c631,Poor
0x1c63a,Poor
0x1c63b,Poor
0x1c63c,Poor
0x1c63d,Poor
0x1c646,Good
0x1c647,Good
0x1c648,Good
0x1c649,Good
0x1c652,Poor
0x1c653,Poor
0x1c654,Poor
0x1c655,Poor
0x1c65e,Poor
0x1c65f,Poor
0x1c660,Poor
0x1c661,Poor
0x1c66a,Poor
0x1c66b,Poor
0x1c66c,Poor
0x1c66d,Poor
0x1c676,Good
0x1c677,Good
0x1c678,Good
0x1c679,Good
0x1c682,Good
0x1c683,Good
0x1c684,Good
0x1c685,Good
0x1c68e,Standard
0x1c68f,Standard
0x1c690,Standard
0x1c691,Standard
0x1c69a,Good
0x1c69b,Good
0x1c69c,Standard
0x1c69d,Good
0x1c6a6,Poor
0x1c6a7,Poor
0x1c6a8,Poor
0x1c6a9,Poor
0x1c6b2,Standard
0x1c6b3,Standard
0x1c6b4,Standard
0x1c6b5,Standard
0x1c6be,Good
0x1c6bf,Good
0x1c6c0,Good
0x1c6c1,Good
0x1c6ca,Good
0x1c6cb,Good
0x1c6cc,Good
0x1c6cd,Good
0x1c6d6,Poor
0x1c6d7,Poor
0x1c6d8,Poor
0x1c6d9,Poor
0x1c6e2,Poor
0x1c6e3,Poor
0x1c6e4,Poor
0x1c6e5,Poor
0x1c6ee,Good
0x1c6ef,Good
0x1c6f0,Good
0x1c6f1,Good
0x1c6fa,Poor
0x1c6fb,Poor
0x1c6fc,Poor
0x1c6fd,Poor
0x1c706,Poor
0x1c707,Poor
0x1c708,Standard
0x1c709,Standard
0x1c712,Standard
0x1c713,Standard
0x1c714,Standard
0x1c715,Standard
0x1c71e,Good
0x1c71f,Good
0x1c720,Good
0x1c721,Good
0x1c72a,Standard
0x1c72b,Standard
0x1c72c,Standard
0x1c72d,Standard
0x1c736,Standard
0x1c737,Good
0x1c738,Standard
0x1c739,Good
0x1c742,Standard
0x1c743,Standard
0x1c744,Standard
0x1c745,Standard
0x1c74e,Poor
0x1c74f,Poor
0x1c750,Poor
0x1c751,Standard
0x1c75a,Good
0x1c75b,Good
0x1c75c,Good
0x1c75d,Good
0x1c766,Good
0x1c767,Good
0x1c768,Good
0x1c769,Good
0x1c772,Standard
0x1c773,Standard
0x1c774,Standard
0x1c775,Standard
0x1c77e,Poor
0x1c77f,Poor
0x1c780,Poor
0x1c781,Poor
0x1c78a,Poor
0x1c78b,Poor
0x1c78c,Poor
0x1c78d,Poor
0x1c796,Good
0x1c797,Good
0x1c798,Good
0x1c799,Good
0x1c7a2,Standard
0x1c7a3,Poor
0x1c7a4,Standard
0x1c7a5,Poor
0x1c7ae,Standard
0x1c7af,Poor
0x1c7b0,Poor
0x1c7b1,Poor
0x1c7ba,Poor
0x1c7bb,Poor
0x1c7bc,Poor
0x1c7bd,Poor
0x1c7c6,Good
0x1c7c7,Good
0x1c7c8,Standard
0x1c7c9,Good
0x1c7d2,Poor
0x1c7d3,Standard
0x1c7d4,Poor
0x1c7d5,Poor
0x1c7de,Standard
0x1c7df,Standard
0x1c7e0,Standard
0x1c7e1,Standard
0x1c7ea,Poor
0x1c7eb,Poor
0x1c7ec,Poor
0x1c7ed,Poor
0x1c7f6,Good
0x1c7f7,Good
0x1c7f8,Good
0x1c7f9,Good
0x1c802,Poor
0x1c803,Poor
0x1c804,Poor
0x1c805,Poor
0x1c80e,Good
0x1c80f,Standard
0x1c810,Good
0x1c811,Good
0x1c81a,Good
0x1c81b,Good
0x1c81c,Good
0x1c81d,Good
0x1c826,Standard
0x1c827,Good
0x1c828,Standard
0x1c829,Standard
0x1c832,Good
0x1c833,Good
0x1c834,Good
0x1c835,Good
0x1c83e,Good
0x1c83f,Good
0x1c840,Good
0x1c841,Good
0x1c84a,Good
0x1c84b,Good
0x1c84c,Good
0x1c84d,Good
0x1c856,Standard
0x1c857,Standard
0x1c858,Standard
0x1c859,Standard
0x1c862,Poor
0x1c863,Poor
0x1c864,Poor
0x1c865,Poor
0x1c86e,Good
0x1c86f,Good
0x1c870,Good
0x1c871,Good
0x1c87a,Standard
0x1c87b,Standard
0x1c87c,Standard
0x1c87d,Poor
0x1c886,Good
0x1c887,Good
0x1c888,Good
0x1c889,Good
0x1c892,Standard
0x1c893,Standard
0x1c894,Poor
0x1c895,Standard
0x1c89e,Standard
0x1c89f,Standard
0x1c8a0,Standard
0x1c8a1,Standard
0x1c8aa,Standard
0x1c8ab,Standard
0x1c8ac,Standard
0x1c8ad,Standard
0x1c8b6,Poor
0x1c8b7,Poor
0x1c8b8,Poor
0x1c8b9,Poor
0x1c8c2,Poor
0x1c8c3,Poor
0x1c8c4,Poor
0x1c8c5,Poor
0x1c8ce,Standard
0x1c8cf,Standard
0x1c8d0,Good
0x1c8d1,Standard
0x1c8da,Good
0x1c8db,Good
0x1c8dc,Good
0x1c8dd,Good
0x1c8e6,Poor
0x1c8e7,Poor
0x1c8e8,Poor
0x1c8e9,Poor
0x1c8f2,Standard
0x1c8f3,Poor
0x1c8f4,Standard
0x1c8f5,Poor
0x1c8fe,Good
0x1c8ff,Good
0x1c900,Good
0x1c901,Good
0x1c90a,Poor
0x1c90b,Poor
0x1c90c,Poor
0x1c90d,Poor
0x1c916,Poor
0x1c917,Poor
0x1c918,Poor
0x1c919,Poor
0x1c922,Good
0x1c923,Good
0x1c924,Good
0x1c925,Good
0x1c92e,Poor
0x1c92f,Poor
0x1c930,Poor
0x1c931,Poor
0x1c93a,Good
0x1c93b,Good
0x1c93c,Good
0x1c93d,Good
0x1c946,Good
0x1c947,Good
0x1c948,Good
0x1c949,Good
0x1c952,Poor
0x1c953,Poor
0x1c954,Poor
0x1c955,Poor
0x1c95e,Poor
0x1c95f,Poor
0x1c960,Poor
0x1c961,Poor
0x1c96a,Standard
0x1c96b,Standard
0x1c96c,Poor
0x1c96d,Standard
0x1c976,Poor
0x1c977,Standard
0x1c978,Poor
0x1c979,Poor
0x1c982,Poor
0x1c983,Poor
0x1c984,Poor
0x1c985,Poor
0x1c98e,Poor
0x1c98f,Standard
0x1c990,Poor
0x1c991,Poor
0x1c99a,Good
0x1c99b,Good
0x1c99c,Good
0x1c99d,Good
0x1c9a6,Good
0x1c9a7,Good
0x1c9a8,Poor
0x1c9a9,Good
0x1c9b2,Poor
0x1c9b3,Poor
0x1c9b4,Poor
0x1c9b5,Poor
0x1c9be,Good
0x1c9bf,Good
0x1c9c0,Good
0x1c9c1,Good
0x1c9ca,Standard
0x1c9cb,Standard
0x1c9cc,Standard
0x1c9cd,Standard
0x1c9d6,Poor
0x1c9d7,Poor
0x1c9d8,Poor
0x1c9d9,Poor
0x1c9e2,Poor
0x1c9e3,Poor
0x1c9e4,Poor
0x1c9e5,Poor
0x1c9ee,Poor
0x1c9ef,Poor
0x1c9f0,Poor
0x1c9f1,Poor
0x1c9fa,Good
0x1c9fb,Good
0x1c9fc,Good
0x1c9fd,Good
0x1ca06,Good
0x1ca07,Good
0x1ca08,Good
0x1ca09,Good
0x1ca12,Poor
0x1ca13,Poor
0x1ca14,Poor
0x1ca15,Poor
0x1ca1e,Good
0x1ca1f,Good
0x1ca20,Good
0x1ca21,Good
0x1ca2a,Good
0x1ca2b,Good
0x1ca2c,Good
0x1ca2d,Good
0x1ca36,Poor
0x1ca37,Poor
0x1ca38,Poor
0x1ca39,Poor
0x1ca42,Good
0x1ca43,Good
0x1ca44,Good
0x1ca45,Good
0x1ca4e,Good
0x1ca4f,Good
0x1ca50,Good
0x1ca51,Good
0x1ca5a,Poor
0x1ca5b,Poor
0x1ca5c,Poor
0x1ca5d,Poor
0x1ca66,Poor
0x1ca67,Poor
0x1ca68,Poor
0x1ca69,Poor
0x1ca72,Good
0x1ca73,Standard
0x1ca74,Good
0x1ca75,Good
0x1ca7e,Poor
0x1ca7f,Poor
0x1ca80,Poor
0x1ca81,Poor
0x1ca8a,Poor
0x1ca8b,Poor
0x1ca8c,Poor
0x1ca8d,Poor
0x1ca96,Poor
0x1ca97,Poor
0x1ca98,Poor
0x1ca99,Poor
0x1caa2,Good
0x1caa3,Good
0x1caa4,Good
0x1caa5,Good
0x1caae,Good
0x1caaf,Good
0x1cab0,Good
0x1cab1,Good
0x1caba,Good
0x1cabb,Good
0x1cabc,Good
0x1cabd,Good
0x1cac6,Poor
0x1cac7,Poor
0x1cac8,Poor
0x1cac9,Poor
0x1cad2,Good
0x1cad3,Good
0x1cad4,Good
0x1cad5,Good
0x1cade,Good
0x1cadf,Good
0x1cae0,Good
0x1cae1,Good
0x1caea,Good
0x1caeb,Good
0x1caec,Good
0x1caed,Good
0x1caf6,Good
0x1caf7,Good
0x1caf8,Good
0x1caf9,Good
0x1cb02,Poor
0x1cb03,Poor
0x1cb04,Poor
0x1cb05,Poor
0x1cb0e,Good
0x1cb0f,Good
0x1cb10,Good
0x1cb11,Good
0x1cb1a,Standard
0x1cb1b,Standard
0x1cb1c,Standard
0x1cb1d,Standard
0x1cb26,Poor
0x1cb27,Poor
0x1cb28,Poor
0x1cb29,Poor
0x1cb32,Good
0x1cb33,Good
0x1cb34,Standard
0x1cb35,Good
0x1cb3e,Standard
0x1cb3f,Good
0x1cb40,Standard
0x1cb41,Good
0x1cb4a,Poor
0x1cb4b,Poor
0x1cb4c,Standard
0x1cb4d,Poor
0x1cb56,Good
0x1cb57,Good
0x1cb58,Good
0x1cb59,Good
0x1cb62,Poor
0x1cb63,Poor
0x1cb64,Poor
0x1cb65,Poor
0x1cb6e,Good
0x1cb6f,Good
0x1cb70,Good
0x1cb71,Good
0x1cb7a,Standard
0x1cb7b,Standard
0x1cb7c,Poor
0x1cb7d,Standard
0x1cb86,Poor
0x1cb87,Poor
0x1cb88,Poor
0x1cb89,Poor
0x1cb92,Poor
0x1cb93,Poor
0x1cb94,Poor
0x1cb95,Poor
0x1cb9e,Poor
0x1cb9f,Poor
0x1cba0,Poor
0x1cba1,Poor
0x1cbaa,Good
0x1cbab,Good
0x1cbac,Good
0x1cbad,Good
0x1cbb6,Standard
0x1cbb7,Standard
0x1cbb8,Standard
0x1cbb9,Standard
0x1cbc2,Good
0x1cbc3,Good
0x1cbc4,Good
0x1cbc5,Good
0x1cbce,Poor
0x1cbcf,Poor
0x1cbd0,Poor
0x1cbd1,Poor
0x1cbda,Good
0x1cbdb,Good
0x1cbdc,Good
0x1cbdd,Good
0x1cbe6,Poor
0x1cbe7,Poor
0x1cbe8,Poor
0x1cbe9,Poor
0x1cbf2,Poor
0x1cbf3,Poor
0x1cbf4,Poor
0x1cbf5,Standard
0x1cbfe,Poor
0x1cbff,Poor
0x1cc00,Poor
0x1cc01,Poor
0x1cc0a,Good
0x1cc0b,Good
0x1cc0c,Good
0x1cc0d,Good
0x1cc16,Good
0x1cc17,Good
0x1cc18,Good
0x1cc19,Good
0x1cc22,Good
0x1cc23,Good
0x1cc24,Good
0x1cc25,Good
0x1cc2e,Good
0x1cc2f,Good
0x1cc30,Standard
0x1cc31,Good
0x1cc3a,Good
0x1cc3b,Good
0x1cc3c,Good
0x1cc3d,Good
0x1cc46,Good
0x1cc47,Good
0x1cc48,Standard
0x1cc49,Standard
0x1cc52,Poor
0x1cc53,Poor
0x1cc54,Poor
0x1cc55,Poor
0x1cc5e,Good
0x1cc5f,Good
0x1cc60,Good
0x1cc61,Good
0x1cc6a,Good
0x1cc6b,Good
0x1cc6c,Good
0x1cc6d,Good
0x1cc76,Good
0x1cc77,Standard
0x1cc78,Good
0x1cc79,Good
0x1cc82,Standard
0x1cc83,Standard
0x1cc84,Standard
0x1cc85,Standard
0x1cc8e,Poor
0x1cc8f,Poor
0x1cc90,Poor
0x1cc91,Poor
0x1cc9a,Good
0x1cc9b,Good
0x1cc9c,Good
0x1cc9d,Good
0x1cca6,Standard
0x1cca7,Standard
0x1cca8,Standard
0x1cca9,Standard
0x1ccb2,Standard
0x1ccb3,Standard
0x1ccb4,Standard
0x1ccb5,Standard
0x1ccbe,Poor
0x1ccbf,Poor
0x1ccc0,Poor
0x1ccc1,Poor
0x1ccca,Poor
0x1cccb,Poor
0x1cccc,Poor
0x1cccd,Poor
0x1ccd6,Good
0x1ccd7,Good
0x1ccd8,Good
0x1ccd9,Good
0x1cce2,Good
0x1cce3,Good
0x1cce4,Good
0x1cce5,Good
0x1ccee,Standard
0x1ccef,Standard
0x1ccf0,Good
0x1ccf1,Standard
0x1ccfa,Good
0x1ccfb,Good
0x1ccfc,Good
0x1ccfd,Good
0x1cd06,Poor
0x1cd07,Poor
0x1cd08,Poor
0x1cd09,Poor
0x1cd12,Poor
0x1cd13,Poor
0x1cd14,Poor
0x1cd15,Poor
0x1cd1e,Poor
0x1cd1f,Poor
0x1cd20,Poor
0x1cd21,Poor
0x1cd2a,Poor
0x1cd2b,Poor
0x1cd2c,Poor
0x1cd2d,Poor
0x1cd36,Standard
0x1cd37,Good
0x1cd38,Good
0x1cd39,Good
0x1cd42,Poor
0x1cd43,Poor
0x1cd44,Poor
0x1cd45,Poor
0x1cd4e,Standard
0x1cd4f,Standard
0x1cd50,Standard
0x1cd51,Standard
0x1cd5a,Good
0x1cd5b,Good
0x1cd5c,Good
0x1cd5d,Good
0x1cd66,Poor
0x1cd67,Poor
0x1cd68,Poor
0x1cd69,Poor
0x1cd72,Good
0x1cd73,Good
0x1cd74,Good
0x1cd75,Good
0x1cd7e,Good
0x1cd7f,Good
0x1cd80,Good
0x1cd81,Good
0x1cd8a,Poor
0x1cd8b,Poor
0x1cd8c,Poor
0x1cd8d,Poor
0x1cd96,Poor
0x1cd97,Poor
0x1cd98,Poor
0x1cd99,Poor
0x1cda2,Poor
0x1cda3,Poor
0x1cda4,Poor
0x1cda5,Poor
0x1cdae,Poor
0x1cdaf,Poor
0x1cdb0,Poor
0x1cdb1,Poor
0x1cdba,Good
0x1cdbb,Good
0x1cdbc,Good
0x1cdbd,Good
0x1cdc6,Poor
0x1cdc7,Standard
0x1cdc8,Poor
0x1cdc9,Poor
0x1cdd2,Good
0x1cdd3,Good
0x1cdd4,Good
0x1cdd5,Good
0x1cdde,Poor
0x1cddf,Standard
0x1cde0,Standard
0x1cde1,Standard
0x1cdea,Poor
0x1cdeb,Poor
0x1cdec,Poor
0x1cded,Poor
0x1cdf6,Poor
0x1cdf7,Poor
0x1cdf8,Poor
0x1cdf9,Poor
0x1ce02,Poor
0x1ce03,Poor
0x1ce04,Poor
0x1ce05,Poor
0x1ce0e,Standard
0x1ce0f,Standard
0x1ce10,Standard
0x1ce11,Standard
0x1ce1a,Good
0x1ce1b,Good
0x1ce1c,Good
0x1ce1d,Good
0x1ce26,Good
0x1ce27,Good
0x1ce28,Good
0x1ce29,Good
0x1ce32,Good
0x1ce33,Good
0x1ce34,Good
0x1ce35,Good
0x1ce3e,Good
0x1ce3f,Good
0x1ce40,Good
0x1ce41,Good
0x1ce4a,Good
0x1ce4b,Good
0x1ce4c,Good
0x1ce4d,Good
0x1ce56,Poor
0x1ce57,Poor
0x1ce58,Poor
0x1ce59,Poor
0x1ce62,Good
0x1ce63,Good
0x1ce64,Good
0x1ce65,Standard
0x1ce6e,Poor
0x1ce6f,Poor
0x1ce70,Poor
0x1ce71,Poor
0x1ce7a,Good
0x1ce7b,Good
0x1ce7c,Good
0x1ce7d,Good
0x1ce86,Poor
0x1ce87,Poor
0x1ce88,Poor
0x1ce89,Poor
0x1ce92,Good
0x1ce93,Good
0x1ce94,Good
0x1ce95,Good
0x1ce9e,Poor
0x1ce9f,Poor
0x1cea0,Poor
0x1cea1,Poor
0x1ceaa,Poor
0x1ceab,Poor
0x1ceac,Poor
0x1cead,Poor
0x1ceb6,Good
0x1ceb7,Good
0x1ceb8,Good
0x1ceb9,Good
0x1cec2,Good
0x1cec3,Good
0x1cec4,Good
0x1cec5,Good
0x1cece,Poor
0x1cecf,Standard
0x1ced0,Poor
0x1ced1,Standard
0x1ceda,Good
0x1cedb,Good
0x1cedc,Good
0x1cedd,Good
0x1cee6,Good
0x1cee7,Good
0x1cee8,Good
0x1cee9,Standard
0x1cef2,Poor
0x1cef3,Poor
0x1cef4,Poor
0x1cef5,Poor
0x1cefe,Good
0x1ceff,Good
0x1cf00,Good
0x1cf01,Good
0x1cf0a,Poor
0x1cf0b,Poor
0x1cf0c,Poor
0x1cf0d,Poor
0x1cf16,Poor
0x1cf17,Poor
0x1cf18,Poor
0x1cf19,Poor
0x1cf22,Poor
0x1cf23,Poor
0x1cf24,Poor
0x1cf25,Poor
0x1cf2e,Good
0x1cf2f,Good
0x1cf30,Good
0x1cf31,Good
0x1cf3a,Standard
0x1cf3b,Standard
0x1cf3c,Standard
0x1cf3d,Standard
0x1cf46,Poor
0x1cf47,Standard
0x1cf48,Poor
0x1cf49,Standard
0x1cf52,Poor
0x1cf53,Poor
0x1cf54,Poor
0x1cf55,Poor
0x1cf5e,Poor
0x1cf5f,Poor
0x1cf60,Poor
0x1cf61,Poor
0x1cf6a,Poor
0x1cf6b,Poor
0x1cf6c,Poor
0x1cf6d,Poor
0x1cf76,Standard
0x1cf77,Standard
0x1cf78,Standard
0x1cf79,Good
0x1cf82,Poor
0x1cf83,Poor
0x1cf84,Poor
0x1cf85,Poor
0x1cf8e,Poor
0x1cf8f,Poor
0x1cf90,Poor
0x1cf91,Poor
0x1cf9a,Good
0x1cf9b,Good
0x1cf9c,Good
0x1cf9d,Good
0x1cfa6,Standard
0x1cfa7,Standard
0x1cfa8,Standard
0x1cfa9,Poor
0x1cfb2,Good
0x1cfb3,Good
0x1cfb4,Good
0x1cfb5,Good
0x1cfbe,Good
0x1cfbf,Good
0x1cfc0,Good
0x1cfc1,Good
0x1cfca,Poor
0x1cfcb,Poor
0x1cfcc,Poor
0x1cfcd,Poor
0x1cfd6,Poor
0x1cfd7,Poor
0x1cfd8,Poor
0x1cfd9,Poor
0x1cfe2,Good
0x1cfe3,Good
0x1cfe4,Good
0x1cfe5,Good
0x1cfee,Poor
0x1cfef,Poor
0x1cff0,Poor
0x1cff1,Poor
0x1cffa,Poor
0x1cffb,Poor
0x1cffc,Poor
0x1cffd,Poor
0x1d006,Poor
0x1d007,Poor
0x1d008,Poor
0x1d009,Poor
0x1d012,Good
0x1d013,Good
0x1d014,Good
0x1d015,Good
0x1d01e,Good
0x1d01f,Good
0x1d020,Good
0x1d021,Good
0x1d02a,Standard
0x1d02b,Standard
0x1d02c,Standard
0x1d02d,Standard
0x1d036,Poor
0x1d037,Poor
0x1d038,Poor
0x1d039,Poor
0x1d042,Good
0x1d043,Good
0x1d044,Good
0x1d045,Good
0x1d04e,Poor
0x1d04f,Poor
0x1d050,Poor
0x1d051,Poor
0x1d05a,Standard
0x1d05b,Standard
0x1d05c,Standard
0x1d05d,Standard
0x1d066,Standard
0x1d067,Standard
0x1d068,Standard
0x1d069,Standard
0x1d072,Standard
0x1d073,Standard
0x1d074,Poor
0x1d075,Standard
0x1d07e,Good
0x1d07f,Good
0x1d080,Good
0x1d081,Good
0x1d08a,Standard
0x1d08b,Standard
0x1d08c,Standard
0x1d08d,Poor
0x1d096,Good
0x1d097,Standard
0x1d098,Standard
0x1d099,Good
0x1d0a2,Good
0x1d0a3,Good
0x1d0a4,Good
0x1d0a5,Good
0x1d0ae,Poor
0x1d0af,Poor
0x1d0b0,Poor
0x1d0b1,Poor
0x1d0ba,Good
0x1d0bb,Good
0x1d0bc,Good
0x1d0bd,Good
0x1d0c6,Good
0x1d0c7,Good
0x1d0c8,Good
0x1d0c9,Good
0x1d0d2,Good
0x1d0d3,Good
0x1d0d4,Good
0x1d0d5,Good
0x1d0de,Poor
0x1d0df,Poor
0x1d0e0,Poor
0x1d0e1,Poor
0x1d0ea,Standard
0x1d0eb,Standard
0x1d0ec,Poor
0x1d0ed,Poor
0x1d0f6,Poor
0x1d0f7,Poor
0x1d0f8,Poor
0x1d0f9,Poor
0x1d102,Poor
0x1d103,Poor
0x1d104,Poor
0x1d105,Poor
0x1d10e,Poor
0x1d10f,Poor
0x1d110,Standard
0x1d111,Poor
0x1d11a,Poor
0x1d11b,Poor
0x1d11c,Poor
0x1d11d,Poor
0x1d126,Good
0x1d127,Good
0x1d128,Good
0x1d129,Good
0x1d132,Good
0x1d133,Good
0x1d134,Good
0x1d135,Good
0x1d13e,Good
0x1d13f,Good
0x1d140,Good
0x1d141,Standard
0x1d14a,Good
0x1d14b,Good
0x1d14c,Good
0x1d14d,Good
0x1d156,Good
0x1d157,Good
0x1d158,Good
0x1d159,Good
0x1d162,Good
0x1d163,Good
0x1d164,Good
0x1d165,Good
0x1d16e,Good
0x1d16f,Good
0x1d170,Good
0x1d171,Good
0x1d17a,Good
0x1d17b,Good
0x1d17c,Good
0x1d17d,Good
0x1d186,Good
0x1d187,Good
0x1d188,Good
0x1d189,Good
0x1d192,Standard
0x1d193,Standard
0x1d194,Standard
0x1d195,Standard
0x1d19e,Standard
0x1d19f,Standard
0x1d1a0,Standard
0x1d1a1,Standard
0x1d1aa,Good
0x1d1ab,Good
0x1d1ac,Good
0x1d1ad,Good
0x1d1b6,Standard
0x1d1b7,Standard
0x1d1b8,Standard
0x1d1b9,Standard
0x1d1c2,Good
0x1d1c3,Good
0x1d1c4,Good
0x1d1c5,Good
0x1d1ce,Poor
0x1d1cf,Poor
0x1d1d0,Poor
0x1d1d1,Poor
0x1d1da,Good
0x1d1db,Good
0x1d1dc,Good
0x1d1dd,Standard
0x1d1e6,Standard
0x1d1e7,Good
0x1d1e8,Good
0x1d1e9,Good
0x1d1f2,Good
0x1d1f3,Good
0x1d1f4,Good
0x1d1f5,Good
0x1d1fe,Good
0x1d1ff,Good
0x1d200,Good
0x1d201,Good
0x1d20a,Poor
0x1d20b,Poor
0x1d20c,Poor
0x1d20d,Poor
0x1d216,Good
0x1d217,Good
0x1d218,Good
0x1d219,Standard
0x1d222,Good
0x1d223,Good
0x1d224,Good
0x1d225,Good
0x1d22e,Poor
0x1d22f,Poor
0x1d230,Poor
0x1d231,Poor
0x1d23a,Standard
0x1d23b,Standard
0x1d23c,Standard
0x1d23d,Standard
0x1d246,Poor
0x1d247,Poor
0x1d248,Poor
0x1d249,Poor
0x1d252,Good
0x1d253,Good
0x1d254,Good
0x1d255,Good
0x1d25e,Standard
0x1d25f,Poor
0x1d260,Standard
0x1d261,Standard
0x1d26a,Poor
0x1d26b,Poor
0x1d26c,Poor
0x1d26d,Poor
0x1d276,Poor
0x1d277,Poor
0x1d278,Poor
0x1d279,Standard
0x1d282,Poor
0x1d283,Poor
0x1d284,Poor
0x1d285,Standard
0x1d28e,Standard
0x1d28f,Standard
0x1d290,Standard
0x1d291,Poor
0x1d29a,Good
0x1d29b,Good
0x1d29c,Good
0x1d29d,Good
0x1d2a6,Poor
0x1d2a7,Poor
0x1d2a8,Standard
0x1d2a9,Standard
0x1d2b2,Standard
0x1d2b3,Standard
0x1d2b4,Standard
0x1d2b5,Standard
0x1d2be,Poor
0x1d2bf,Poor
0x1d2c0,Poor
0x1d2c1,Poor
0x1d2ca,Standard
0x1d2cb,Standard
0x1d2cc,Good
0x1d2cd,Standard
0x1d2d6,Good
0x1d2d7,Good
0x1d2d8,Good
0x1d2d9,Good
0x1d2e2,Good
0x1d2e3,Good
0x1d2e4,Good
0x1d2e5,Good
0x1d2ee,Good
0x1d2ef,Good
0x1d2f0,Good
0x1d2f1,Good
0x1d2fa,Standard
0x1d2fb,Standard
0x1d2fc,Standard
0x1d2fd,Standard
0x1d306,Standard
0x1d307,Good
0x1d308,Good
0x1d309,Good
0x1d312,Standard
0x1d313,Good
0x1d314,Good
0x1d315,Good
0x1d31e,Good
0x1d31f,Good
0x1d320,Standard
0x1d321,Standard
0x1d32a,Good
0x1d32b,Good
0x1d32c,Good
0x1d32d,Good
0x1d336,Poor
0x1d337,Poor
0x1d338,Poor
0x1d339,Poor
0x1d342,Poor
0x1d343,Poor
0x1d344,Poor
0x1d345,Poor
0x1d34e,Good
0x1d34f,Good
0x1d350,Good
0x1d351,Good
0x1d35a,Poor
0x1d35b,Poor
0x1d35c,Poor
0x1d35d,Poor
0x1d366,Good
0x1d367,Good
0x1d368,Good
0x1d369,Good
0x1d372,Good
0x1d373,Good
0x1d374,Good
0x1d375,Good
0x1d37e,Good
0x1d37f,Good
0x1d380,Good
0x1d381,Good
0x1d38a,Good
0x1d38b,Good
0x1d38c,Good
0x1d38d,Good
0x1d396,Good
0x1d397,Good
0x1d398,Good
0x1d399,Good
0x1d3a2,Good
0x1d3a3,Good
0x1d3a4,Good
0x1d3a5,Good
0x1d3ae,Poor
0x1d3af,Poor
0x1d3b0,Poor
0x1d3b1,Poor
0x1d3ba,Poor
0x1d3bb,Poor
0x1d3bc,Poor
0x1d3bd,Poor
0x1d3c6,Poor
0x1d3c7,Poor
0x1d3c8,Poor
0x1d3c9,Poor
0x1d3d2,Good
0x1d3d3,Good
0x1d3d4,Good
0x1d3d5,Good
0x1d3de,Standard
0x1d3df,Standard
0x1d3e0,Poor
0x1d3e1,Poor
0x1d3ea,Poor
0x1d3eb,Poor
0x1d3ec,Poor
0x1d3ed,Poor
0x1d3f6,Good
0x1d3f7,Good
0x1d3f8,Good
0x1d3f9,Good
0x1d402,Good
0x1d403,Good
0x1d404,Good
0x1d405,Good
0x1d40e,Good
0x1d40f,Good
0x1d410,Good
0x1d411,Good
0x1d41a,Poor
0x1d41b,Poor
0x1d41c,Poor
0x1d41d,Poor
0x1d426,Good
0x1d427,Standard
0x1d428,Standard
0x1d429,Standard
0x1d432,Good
0x1d433,Good
0x1d434,Standard
0x1d435,Good
0x1d43e,Poor
0x1d43f,Poor
0x1d440,Poor
0x1d441,Poor
0x1d44a,Poor
0x1d44b,Poor
0x1d44c,Poor
0x1d44d,Poor
0x1d456,Good
0x1d457,Good
0x1d458,Good
0x1d459,Good
0x1d462,Poor
0x1d463,Poor
0x1d464,Poor
0x1d465,Poor
0x1d46e,Standard
0x1d46f,Good
0x1d470,Good
0x1d471,Good
0x1d47a,Good
0x1d47b,Good
0x1d47c,Good
0x1d47d,Good
0x1d486,Good
0x1d487,Good
0x1d488,Good
0x1d489,Good
0x1d492,Standard
0x1d493,Standard
0x1d494,Standard
0x1d495,Standard
0x1d49e,Good
0x1d49f,Good
0x1d4a0,Standard
0x1d4a1,Good
0x1d4aa,Poor
0x1d4ab,Poor
0x1d4ac,Poor
0x1d4ad,Poor
0x1d4b6,Good
0x1d4b7,Standard
0x1d4b8,Good
0x1d4b9,Good
0x1d4c2,Poor
0x1d4c3,Poor
0x1d4c4,Poor
0x1d4c5,Poor
0x1d4ce,Good
0x1d4cf,Good
0x1d4d0,Good
0x1d4d1,Good
0x1d4da,Good
0x1d4db,Good
0x1d4dc,Good
0x1d4dd,Good
0x1d4e6,Good
0x1d4e7,Good
0x1d4e8,Good
0x1d4e9,Good
0x1d4f2,Standard
0x1d4f3,Standard
0x1d4f4,Standard
0x1d4f5,Standard
0x1d4fe,Poor
0x1d4ff,Poor
0x1d500,Poor
0x1d501,Poor
0x1d50a,Good
0x1d50b,Good
0x1d50c,Good
0x1d50d,Good
0x1d516,Standard
0x1d517,Standard
0x1d518,Standard
0x1d519,Standard
0x1d522,Standard
0x1d523,Standard
0x1d524,Standard
0x1d525,Standard
0x1d52e,Standard
0x1d52f,Poor
0x1d530,Poor
0x1d531,Standard
0x1d53a,Good
0x1d53b,Good
0x1d53c,Good
0x1d53d,Good
0x1d546,Good
0x1d547,Good
0x1d548,Good
0x1d549,Good
0x1d552,Standard
0x1d553,Standard
0x1d554,Standard
0x1d555,Good
0x1d55e,Poor
0x1d55f,Poor
0x1d560,Poor
0x1d561,Poor
0x1d56a,Standard
0x1d56b,Poor
0x1d56c,Standard
0x1d56d,Standard
0x1d576,Good
0x1d577,Good
0x1d578,Standard
0x1d579,Good
0x1d582,Poor
0x1d583,Poor
0x1d584,Poor
0x1d585,Poor
0x1d58e,Poor
0x1d58f,Standard
0x1d590,Standard
0x1d591,Standard
0x1d59a,Standard
0x1d59b,Standard
0x1d59c,Standard
0x1d59d,Standard
0x1d5a6,Poor
0x1d5a7,Poor
0x1d5a8,Poor
0x1d5a9,Poor
0x1d5b2,Poor
0x1d5b3,Poor
0x1d5b4,Poor
0x1d5b5,Poor
0x1d5be,Good
0x1d5bf,Good
0x1d5c0,Good
0x1d5c1,Good
0x1d5ca,Good
0x1d5cb,Good
0x1d5cc,Good
0x1d5cd,Good
0x1d5d6,Good
0x1d5d7,Good
0x1d5d8,Good
0x1d5d9,Good
0x1d5e2,Poor
0x1d5e3,Poor
0x1d5e4,Poor
0x1d5e5,Poor
0x1d5ee,Poor
0x1d5ef,Poor
0x1d5f0,Poor
0x1d5f1,Poor
0x1d5fa,Good
0x1d5fb,Good
0x1d5fc,Good
0x1d5fd,Good
0x1d606,Standard
0x1d607,Standard
0x1d608,Standard
0x1d609,Poor
0x1d612,Poor
0x1d613,Poor
0x1d614,Poor
0x1d615,Poor
0x1d61e,Poor
0x1d61f,Poor
0x1d620,Poor
0x1d621,Poor
0x1d62a,Poor
0x1d62b,Poor
0x1d62c,Standard
0x1d62d,Poor
0x1d636,Good
0x1d637,Good
0x1d638,Good
0x1d639,Good
0x1d642,Good
0x1d643,Good
0x1d644,Good
0x1d645,Good
0x1d64e,Good
0x1d64f,Good
0x1d650,Good
0x1d651,Good
0x1d65a,Good
0x1d65b,Good
0x1d65c,Good
0x1d65d,Good
0x1d666,Good
0x1d667,Good
0x1d668,Good
0x1d669,Good
0x1d672,Good
0x1d673,Good
0x1d674,Good
0x1d675,Good
0x1d67e,Poor
0x1d67f,Poor
0x1d680,Poor
0x1d681,Standard
0x1d68a,Poor
0x1d68b,Poor
0x1d68c,Poor
0x1d68d,Poor
0x1d696,Good
0x1d697,Good
0x1d698,Good
0x1d699,Good
0x1d6a2,Good
0x1d6a3,Good
0x1d6a4,Good
0x1d6a5,Good
0x1d6ae,Good
0x1d6af,Good
0x1d6b0,Good
0x1d6b1,Good
0x1d6ba,Poor
0x1d6bb,Poor
0x1d6bc,Poor
0x1d6bd,Poor
0x1d6c6,Poor
0x1d6c7,Poor
0x1d6c8,Poor
0x1d6c9,Poor
0x1d6d2,Good
0x1d6d3,Good
0x1d6d4,Good
0x1d6d5,Good
0x1d6de,Good
0x1d6df,Good
0x1d6e0,Good
0x1d6e1,Good
0x1d6ea,Poor
0x1d6eb,Poor
0x1d6ec,Poor
0x1d6ed,Poor
0x1d6f6,Standard
0x1d6f7,Standard
0x1d6f8,Standard
0x1d6f9,Standard
0x1d702,Good
0x1d703,Good
0x1d704,Good
0x1d705,Good
0x1d70e,Standard
0x1d70f,Standard
0x1d710,Standard
0x1d711,Good
0x1d71a,Good
0x1d71b,Good
0x1d71c,Good
0x1d71d,Good
0x1d726,Standard
0x1d727,Poor
0x1d728,Standard
0x1d729,Standard
0x1d732,Good
0x1d733,Good
0x1d734,Good
0x1d735,Good
0x1d73e,Good
0x1d73f,Good
0x1d740,Good
0x1d741,Good
0x1d74a,Standard
0x1d74b,Standard
0x1d74c,Standard
0x1d74d,Standard
0x1d756,Standard
0x1d757,Standard
0x1d758,Standard
0x1d759,Standard
0x1d762,Poor
0x1d763,Poor
0x1d764,Poor
0x1d765,Poor
0x1d76e,Poor
0x1d76f,Poor
0x1d770,Poor
0x1d771,Poor
0x1d77a,Poor
0x1d77b,Poor
0x1d77c,Poor
0x1d77d,Poor
0x1d786,Poor
0x1d787,Poor
0x1d788,Poor
0x1d789,Poor
0x1d792,Standard
0x1d793,Standard
0x1d794,Standard
0x1d795,Standard
0x1d79e,Good
0x1d79f,Good
0x1d7a0,Good
0x1d7a1,Good
0x1d7aa,Poor
0x1d7ab,Poor
0x1d7ac,Poor
0x1d7ad,Poor
0x1d7b6,Standard
0x1d7b7,Good
0x1d7b8,Good
0x1d7b9,Standard
0x1d7c2,Poor
0x1d7c3,Poor
0x1d7c4,Poor
0x1d7c5,Poor
0x1d7ce,Good
0x1d7cf,Good
0x1d7d0,Good
0x1d7d1,Good
0x1d7da,Poor
0x1d7db,Poor
0x1d7dc,Poor
0x1d7dd,Poor
0x1d7e6,Good
0x1d7e7,Standard
0x1d7e8,Good
0x1d7e9,Good
0x1d7f2,Poor
0x1d7f3,Standard
0x1d7f4,Standard
0x1d7f5,Standard
0x1d7fe,Good
0x1d7ff,Good
0x1d800,Good
0x1d801,Good
0x1d80a,Poor
0x1d80b,Poor
0x1d80c,Poor
0x1d80d,Poor
0x1d816,Good
0x1d817,Good
0x1d818,Good
0x1d819,Good
0x1d822,Good
0x1d823,Good
0x1d824,Good
0x1d825,Good
0x1d82e,Poor
0x1d82f,Poor
0x1d830,Poor
0x1d831,Poor
0x1d83a,Good
0x1d83b,Good
0x1d83c,Good
0x1d83d,Good
0x1d846,Good
0x1d847,Good
0x1d848,Good
0x1d849,Good
0x1d852,Poor
0x1d853,Standard
0x1d854,Poor
0x1d855,Standard
0x1d85e,Standard
0x1d85f,Good
0x1d860,Good
0x1d861,Good
0x1d86a,Poor
0x1d86b,Poor
0x1d86c,Poor
0x1d86d,Poor
0x1d876,Good
0x1d877,Good
0x1d878,Good
0x1d879,Good
0x1d882,Standard
0x1d883,Standard
0x1d884,Standard
0x1d885,Standard
0x1d88e,Good
0x1d88f,Good
0x1d890,Good
0x1d891,Good
0x1d89a,Standard
0x1d89b,Good
0x1d89c,Standard
0x1d89d,Good
0x1d8a6,Standard
0x1d8a7,Standard
0x1d8a8,Standard
0x1d8a9,Standard
0x1d8b2,Poor
0x1d8b3,Standard
0x1d8b4,Standard
0x1d8b5,Standard
0x1d8be,Good
0x1d8bf,Good
0x1d8c0,Good
0x1d8c1,Good
0x1d8ca,Standard
0x1d8cb,Standard
0x1d8cc,Standard
0x1d8cd,Standard
0x1d8d6,Good
0x1d8d7,Good
0x1d8d8,Good
0x1d8d9,Good
0x1d8e2,Standard
0x1d8e3,Poor
0x1d8e4,Standard
0x1d8e5,Standard
0x1d8ee,Poor
0x1d8ef,Poor
0x1d8f0,Poor
0x1d8f1,Poor
0x1d8fa,Good
0x1d8fb,Good
0x1d8fc,Good
0x1d8fd,Good
0x1d906,Standard
0x1d907,Standard
0x1d908,Standard
0x1d909,Standard
0x1d912,Good
0x1d913,Good
0x1d914,Good
0x1d915,Good
0x1d91e,Poor
0x1d91f,Poor
0x1d920,Poor
0x1d921,Poor
0x1d92a,Standard
0x1d92b,Standard
0x1d92c,Standard
0x1d92d,Standard
0x1d936,Poor
0x1d937,Poor
0x1d938,Poor
0x1d939,Poor
0x1d942,Poor
0x1d943,Poor
0x1d944,Poor
0x1d945,Poor
0x1d94e,Good
0x1d94f,Good
0x1d950,Good
0x1d951,Good
0x1d95a,Standard
0x1d95b,Good
0x1d95c,Poor
0x1d95d,Standard
0x1d966,Good
0x1d967,Good
0x1d968,Good
0x1d969,Good
0x1d972,Standard
0x1d973,Standard
0x1d974,Standard
0x1d975,Standard
0x1d97e,Good
0x1d97f,Good
0x1d980,Good
0x1d981,Good
0x1d98a,Standard
0x1d98b,Standard
0x1d98c,Poor
0x1d98d,Standard
0x1d996,Standard
0x1d997,Good
0x1d998,Good
0x1d999,Good
0x1d9a2,Good
0x1d9a3,Good
0x1d9a4,Good
0x1d9a5,Good
0x1d9ae,Good
0x1d9af,Good
0x1d9b0,Standard
0x1d9b1,Good
0x1d9ba,Poor
0x1d9bb,Standard
0x1d9bc,Poor
0x1d9bd,Standard
0x1d9c6,Poor
0x1d9c7,Standard
0x1d9c8,Standard
0x1d9c9,Standard
0x1d9d2,Standard
0x1d9d3,Good
0x1d9d4,Standard
0x1d9d5,Standard
0x1d9de,Good
0x1d9df,Good
0x1d9e0,Good
0x1d9e1,Good
0x1d9ea,Standard
0x1d9eb,Standard
0x1d9ec,Good
0x1d9ed,Standard
0x1d9f6,Poor
0x1d9f7,Poor
0x1d9f8,Poor
0x1d9f9,Poor
0x1da02,Good
0x1da03,Good
0x1da04,Standard
0x1da05,Standard
0x1da0e,Standard
0x1da0f,Standard
0x1da10,Standard
0x1da11,Standard
0x1da1a,Standard
0x1da1b,Standard
0x1da1c,Standard
0x1da1d,Standard
0x1da26,Poor
0x1da27,Poor
0x1da28,Poor
0x1da29,Poor
0x1da32,Poor
0x1da33,Poor
0x1da34,Poor
0x1da35,Poor
0x1da3e,Poor
0x1da3f,Poor
0x1da40,Standard
0x1da41,Poor
0x1da4a,Good
0x1da4b,Good
0x1da4c,Good
0x1da4d,Good
0x1da56,Poor
0x1da57,Standard
0x1da58,Standard
0x1da59,Standard
0x1da62,Standard
0x1da63,Standard
0x1da64,Standard
0x1da65,Poor
0x1da6e,Good
0x1da6f,Good
0x1da70,Good
0x1da71,Good
0x1da7a,Poor
0x1da7b,Poor
0x1da7c,Poor
0x1da7d,Poor
0x1da86,Poor
0x1da87,Poor
0x1da88,Poor
0x1da89,Poor
0x1da92,Good
0x1da93,Good
0x1da94,Good
0x1da95,Good
0x1da9e,Standard
0x1da9f,Standard
0x1daa0,Standard
0x1daa1,Standard
0x1daaa,Good
0x1daab,Good
0x1daac,Good
0x1daad,Good
0x1dab6,Good
0x1dab7,Good
0x1dab8,Good
0x1dab9,Good
0x1dac2,Good
0x1dac3,Good
0x1dac4,Good
0x1dac5,Good
0x1dace,Good
0x1dacf,Good
0x1dad0,Good
0x1dad1,Standard
0x1dada,Poor
0x1dadb,Poor
0x1dadc,Poor
0x1dadd,Poor
0x1dae6,Good
0x1dae7,Good
0x1dae8,Good
0x1dae9,Good
0x1daf2,Poor
0x1daf3,Poor
0x1daf4,Poor
0x1daf5,Poor
0x1dafe,Standard
0x1daff,Standard
0x1db00,Standard
0x1db01,Standard
0x1db0a,Poor
0x1db0b,Poor
0x1db0c,Poor
0x1db0d,Poor
0x1db16,Poor
0x1db17,Standard
0x1db18,Poor
0x1db19,Poor
0x1db22,Good
0x1db23,Good
0x1db24,Good
0x1db25,Good
0x1db2e,Poor
0x1db2f,Poor
0x1db30,Poor
0x1db31,Poor
0x1db3a,Good
0x1db3b,Good
0x1db3c,Good
0x1db3d,Good
0x1db46,Good
0x1db47,Good
0x1db48,Good
0x1db49,Good
0x1db52,Standard
0x1db53,Standard
0x1db54,Standard
0x1db55,Standard
0x1db5e,Good
0x1db5f,Good
0x1db60,Good
0x1db61,Good
0x1db6a,Poor
0x1db6b,Standard
0x1db6c,Standard
0x1db6d,Standard
0x1db76,Poor
0x1db77,Poor
0x1db78,Poor
0x1db79,Poor
0x1db82,Good
0x1db83,Good
0x1db84,Good
0x1db85,Good
0x1db8e,Poor
0x1db8f,Poor
0x1db90,Poor
0x1db91,Poor
0x1db9a,Poor
0x1db9b,Poor
0x1db9c,Poor
0x1db9d,Poor
0x1dba6,Good
0x1dba7,Standard
0x1dba8,Good
0x1dba9,Good
0x1dbb2,Good
0x1dbb3,Good
0x1dbb4,Good
0x1dbb5,Good
0x1dbbe,Poor
0x1dbbf,Poor
0x1dbc0,Poor
0x1dbc1,Poor
0x1dbca,Good
0x1dbcb,Good
0x1dbcc,Good
0x1dbcd,Good
0x1dbd6,Good
0x1dbd7,Good
0x1dbd8,Good
0x1dbd9,Good
0x1dbe2,Standard
0x1dbe3,Standard
0x1dbe4,Standard
0x1dbe5,Standard
0x1dbee,Poor
0x1dbef,Poor
0x1dbf0,Poor
0x1dbf1,Poor
0x1dbfa,Standard
0x1dbfb,Standard
0x1dbfc,Standard
0x1dbfd,Standard
0x1dc06,Good
0x1dc07,Standard
0x1dc08,Good
0x1dc09,Good
0x1dc12,Poor
0x1dc13,Poor
0x1dc14,Poor
0x1dc15,Poor
0x1dc1e,Good
0x1dc1f,Good
0x1dc20,Good
0x1dc21,Good
0x1dc2a,Poor
0x1dc2b,Poor
0x1dc2c,Poor
0x1dc2d,Poor
0x1dc36,Standard
0x1dc37,Poor
0x1dc38,Standard
0x1dc39,Standard
0x1dc42,Standard
0x1dc43,Standard
0x1dc44,Standard
0x1dc45,Standard
0x1dc4e,Good
0x1dc4f,Good
0x1dc50,Good
0x1dc51,Good
0x1dc5a,Good
0x1dc5b,Good
0x1dc5c,Good
0x1dc5d,Good
0x1dc66,Poor
0x1dc67,Poor
0x1dc68,Poor
0x1dc69,Poor
0x1dc72,Standard
0x1dc73,Standard
0x1dc74,Standard
0x1dc75,Standard
0x1dc7e,Poor
0x1dc7f,Poor
0x1dc80,Poor
0x1dc81,Poor
0x1dc8a,Poor
0x1dc8b,Poor
0x1dc8c,Poor
0x1dc8d,Poor
0x1dc96,Good
0x1dc97,Good
0x1dc98,Standard
0x1dc99,Good
0x1dca2,Poor
0x1dca3,Poor
0x1dca4,Poor
0x1dca5,Poor
0x1dcae,Poor
0x1dcaf,Poor
0x1dcb0,Poor
0x1dcb1,Poor
0x1dcba,Good
0x1dcbb,Good
0x1dcbc,Good
0x1dcbd,Good
0x1dcc6,Standard
0x1dcc7,Standard
0x1dcc8,Standard
0x1dcc9,Standard
0x1dcd2,Poor
0x1dcd3,Poor
0x1dcd4,Poor
0x1dcd5,Poor
0x1dcde,Poor
0x1dcdf,Poor
0x1dce0,Poor
0x1dce1,Poor
0x1dcea,Poor
0x1dceb,Poor
0x1dcec,Poor
0x1dced,Poor
0x1dcf6,Poor
0x1dcf7,Poor
0x1dcf8,Poor
0x1dcf9,Poor
0x1dd02,Standard
0x1dd03,Standard
0x1dd04,Good
0x1dd05,Standard
0x1dd0e,Poor
0x1dd0f,Poor
0x1dd10,Poor
0x1dd11,Poor
0x1dd1a,Standard
0x1dd1b,Standard
0x1dd1c,Standard
0x1dd1d,Standard
0x1dd26,Standard
0x1dd27,Poor
0x1dd28,Standard
0x1dd29,Standard
0x1dd32,Standard
0x1dd33,Standard
0x1dd34,Standard
0x1dd35,Standard
0x1dd3e,Poor
0x1dd3f,Poor
0x1dd40,Poor
0x1dd41,Poor
0x1dd4a,Poor
0x1dd4b,Poor
0x1dd4c,Poor
0x1dd4d,Poor
0x1dd56,Good
0x1dd57,Good
0x1dd58,Good
0x1dd59,Good
0x1dd62,Good
0x1dd63,Standard
0x1dd64,Good
0x1dd65,Good
0x1dd6e,Poor
0x1dd6f,Poor
0x1dd70,Poor
0x1dd71,Poor
0x1dd7a,Poor
0x1dd7b,Poor
0x1dd7c,Poor
0x1dd7d,Poor
0x1dd86,Good
0x1dd87,Good
0x1dd88,Good
0x1dd89,Good
0x1dd92,Poor
0x1dd93,Poor
0x1dd94,Poor
0x1dd95,Poor
0x1dd9e,Good
0x1dd9f,Good
0x1dda0,Good
0x1dda1,Good
0x1ddaa,Good
0x1ddab,Good
0x1ddac,Good
0x1ddad,Good
0x1ddb6,Standard
0x1ddb7,Standard
0x1ddb8,Standard
0x1ddb9,Good
0x1ddc2,Good
0x1ddc3,Good
0x1ddc4,Good
0x1ddc5,Good
0x1ddce,Poor
0x1ddcf,Poor
0x1ddd0,Poor
0x1ddd1,Poor
0x1ddda,Poor
0x1dddb,Poor
0x1dddc,Poor
0x1dddd,Poor
0x1dde6,Poor
0x1dde7,Poor
0x1dde8,Poor
0x1dde9,Poor
0x1ddf2,Good
0x1ddf3,Good
0x1ddf4,Good
0x1ddf5,Good
0x1ddfe,Standard
0x1ddff,Standard
0x1de00,Standard
0x1de01,Standard
0x1de0a,Poor
0x1de0b,Poor
0x1de0c,Poor
0x1de0d,Poor
0x1de16,Standard
0x1de17,Good
0x1de18,Good
0x1de19,Good
0x1de22,Good
0x1de23,Good
0x1de24,Good
0x1de25,Good
0x1de2e,Good
0x1de2f,Good
0x1de30,Good
0x1de31,Good
0x1de3a,Good
0x1de3b,Good
0x1de3c,Good
0x1de3d,Good
0x1de46,Poor
0x1de47,Poor
0x1de48,Poor
0x1de49,Poor
0x1de52,Good
0x1de53,Good
0x1de54,Good
0x1de55,Good
0x1de5e,Standard
0x1de5f,Standard
0x1de60,Standard
0x1de61,Standard
0x1de6a,Good
0x1de6b,Standard
0x1de6c,Good
0x1de6d,Standard
0x1de76,Good
0x1de77,Good
0x1de78,Good
0x1de79,Good
0x1de82,Good
0x1de83,Standard
0x1de84,Good
0x1de85,Good
0x1de8e,Poor
0x1de8f,Poor
0x1de90,Poor
0x1de91,Poor
0x1de9a,Poor
0x1de9b,Poor
0x1de9c,Poor
0x1de9d,Poor
0x1dea6,Standard
0x1dea7,Standard
0x1dea8,Standard
0x1dea9,Poor
0x1deb2,Good
0x1deb3,Good
0x1deb4,Good
0x1deb5,Good
0x1debe,Good
0x1debf,Good
0x1dec0,Good
0x1dec1,Good
0x1deca,Poor
0x1decb,Poor
0x1decc,Poor
0x1decd,Poor
0x1ded6,Standard
0x1ded7,Standard
0x1ded8,Standard
0x1ded9,Standard
0x1dee2,Good
0x1dee3,Good
0x1dee4,Good
0x1dee5,Good
0x1deee,Poor
0x1deef,Poor
0x1def0,Poor
0x1def1,Poor
0x1defa,Poor
0x1defb,Poor
0x1defc,Poor
0x1defd,Poor
0x1df06,Standard
0x1df07,Standard
0x1df08,Standard
0x1df09,Standard
0x1df12,Poor
0x1df13,Poor
0x1df14,Poor
0x1df15,Poor
0x1df1e,Good
0x1df1f,Good
0x1df20,Good
0x1df21,Good
0x1df2a,Poor
0x1df2b,Poor
0x1df2c,Standard
0x1df2d,Poor
0x1df36,Good
0x1df37,Good
0x1df38,Good
0x1df39,Good
0x1df42,Standard
0x1df43,Standard
0x1df44,Standard
0x1df45,Standard
0x1df4e,Standard
0x1df4f,Poor
0x1df50,Standard
0x1df51,Standard
0x1df5a,Good
0x1df5b,Good
0x1df5c,Good
0x1df5d,Good
0x1df66,Good
0x1df67,Good
0x1df68,Good
0x1df69,Good
0x1df72,Good
0x1df73,Good
0x1df74,Good
0x1df75,Good
0x1df7e,Standard
0x1df7f,Standard
0x1df80,Standard
0x1df81,Standard
0x1df8a,Standard
0x1df8b,Standard
0x1df8c,Poor
0x1df8d,Standard
0x1df96,Good
0x1df97,Good
0x1df98,Good
0x1df99,Good
0x1dfa2,Standard
0x1dfa3,Standard
0x1dfa4,Standard
0x1dfa5,Standard
0x1dfae,Poor
0x1dfaf,Poor
0x1dfb0,Poor
0x1dfb1,Poor
0x1dfba,Good
0x1dfbb,Good
0x1dfbc,Good
0x1dfbd,Good
0x1dfc6,Good
0x1dfc7,Good
0x1dfc8,Good
0x1dfc9,Good
0x1dfd2,Poor
0x1dfd3,Poor
0x1dfd4,Poor
0x1dfd5,Poor
0x1dfde,Poor
0x1dfdf,Poor
0x1dfe0,Poor
0x1dfe1,Poor
0x1dfea,Standard
0x1dfeb,Good
0x1dfec,Standard
0x1dfed,Standard
0x1dff6,Poor
0x1dff7,Poor
0x1dff8,Poor
0x1dff9,Poor
0x1e002,Good
0x1e003,Good
0x1e004,Good
0x1e005,Good
0x1e00e,Good
0x1e00f,Good
0x1e010,Good
0x1e011,Good
0x1e01a,Poor
0x1e01b,Standard
0x1e01c,Standard
0x1e01d,Standard
0x1e026,Good
0x1e027,Good
0x1e028,Good
0x1e029,Good
0x1e032,Good
0x1e033,Good
0x1e034,Good
0x1e035,Good
0x1e03e,Poor
0x1e03f,Standard
0x1e040,Standard
0x1e041,Standard
0x1e04a,Standard
0x1e04b,Standard
0x1e04c,Standard
0x1e04d,Standard
0x1e056,Good
0x1e057,Good
0x1e058,Good
0x1e059,Good
0x1e062,Poor
0x1e063,Poor
0x1e064,Poor
0x1e065,Poor
0x1e06e,Good
0x1e06f,Good
0x1e070,Good
0x1e071,Good
0x1e07a,Poor
0x1e07b,Poor
0x1e07c,Poor
0x1e07d,Poor
0x1e086,Standard
0x1e087,Poor
0x1e088,Poor
0x1e089,Poor
0x1e092,Good
0x1e093,Good
0x1e094,Good
0x1e095,Good
0x1e09e,Good
0x1e09f,Good
0x1e0a0,Good
0x1e0a1,Good
0x1e0aa,Poor
0x1e0ab,Poor
0x1e0ac,Poor
0x1e0ad,Poor
0x1e0b6,Good
0x1e0b7,Good
0x1e0b8,Standard
0x1e0b9,Good
0x1e0c2,Good
0x1e0c3,Good
0x1e0c4,Good
0x1e0c5,Good
0x1e0ce,Good
0x1e0cf,Good
0x1e0d0,Good
0x1e0d1,Good
0x1e0da,Good
0x1e0db,Good
0x1e0dc,Good
0x1e0dd,Good
0x1e0e6,Good
0x1e0e7,Good
0x1e0e8,Good
0x1e0e9,Good
0x1e0f2,Good
0x1e0f3,Good
0x1e0f4,Good
0x1e0f5,Good
0x1e0fe,Good
0x1e0ff,Good
0x1e100,Good
0x1e101,Good
0x1e10a,Good
0x1e10b,Good
0x1e10c,Good
0x1e10d,Good
0x1e116,Poor
0x1e117,Poor
0x1e118,Poor
0x1e119,Poor
0x1e122,Poor
0x1e123,Poor
0x1e124,Poor
0x1e125,Poor
0x1e12e,Poor
0x1e12f,Poor
0x1e130,Poor
0x1e131,Poor
0x1e13a,Good
0x1e13b,Good
0x1e13c,Good
0x1e13d,Good
0x1e146,Standard
0x1e147,Standard
0x1e148,Standard
0x1e149,Standard
0x1e152,Poor
0x1e153,Poor
0x1e154,Poor
0x1e155,Poor
0x1e15e,Standard
0x1e15f,Standard
0x1e160,Poor
0x1e161,Standard
0x1e16a,Good
0x1e16b,Good
0x1e16c,Good
0x1e16d,Good
0x1e176,Good
0x1e177,Good
0x1e178,Good
0x1e179,Good
0x1e182,Good
0x1e183,Good
0x1e184,Good
0x1e185,Good
0x1e18e,Poor
0x1e18f,Poor
0x1e190,Poor
0x1e191,Poor
0x1e19a,Poor
0x1e19b,Poor
0x1e19c,Poor
0x1e19d,Poor
0x1e1a6,Good
0x1e1a7,Good
0x1e1a8,Good
0x1e1a9,Good
0x1e1b2,Standard
0x1e1b3,Standard
0x1e1b4,Standard
0x1e1b5,Standard
0x1e1be,Standard
0x1e1bf,Standard
0x1e1c0,Standard
0x1e1c1,Standard
0x1e1ca,Standard
0x1e1cb,Standard
0x1e1cc,Standard
0x1e1cd,Standard
0x1e1d6,Standard
0x1e1d7,Standard
0x1e1d8,Standard
0x1e1d9,Standard
0x1e1e2,Poor
0x1e1e3,Poor
0x1e1e4,Poor
0x1e1e5,Poor
0x1e1ee,Standard
0x1e1ef,Standard
0x1e1f0,Standard
0x1e1f1,Standard
0x1e1fa,Poor
0x1e1fb,Poor
0x1e1fc,Poor
0x1e1fd,Poor
0x1e206,Good
0x1e207,Good
0x1e208,Good
0x1e209,Standard
0x1e212,Poor
0x1e213,Poor
0x1e214,Poor
0x1e215,Poor
0x1e21e,Poor
0x1e21f,Poor
0x1e220,Poor
0x1e221,Poor
0x1e22a,Poor
0x1e22b,Poor
0x1e22c,Poor
0x1e22d,Poor
0x1e236,Poor
0x1e237,Poor
0x1e238,Poor
0x1e239,Poor
0x1e242,Good
0x1e243,Good
0x1e244,Good
0x1e245,Good
0x1e24e,Poor
0x1e24f,Poor
0x1e250,Poor
0x1e251,Poor
0x1e25a,Good
0x1e25b,Good
0x1e25c,Good
0x1e25d,Good
0x1e266,Good
0x1e267,Good
0x1e268,Good
0x1e269,Good
0x1e272,Standard
0x1e273,Standard
0x1e274,Standard
0x1e275,Standard
0x1e27e,Standard
0x1e27f,Poor
0x1e280,Standard
0x1e281,Standard
0x1e28a,Standard
0x1e28b,Standard
0x1e28c,Standard
0x1e28d,Standard
0x1e296,Standard
0x1e297,Good
0x1e298,Standard
0x1e299,Standard
0x1e2a2,Standard
0x1e2a3,Standard
0x1e2a4,Standard
0x1e2a5,Standard
0x1e2ae,Poor
0x1e2af,Poor
0x1e2b0,Poor
0x1e2b1,Poor
0x1e2ba,Good
0x1e2bb,Good
0x1e2bc,Good
0x1e2bd,Good
0x1e2c6,Poor
0x1e2c7,Standard
0x1e2c8,Standard
0x1e2c9,Poor
0x1e2d2,Poor
0x1e2d3,Poor
0x1e2d4,Poor
0x1e2d5,Poor
0x1e2de,Good
0x1e2df,Good
0x1e2e0,Good
0x1e2e1,Good
0x1e2ea,Poor
0x1e2eb,Poor
0x1e2ec,Poor
0x1e2ed,Poor
0x1e2f6,Standard
0x1e2f7,Standard
0x1e2f8,Standard
0x1e2f9,Standard
0x1e302,Good
0x1e303,Good
0x1e304,Good
0x1e305,Good
0x1e30e,Good
0x1e30f,Good
0x1e310,Good
0x1e311,Good
0x1e31a,Standard
0x1e31b,Good
0x1e31c,Good
0x1e31d,Good
0x1e326,Poor
0x1e327,Poor
0x1e328,Poor
0x1e329,Poor
0x1e332,Poor
0x1e333,Poor
0x1e334,Poor
0x1e335,Poor
0x1e33e,Standard
0x1e33f,Standard
0x1e340,Good
0x1e341,Standard
0x1e34a,Good
0x1e34b,Good
0x1e34c,Good
0x1e34d,Good
0x1e356,Good
0x1e357,Good
0x1e358,Good
0x1e359,Good
0x1e362,Poor
0x1e363,Poor
0x1e364,Poor
0x1e365,Poor
0x1e36e,Standard
0x1e36f,Good
0x1e370,Good
0x1e371,Good
0x1e37a,Good
0x1e37b,Good
0x1e37c,Good
0x1e37d,Good
0x1e386,Poor
0x1e387,Standard
0x1e388,Standard
0x1e389,Standard
0x1e392,Standard
0x1e393,Standard
0x1e394,Standard
0x1e395,Poor
0x1e39e,Good
0x1e39f,Good
0x1e3a0,Good
0x1e3a1,Good
0x1e3aa,Poor
0x1e3ab,Standard
0x1e3ac,Poor
0x1e3ad,Standard
0x1e3b6,Poor
0x1e3b7,Poor
0x1e3b8,Poor
0x1e3b9,Poor
0x1e3c2,Good
0x1e3c3,Good
0x1e3c4,Standard
0x1e3c5,Standard
0x1e3ce,Poor
0x1e3cf,Standard
0x1e3d0,Standard
0x1e3d1,Standard
0x1e3da,Good
0x1e3db,Good
0x1e3dc,Good
0x1e3dd,Good
0x1e3e6,Poor
0x1e3e7,Poor
0x1e3e8,Poor
0x1e3e9,Poor
0x1e3f2,Good
0x1e3f3,Good
0x1e3f4,Good
0x1e3f5,Good
0x1e3fe,Good
0x1e3ff,Good
0x1e400,Good
0x1e401,Good
0x1e40a,Poor
0x1e40b,Poor
0x1e40c,Poor
0x1e40d,Poor
0x1e416,Poor
0x1e417,Poor
0x1e418,Poor
0x1e419,Poor
0x1e422,Good
0x1e423,Good
0x1e424,Good
0x1e425,Good
0x1e42e,Poor
0x1e42f,Poor
0x1e430,Poor
0x1e431,Poor
0x1e43a,Poor
0x1e43b,Poor
0x1e43c,Poor
0x1e43d,Poor
0x1e446,Poor
0x1e447,Poor
0x1e448,Poor
0x1e449,Poor
0x1e452,Poor
0x1e453,Poor
0x1e454,Poor
0x1e455,Poor
0x1e45e,Poor
0x1e45f,Poor
0x1e460,Poor
0x1e461,Poor
0x1e46a,Poor
0x1e46b,Poor
0x1e46c,Poor
0x1e46d,Poor
0x1e476,Poor
0x1e477,Poor
0x1e478,Poor
0x1e479,Poor
0x1e482,Good
0x1e483,Good
0x1e484,Good
0x1e485,Good
0x1e48e,Good
0x1e48f,Good
0x1e490,Good
0x1e491,Good
0x1e49a,Poor
0x1e49b,Poor
0x1e49c,Poor
0x1e49d,Poor
0x1e4a6,Poor
0x1e4a7,Poor
0x1e4a8,Poor
0x1e4a9,Poor
0x1e4b2,Poor
0x1e4b3,Poor
0x1e4b4,Poor
0x1e4b5,Poor
0x1e4be,Poor
0x1e4bf,Standard
0x1e4c0,Poor
0x1e4c1,Poor
0x1e4ca,Good
0x1e4cb,Good
0x1e4cc,Good
0x1e4cd,Good
0x1e4d6,Good
0x1e4d7,Good
0x1e4d8,Good
0x1e4d9,Good
0x1e4e2,Poor
0x1e4e3,Poor
0x1e4e4,Poor
0x1e4e5,Poor
0x1e4ee,Good
0x1e4ef,Good
0x1e4f0,Good
0x1e4f1,Good
0x1e4fa,Standard
0x1e4fb,Good
0x1e4fc,Good
0x1e4fd,Good
0x1e506,Standard
0x1e507,Standard
0x1e508,Standard
0x1e509,Standard
0x1e512,Poor
0x1e513,Poor
0x1e514,Poor
0x1e515,Poor
0x1e51e,Poor
0x1e51f,Poor
0x1e520,Poor
0x1e521,Poor
0x1e52a,Good
0x1e52b,Good
0x1e52c,Good
0x1e52d,Good
0x1e536,Poor
0x1e537,Poor
0x1e538,Poor
0x1e539,Poor
0x1e542,Standard
0x1e543,Standard
0x1e544,Standard
0x1e545,Good
0x1e54e,Poor
0x1e54f,Poor
0x1e550,Poor
0x1e551,Poor
0x1e55a,Standard
0x1e55b,Poor
0x1e55c,Poor
0x1e55d,Poor
0x1e566,Poor
0x1e567,Poor
0x1e568,Poor
0x1e569,Standard
0x1e572,Poor
0x1e573,Poor
0x1e574,Poor
0x1e575,Poor
0x1e57e,Poor
0x1e57f,Poor
0x1e580,Poor
0x1e581,Poor
0x1e58a,Good
0x1e58b,Good
0x1e58c,Good
0x1e58d,Good
0x1e596,Standard
0x1e597,Standard
0x1e598,Standard
0x1e599,Standard
0x1e5a2,Poor
0x1e5a3,Poor
0x1e5a4,Poor
0x1e5a5,Poor
0x1e5ae,Poor
0x1e5af,Poor
0x1e5b0,Poor
0x1e5b1,Poor
0x1e5ba,Standard
0x1e5bb,Standard
0x1e5bc,Standard
0x1e5bd,Standard
0x1e5c6,Good
0x1e5c7,Good
0x1e5c8,Good
0x1e5c9,Good
0x1e5d2,Poor
0x1e5d3,Poor
0x1e5d4,Poor
0x1e5d5,Poor
0x1e5de,Poor
0x1e5df,Poor
0x1e5e0,Poor
0x1e5e1,Poor
0x1e5ea,Poor
0x1e5eb,Poor
0x1e5ec,Poor
0x1e5ed,Poor
0x1e5f6,Good
0x1e5f7,Good
0x1e5f8,Good
0x1e5f9,Good
0x1e602,Good
0x1e603,Good
0x1e604,Good
0x1e605,Good
0x1e60e,Good
0x1e60f,Good
0x1e610,Good
0x1e611,Good
0x1e61a,Good
0x1e61b,Good
0x1e61c,Good
0x1e61d,Good
0x1e626,Good
0x1e627,Good
0x1e628,Good
0x1e629,Good
0x1e632,Good
0x1e633,Good
0x1e634,Good
0x1e635,Good
0x1e63e,Good
0x1e63f,Good
0x1e640,Good
0x1e641,Good
0x1e64a,Good
0x1e64b,Good
0x1e64c,Good
0x1e64d,Good
0x1e656,Standard
0x1e657,Standard
0x1e658,Standard
0x1e659,Standard
0x1e662,Standard
0x1e663,Standard
0x1e664,Standard
0x1e665,Standard
0x1e66e,Poor
0x1e66f,Poor
0x1e670,Poor
0x1e671,Poor
0x1e67a,Standard
0x1e67b,Standard
0x1e67c,Standard
0x1e67d,Standard
0x1e686,Poor
0x1e687,Poor
0x1e688,Poor
0x1e689,Poor
0x1e692,Poor
0x1e693,Poor
0x1e694,Poor
0x1e695,Poor
0x1e69e,Standard
0x1e69f,Standard
0x1e6a0,Standard
0x1e6a1,Standard
0x1e6aa,Good
0x1e6ab,Good
0x1e6ac,Good
0x1e6ad,Good
0x1e6b6,Good
0x1e6b7,Good
0x1e6b8,Good
0x1e6b9,Good
0x1e6c2,Good
0x1e6c3,Good
0x1e6c4,Good
0x1e6c5,Good
0x1e6ce,Good
0x1e6cf,Good
0x1e6d0,Good
0x1e6d1,Good
0x1e6da,Poor
0x1e6db,Poor
0x1e6dc,Poor
0x1e6dd,Poor
0x1e6e6,Poor
0x1e6e7,Standard
0x1e6e8,Poor
0x1e6e9,Poor
0x1e6f2,Poor
0x1e6f3,Poor
0x1e6f4,Poor
0x1e6f5,Poor
0x1e6fe,Good
0x1e6ff,Good
0x1e700,Good
0x1e701,Good
0x1e70a,Poor
0x1e70b,Poor
0x1e70c,Poor
0x1e70d,Poor
0x1e716,Poor
0x1e717,Poor
0x1e718,Poor
0x1e719,Poor
0x1e722,Poor
0x1e723,Poor
0x1e724,Poor
0x1e725,Poor
0x1e72e,Standard
0x1e72f,Standard
0x1e730,Standard
0x1e731,Standard
0x1e73a,Poor
0x1e73b,Poor
0x1e73c,Poor
0x1e73d,Poor
0x1e746,Poor
0x1e747,Poor
0x1e748,Poor
0x1e749,Poor
0x1e752,Poor
0x1e753,Poor
0x1e754,Poor
0x1e755,Poor
0x1e75e,Poor
0x1e75f,Poor
0x1e760,Poor
0x1e761,Poor
0x1e76a,Standard
0x1e76b,Standard
0x1e76c,Standard
0x1e76d,Standard
0x1e776,Good
0x1e777,Good
0x1e778,Good
0x1e779,Good
0x1e782,Good
0x1e783,Good
0x1e784,Good
0x1e785,Good
0x1e78e,Poor
0x1e78f,Poor
0x1e790,Poor
0x1e791,Poor
0x1e79a,Good
0x1e79b,Good
0x1e79c,Good
0x1e79d,Good
0x1e7a6,Standard
0x1e7a7,Poor
0x1e7a8,Poor
0x1e7a9,Poor
0x1e7b2,Poor
0x1e7b3,Poor
0x1e7b4,Poor
0x1e7b5,Poor
0x1e7be,Poor
0x1e7bf,Poor
0x1e7c0,Poor
0x1e7c1,Poor
0x1e7ca,Good
0x1e7cb,Good
0x1e7cc,Good
0x1e7cd,Good
0x1e7d6,Poor
0x1e7d7,Poor
0x1e7d8,Poor
0x1e7d9,Poor
0x1e7e2,Good
0x1e7e3,Good
0x1e7e4,Good
0x1e7e5,Standard
0x1e7ee,Standard
0x1e7ef,Standard
0x1e7f0,Standard
0x1e7f1,Good
0x1e7fa,Good
0x1e7fb,Good
0x1e7fc,Good
0x1e7fd,Good
0x1e806,Good
0x1e807,Good
0x1e808,Good
0x1e809,Good
0x1e812,Poor
0x1e813,Poor
0x1e814,Poor
0x1e815,Poor
0x1e81e,Good
0x1e81f,Good
0x1e820,Good
0x1e821,Good
0x1e82a,Standard
0x1e82b,Good
0x1e82c,Standard
0x1e82d,Standard
0x1e836,Standard
0x1e837,Standard
0x1e838,Standard
0x1e839,Standard
0x1e842,Good
0x1e843,Good
0x1e844,Good
0x1e845,Good
0x1e84e,Good
0x1e84f,Good
0x1e850,Good
0x1e851,Good
0x1e85a,Poor
0x1e85b,Poor
0x1e85c,Poor
0x1e85d,Poor
0x1e866,Standard
0x1e867,Standard
0x1e868,Poor
0x1e869,Standard
0x1e872,Good
0x1e873,Good
0x1e874,Good
0x1e875,Good
0x1e87e,Standard
0x1e87f,Standard
0x1e880,Standard
0x1e881,Standard
0x1e88a,Standard
0x1e88b,Standard
0x1e88c,Standard
0x1e88d,Standard
0x1e896,Poor
0x1e897,Poor
0x1e898,Poor
0x1e899,Standard
0x1e8a2,Standard
0x1e8a3,Standard
0x1e8a4,Standard
0x1e8a5,Standard
0x1e8ae,Poor
0x1e8af,Poor
0x1e8b0,Poor
0x1e8b1,Poor
0x1e8ba,Standard
0x1e8bb,Standard
0x1e8bc,Standard
0x1e8bd,Standard
0x1e8c6,Good
0x1e8c7,Good
0x1e8c8,Good
0x1e8c9,Good
0x1e8d2,Good
0x1e8d3,Good
0x1e8d4,Good
0x1e8d5,Good
0x1e8de,Standard
0x1e8df,Good
0x1e8e0,Standard
0x1e8e1,Standard
0x1e8ea,Standard
0x1e8eb,Standard
0x1e8ec,Standard
0x1e8ed,Standard
0x1e8f6,Good
0x1e8f7,Good
0x1e8f8,Good
0x1e8f9,Good
0x1e902,Poor
0x1e903,Poor
0x1e904,Poor
0x1e905,Poor
0x1e90e,Good
0x1e90f,Good
0x1e910,Good
0x1e911,Good
0x1e91a,Good
0x1e91b,Good
0x1e91c,Good
0x1e91d,Good
0x1e926,Poor
0x1e927,Poor
0x1e928,Poor
0x1e929,Poor
0x1e932,Good
0x1e933,Good
0x1e934,Good
0x1e935,Good
0x1e93e,Good
0x1e93f,Good
0x1e940,Good
0x1e941,Good
0x1e94a,Standard
0x1e94b,Standard
0x1e94c,Poor
0x1e94d,Poor
0x1e956,Good
0x1e957,Good
0x1e958,Good
0x1e959,Good
0x1e962,Standard
0x1e963,Standard
0x1e964,Standard
0x1e965,Standard
0x1e96e,Good
0x1e96f,Good
0x1e970,Good
0x1e971,Good
0x1e97a,Good
0x1e97b,Good
0x1e97c,Good
0x1e97d,Good
0x1e986,Standard
0x1e987,Good
0x1e988,Good
0x1e989,Good
0x1e992,Good
0x1e993,Good
0x1e994,Good
0x1e995,Good
0x1e99e,Standard
0x1e99f,Standard
0x1e9a0,Standard
0x1e9a1,Standard
0x1e9aa,Good
0x1e9ab,Good
0x1e9ac,Good
0x1e9ad,Good
0x1e9b6,Good
0x1e9b7,Standard
0x1e9b8,Standard
0x1e9b9,Standard
0x1e9c2,Good
0x1e9c3,Good
0x1e9c4,Good
0x1e9c5,Good
0x1e9ce,Poor
0x1e9cf,Poor
0x1e9d0,Poor
0x1e9d1,Poor
0x1e9da,Good
0x1e9db,Good
0x1e9dc,Good
0x1e9dd,Good
0x1e9e6,Standard
0x1e9e7,Poor
0x1e9e8,Poor
0x1e9e9,Standard
0x1e9f2,Good
0x1e9f3,Standard
0x1e9f4,Good
0x1e9f5,Good
0x1e9fe,Poor
0x1e9ff,Poor
0x1ea00,Poor
0x1ea01,Poor
0x1ea0a,Good
0x1ea0b,Good
0x1ea0c,Good
0x1ea0d,Good
0x1ea16,Poor
0x1ea17,Poor
0x1ea18,Poor
0x1ea19,Poor
0x1ea22,Standard
0x1ea23,Poor
0x1ea24,Poor
0x1ea25,Standard
0x1ea2e,Good
0x1ea2f,Good
0x1ea30,Good
0x1ea31,Good
0x1ea3a,Poor
0x1ea3b,Poor
0x1ea3c,Poor
0x1ea3d,Poor
0x1ea46,Poor
0x1ea47,Poor
0x1ea48,Poor
0x1ea49,Poor
0x1ea52,Good
0x1ea53,Good
0x1ea54,Good
0x1ea55,Good
0x1ea5e,Standard
0x1ea5f,Standard
0x1ea60,Standard
0x1ea61,Poor
0x1ea6a,Standard
0x1ea6b,Standard
0x1ea6c,Standard
0x1ea6d,Poor
0x1ea76,Good
0x1ea77,Good
0x1ea78,Good
0x1ea79,Good
0x1ea82,Good
0x1ea83,Good
0x1ea84,Good
0x1ea85,Good
0x1ea8e,Standard
0x1ea8f,Standard
0x1ea90,Standard
0x1ea91,Standard
0x1ea9a,Poor
0x1ea9b,Poor
0x1ea9c,Poor
0x1ea9d,Poor
0x1eaa6,Poor
0x1eaa7,Poor
0x1eaa8,Poor
0x1eaa9,Poor
0x1eab2,Good
0x1eab3,Good
0x1eab4,Good
0x1eab5,Good
0x1eabe,Good
0x1eabf,Good
0x1eac0,Good
0x1eac1,Good
0x1eaca,Standard
0x1eacb,Standard
0x1eacc,Standard
0x1eacd,Standard
0x1ead6,Standard
0x1ead7,Standard
0x1ead8,Standard
0x1ead9,Standard
0x1eae2,Poor
0x1eae3,Poor
0x1eae4,Poor
0x1eae5,Poor
0x1eaee,Poor
0x1eaef,Standard
0x1eaf0,Poor
0x1eaf1,Poor
0x1eafa,Poor
0x1eafb,Standard
0x1eafc,Poor
0x1eafd,Poor
0x1eb06,Poor
0x1eb07,Poor
0x1eb08,Poor
0x1eb09,Poor
0x1eb12,Good
0x1eb13,Good
0x1eb14,Good
0x1eb15,Good
0x1eb1e,Standard
0x1eb1f,Standard
0x1eb20,Standard
0x1eb21,Standard
0x1eb2a,Poor
0x1eb2b,Poor
0x1eb2c,Poor
0x1eb2d,Poor
0x1eb36,Good
0x1eb37,Good
0x1eb38,Good
0x1eb39,Standard
0x1eb42,Poor
0x1eb43,Poor
0x1eb44,Poor
0x1eb45,Poor
0x1eb4e,Good
0x1eb4f,Good
0x1eb50,Good
0x1eb51,Good
0x1eb5a,Poor
0x1eb5b,Poor
0x1eb5c,Poor
0x1eb5d,Poor
0x1eb66,Good
0x1eb67,Good
0x1eb68,Good
0x1eb69,Good
0x1eb72,Good
0x1eb73,Good
0x1eb74,Good
0x1eb75,Good
0x1eb7e,Good
0x1eb7f,Good
0x1eb80,Standard
0x1eb81,Good
0x1eb8a,Good
0x1eb8b,Good
0x1eb8c,Good
0x1eb8d,Good
0x1eb96,Poor
0x1eb97,Poor
0x1eb98,Poor
0x1eb99,Poor
0x1eba2,Good
0x1eba3,Good
0x1eba4,Good
0x1eba5,Good
0x1ebae,Poor
0x1ebaf,Poor
0x1ebb0,Poor
0x1ebb1,Poor
0x1ebba,Good
0x1ebbb,Good
0x1ebbc,Good
0x1ebbd,Good
0x1ebc6,Poor
0x1ebc7,Poor
0x1ebc8,Poor
0x1ebc9,Poor
0x1ebd2,Poor
0x1ebd3,Poor
0x1ebd4,Poor
0x1ebd5,Poor
0x1ebde,Poor
0x1ebdf,Poor
0x1ebe0,Poor
0x1ebe1,Poor
0x1ebea,Good
0x1ebeb,Good
0x1ebec,Standard
0x1ebed,Good
0x1ebf6,Standard
0x1ebf7,Standard
0x1ebf8,Standard
0x1ebf9,Standard
0x1ec02,Standard
0x1ec03,Standard
0x1ec04,Standard
0x1ec05,Poor
0x1ec0e,Standard
0x1ec0f,Standard
0x1ec10,Standard
0x1ec11,Standard
0x1ec1a,Good
0x1ec1b,Good
0x1ec1c,Good
0x1ec1d,Good
0x1ec26,Poor
0x1ec27,Poor
0x1ec28,Poor
0x1ec29,Poor
0x1ec32,Good
0x1ec33,Good
0x1ec34,Good
0x1ec35,Good
0x1ec3e,Good
0x1ec3f,Good
0x1ec40,Good
0x1ec41,Good
0x1ec4a,Standard
0x1ec4b,Good
0x1ec4c,Good
0x1ec4d,Good
0x1ec56,Good
0x1ec57,Standard
0x1ec58,Good
0x1ec59,Good
0x1ec62,Poor
0x1ec63,Standard
0x1ec64,Standard
0x1ec65,Standard
0x1ec6e,Standard
0x1ec6f,Standard
0x1ec70,Poor
0x1ec71,Standard
0x1ec7a,Poor
0x1ec7b,Poor
0x1ec7c,Poor
0x1ec7d,Poor
0x1ec86,Good
0x1ec87,Good
0x1ec88,Good
0x1ec89,Good
0x1ec92,Poor
0x1ec93,Poor
0x1ec94,Poor
0x1ec95,Poor
0x1ec9e,Good
0x1ec9f,Good
0x1eca0,Good
0x1eca1,Good
0x1ecaa,Good
0x1ecab,Good
0x1ecac,Good
0x1ecad,Good
0x1ecb6,Good
0x1ecb7,Good
0x1ecb8,Good
0x1ecb9,Good
0x1ecc2,Good
0x1ecc3,Good
0x1ecc4,Good
0x1ecc5,Good
0x1ecce,Good
0x1eccf,Good
0x1ecd0,Good
0x1ecd1,Good
0x1ecda,Poor
0x1ecdb,Poor
0x1ecdc,Poor
0x1ecdd,Poor
0x1ece6,Good
0x1ece7,Standard
0x1ece8,Good
0x1ece9,Good
0x1ecf2,Poor
0x1ecf3,Poor
0x1ecf4,Poor
0x1ecf5,Poor
0x1ecfe,Poor
0x1ecff,Poor
0x1ed00,Poor
0x1ed01,Poor
0x1ed0a,Poor
0x1ed0b,Standard
0x1ed0c,Poor
0x1ed0d,Good
0x1ed16,Standard
0x1ed17,Standard
0x1ed18,Standard
0x1ed19,Standard
0x1ed22,Standard
0x1ed23,Standard
0x1ed24,Standard
0x1ed25,Standard
0x1ed2e,Poor
0x1ed2f,Poor
0x1ed30,Poor
0x1ed31,Poor
0x1ed3a,Standard
0x1ed3b,Standard
0x1ed3c,Good
0x1ed3d,Poor
0x1ed46,Poor
0x1ed47,Poor
0x1ed48,Poor
0x1ed49,Poor
0x1ed52,Poor
0x1ed53,Poor
0x1ed54,Poor
0x1ed55,Poor
0x1ed5e,Good
0x1ed5f,Good
0x1ed60,Good
0x1ed61,Good
0x1ed6a,Good
0x1ed6b,Good
0x1ed6c,Good
0x1ed6d,Good
0x1ed76,Standard
0x1ed77,Standard
0x1ed78,Standard
0x1ed79,Standard
0x1ed82,Good
0x1ed83,Good
0x1ed84,Good
0x1ed85,Good
0x1ed8e,Good
0x1ed8f,Good
0x1ed90,Standard
0x1ed91,Good
0x1ed9a,Standard
0x1ed9b,Standard
0x1ed9c,Standard
0x1ed9d,Poor
0x1eda6,Good
0x1eda7,Good
0x1eda8,Good
0x1eda9,Good
0x1edb2,Good
0x1edb3,Good
0x1edb4,Good
0x1edb5,Good
0x1edbe,Good
0x1edbf,Good
0x1edc0,Good
0x1edc1,Good
0x1edca,Standard
0x1edcb,Standard
0x1edcc,Standard
0x1edcd,Standard
0x1edd6,Standard
0x1edd7,Standard
0x1edd8,Standard
0x1edd9,Poor
0x1ede2,Standard
0x1ede3,Standard
0x1ede4,Standard
0x1ede5,Standard
0x1edee,Poor
0x1edef,Poor
0x1edf0,Poor
0x1edf1,Standard
0x1edfa,Standard
0x1edfb,Standard
0x1edfc,Standard
0x1edfd,Standard
0x1ee06,Good
0x1ee07,Good
0x1ee08,Good
0x1ee09,Good
0x1ee12,Good
0x1ee13,Good
0x1ee14,Good
0x1ee15,Good
0x1ee1e,Good
0x1ee1f,Good
0x1ee20,Good
0x1ee21,Good
0x1ee2a,Good
0x1ee2b,Good
0x1ee2c,Good
0x1ee2d,Good
0x1ee36,Poor
0x1ee37,Poor
0x1ee38,Poor
0x1ee39,Poor
0x1ee42,Good
0x1ee43,Good
0x1ee44,Good
0x1ee45,Good
0x1ee4e,Poor
0x1ee4f,Poor
0x1ee50,Poor
0x1ee51,Poor
0x1ee5a,Standard
0x1ee5b,Standard
0x1ee5c,Poor
0x1ee5d,Standard
0x1ee66,Poor
0x1ee67,Poor
0x1ee68,Poor
0x1ee69,Poor
0x1ee72,Good
0x1ee73,Good
0x1ee74,Good
0x1ee75,Good
0x1ee7e,Standard
0x1ee7f,Standard
0x1ee80,Standard
0x1ee81,Standard
0x1ee8a,Poor
0x1ee8b,Poor
0x1ee8c,Poor
0x1ee8d,Poor
0x1ee96,Good
0x1ee97,Good
0x1ee98,Good
0x1ee99,Good
0x1eea2,Poor
0x1eea3,Poor
0x1eea4,Standard
0x1eea5,Standard
0x1eeae,Standard
0x1eeaf,Poor
0x1eeb0,Poor
0x1eeb1,Poor
0x1eeba,Poor
0x1eebb,Poor
0x1eebc,Poor
0x1eebd,Poor
0x1eec6,Poor
0x1eec7,Poor
0x1eec8,Poor
0x1eec9,Poor
0x1eed2,Standard
0x1eed3,Standard
0x1eed4,Standard
0x1eed5,Standard
0x1eede,Poor
0x1eedf,Poor
0x1eee0,Poor
0x1eee1,Poor
0x1eeea,Good
0x1eeeb,Good
0x1eeec,Good
0x1eeed,Good
0x1eef6,Good
0x1eef7,Good
0x1eef8,Good
0x1eef9,Good
0x1ef02,Poor
0x1ef03,Poor
0x1ef04,Standard
0x1ef05,Poor
0x1ef0e,Good
0x1ef0f,Good
0x1ef10,Good
0x1ef11,Good
0x1ef1a,Good
0x1ef1b,Good
0x1ef1c,Good
0x1ef1d,Good
0x1ef26,Poor
0x1ef27,Poor
0x1ef28,Poor
0x1ef29,Poor
0x1ef32,Poor
0x1ef33,Standard
0x1ef34,Standard
0x1ef35,Standard
0x1ef3e,Standard
0x1ef3f,Standard
0x1ef40,Standard
0x1ef41,Standard
0x1ef4a,Standard
0x1ef4b,Standard
0x1ef4c,Standard
0x1ef4d,Standard
0x1ef56,Good
0x1ef57,Good
0x1ef58,Good
0x1ef59,Good
0x1ef62,Good
0x1ef63,Good
0x1ef64,Good
0x1ef65,Good
0x1ef6e,Standard
0x1ef6f,Standard
0x1ef70,Standard
0x1ef71,Standard
0x1ef7a,Standard
0x1ef7b,Poor
0x1ef7c,Standard
0x1ef7d,Standard
0x1ef86,Standard
0x1ef87,Standard
0x1ef88,Standard
0x1ef89,Standard
0x1ef92,Good
0x1ef93,Good
0x1ef94,Good
0x1ef95,Standard
0x1ef9e,Poor
0x1ef9f,Poor
0x1efa0,Poor
0x1efa1,Poor
0x1efaa,Standard
0x1efab,Standard
0x1efac,Standard
0x1efad,Standard
0x1efb6,Good
0x1efb7,Good
0x1efb8,Good
0x1efb9,Good
0x1efc2,Standard
0x1efc3,Good
0x1efc4,Good
0x1efc5,Good
0x1efce,Good
0x1efcf,Good
0x1efd0,Good
0x1efd1,Good
0x1efda,Good
0x1efdb,Good
0x1efdc,Good
0x1efdd,Good
0x1efe6,Good
0x1efe7,Good
0x1efe8,Good
0x1efe9,Good
0x1eff2,Poor
0x1eff3,Poor
0x1eff4,Poor
0x1eff5,Poor
0x1effe,Good
0x1efff,Good
0x1f000,Standard
0x1f001,Good
0x1f00a,Good
0x1f00b,Good
0x1f00c,Good
0x1f00d,Good
0x1f016,Standard
0x1f017,Standard
0x1f018,Standard
0x1f019,Standard
0x1f022,Good
0x1f023,Good
0x1f024,Good
0x1f025,Good
0x1f02e,Poor
0x1f02f,Poor
0x1f030,Poor
0x1f031,Poor
0x1f03a,Poor
0x1f03b,Poor
0x1f03c,Poor
0x1f03d,Poor
0x1f046,Good
0x1f047,Good
0x1f048,Good
0x1f049,Good
0x1f052,Poor
0x1f053,Poor
0x1f054,Poor
0x1f055,Poor
0x1f05e,Poor
0x1f05f,Poor
0x1f060,Poor
0x1f061,Poor
0x1f06a,Good
0x1f06b,Good
0x1f06c,Good
0x1f06d,Good
0x1f076,Standard
0x1f077,Standard
0x1f078,Standard
0x1f079,Standard
0x1f082,Poor
0x1f083,Poor
0x1f084,Poor
0x1f085,Poor
0x1f08e,Good
0x1f08f,Good
0x1f090,Good
0x1f091,Good
0x1f09a,Poor
0x1f09b,Poor
0x1f09c,Poor
0x1f09d,Poor
0x1f0a6,Poor
0x1f0a7,Standard
0x1f0a8,Poor
0x1f0a9,Poor
0x1f0b2,Poor
0x1f0b3,Poor
0x1f0b4,Poor
0x1f0b5,Poor
0x1f0be,Poor
0x1f0bf,Poor
0x1f0c0,Poor
0x1f0c1,Poor
0x1f0ca,Good
0x1f0cb,Good
0x1f0cc,Good
0x1f0cd,Good
0x1f0d6,Poor
0x1f0d7,Poor
0x1f0d8,Poor
0x1f0d9,Poor
0x1f0e2,Poor
0x1f0e3,Poor
0x1f0e4,Poor
0x1f0e5,Poor
0x1f0ee,Good
0x1f0ef,Good
0x1f0f0,Good
0x1f0f1,Good
0x1f0fa,Standard
0x1f0fb,Standard
0x1f0fc,Standard
0x1f0fd,Standard
0x1f106,Good
0x1f107,Good
0x1f108,Good
0x1f109,Good
0x1f112,Poor
0x1f113,Poor
0x1f114,Poor
0x1f115,Poor
0x1f11e,Standard
0x1f11f,Poor
0x1f120,Standard
0x1f121,Standard
0x1f12a,Good
0x1f12b,Good
0x1f12c,Good
0x1f12d,Good
0x1f136,Standard
0x1f137,Standard
0x1f138,Standard
0x1f139,Standard
0x1f142,Poor
0x1f143,Poor
0x1f144,Poor
0x1f145,Poor
0x1f14e,Poor
0x1f14f,Poor
0x1f150,Poor
0x1f151,Poor
0x1f15a,Poor
0x1f15b,Poor
0x1f15c,Poor
0x1f15d,Poor
0x1f166,Poor
0x1f167,Poor
0x1f168,Poor
0x1f169,Poor
0x1f172,Good
0x1f173,Good
0x1f174,Good
0x1f175,Good
0x1f17e,Good
0x1f17f,Good
0x1f180,Good
0x1f181,Good
0x1f18a,Standard
0x1f18b,Standard
0x1f18c,Standard
0x1f18d,Standard
0x1f196,Poor
0x1f197,Poor
0x1f198,Poor
0x1f199,Poor
0x1f1a2,Standard
0x1f1a3,Poor
0x1f1a4,Poor
0x1f1a5,Poor
0x1f1ae,Good
0x1f1af,Good
0x1f1b0,Good
0x1f1b1,Good
0x1f1ba,Poor
0x1f1bb,Poor
0x1f1bc,Standard
0x1f1bd,Standard
0x1f1c6,Good
0x1f1c7,Good
0x1f1c8,Good
0x1f1c9,Good
0x1f1d2,Good
0x1f1d3,Good
0x1f1d4,Good
0x1f1d5,Good
0x1f1de,Standard
0x1f1df,Standard
0x1f1e0,Standard
0x1f1e1,Standard
0x1f1ea,Standard
0x1f1eb,Standard
0x1f1ec,Standard
0x1f1ed,Standard
0x1f1f6,Poor
0x1f1f7,Poor
0x1f1f8,Poor
0x1f1f9,Poor
0x1f202,Standard
0x1f203,Standard
0x1f204,Standard
0x1f205,Standard
0x1f20e,Good
0x1f20f,Standard
0x1f210,Good
0x1f211,Good
0x1f21a,Good
0x1f21b,Good
0x1f21c,Good
0x1f21d,Good
0x1f226,Poor
0x1f227,Poor
0x1f228,Poor
0x1f229,Poor
0x1f232,Standard
0x1f233,Poor
0x1f234,Poor
0x1f235,Poor
0x1f23e,Poor
0x1f23f,Poor
0x1f240,Poor
0x1f241,Poor
0x1f24a,Standard
0x1f24b,Good
0x1f24c,Good
0x1f24d,Good
0x1f256,Standard
0x1f257,Standard
0x1f258,Standard
0x1f259,Standard
0x1f262,Good
0x1f263,Good
0x1f264,Good
0x1f265,Good
0x1f26e,Poor
0x1f26f,Poor
0x1f270,Poor
0x1f271,Poor
0x1f27a,Good
0x1f27b,Good
0x1f27c,Good
0x1f27d,Good
0x1f286,Standard
0x1f287,Standard
0x1f288,Standard
0x1f289,Standard
0x1f292,Good
0x1f293,Good
0x1f294,Good
0x1f295,Good
0x1f29e,Good
0x1f29f,Good
0x1f2a0,Good
0x1f2a1,Good
0x1f2aa,Poor
0x1f2ab,Poor
0x1f2ac,Poor
0x1f2ad,Poor
0x1f2b6,Standard
0x1f2b7,Standard
0x1f2b8,Standard
0x1f2b9,Poor
0x1f2c2,Standard
0x1f2c3,Standard
0x1f2c4,Standard
0x1f2c5,Standard
0x1f2ce,Poor
0x1f2cf,Poor
0x1f2d0,Poor
0x1f2d1,Poor
0x1f2da,Poor
0x1f2db,Poor
0x1f2dc,Poor
0x1f2dd,Poor
0x1f2e6,Poor
0x1f2e7,Standard
0x1f2e8,Poor
0x1f2e9,Poor
0x1f2f2,Standard
0x1f2f3,Standard
0x1f2f4,Standard
0x1f2f5,Standard
0x1f2fe,Standard
0x1f2ff,Standard
0x1f300,Standard
0x1f301,Standard
0x1f30a,Standard
0x1f30b,Standard
0x1f30c,Standard
0x1f30d,Standard
0x1f316,Poor
0x1f317,Poor
0x1f318,Poor
0x1f319,Poor
0x1f322,Good
0x1f323,Good
0x1f324,Good
0x1f325,Good
0x1f32e,Good
0x1f32f,Good
0x1f330,Good
0x1f331,Good
0x1f33a,Poor
0x1f33b,Poor
0x1f33c,Poor
0x1f33d,Poor
0x1f346,Good
0x1f347,Good
0x1f348,Good
0x1f349,Good
0x1f352,Poor
0x1f353,Poor
0x1f354,Poor
0x1f355,Poor
0x1f35e,Poor
0x1f35f,Poor
0x1f360,Poor
0x1f361,Poor
0x1f36a,Good
0x1f36b,Good
0x1f36c,Good
0x1f36d,Good
0x1f376,Good
0x1f377,Good
0x1f378,Good
0x1f379,Good
0x1f382,Poor
0x1f383,Poor
0x1f384,Poor
0x1f385,Poor
0x1f38e,Poor
0x1f38f,Poor
0x1f390,Poor
0x1f391,Poor
0x1f39a,Good
0x1f39b,Good
0x1f39c,Good
0x1f39d,Good
0x1f3a6,Good
0x1f3a7,Good
0x1f3a8,Good
0x1f3a9,Good
0x1f3b2,Standard
0x1f3b3,Standard
0x1f3b4,Standard
0x1f3b5,Good
0x1f3be,Poor
0x1f3bf,Standard
0x1f3c0,Standard
0x1f3c1,Standard
0x1f3ca,Good
0x1f3cb,Good
0x1f3cc,Good
0x1f3cd,Good
0x1f3d6,Poor
0x1f3d7,Standard
0x1f3d8,Standard
0x1f3d9,Poor
0x1f3e2,Poor
0x1f3e3,Standard
0x1f3e4,Standard
0x1f3e5,Standard
0x1f3ee,Good
0x1f3ef,Good
0x1f3f0,Good
0x1f3f1,Good
0x1f3fa,Poor
0x1f3fb,Poor
0x1f3fc,Poor
0x1f3fd,Poor
0x1f406,Poor
0x1f407,Poor
0x1f408,Poor
0x1f409,Poor
0x1f412,Good
0x1f413,Good
0x1f414,Good
0x1f415,Good
0x1f41e,Good
0x1f41f,Standard
0x1f420,Good
0x1f421,Good
0x1f42a,Good
0x1f42b,Good
0x1f42c,Good
0x1f42d,Good
0x1f436,Poor
0x1f437,Poor
0x1f438,Poor
0x1f439,Poor
0x1f442,Standard
0x1f443,Standard
0x1f444,Good
0x1f445,Standard
0x1f44e,Good
0x1f44f,Good
0x1f450,Good
0x1f451,Good
0x1f45a,Good
0x1f45b,Good
0x1f45c,Good
0x1f45d,Good
0x1f466,Poor
0x1f467,Poor
0x1f468,Poor
0x1f469,Poor
0x1f472,Poor
0x1f473,Poor
0x1f474,Poor
0x1f475,Poor
0x1f47e,Poor
0x1f47f,Poor
0x1f480,Poor
0x1f481,Poor
0x1f48a,Good
0x1f48b,Good
0x1f48c,Good
0x1f48d,Good
0x1f496,Standard
0x1f497,Standard
0x1f498,Poor
0x1f499,Good
0x1f4a2,Standard
0x1f4a3,Poor
0x1f4a4,Poor
0x1f4a5,Standard
0x1f4ae,Good
0x1f4af,Good
0x1f4b0,Good
0x1f4b1,Good
0x1f4ba,Good
0x1f4bb,Good
0x1f4bc,Good
0x1f4bd,Good
0x1f4c6,Poor
0x1f4c7,Poor
0x1f4c8,Poor
0x1f4c9,Poor
0x1f4d2,Good
0x1f4d3,Standard
0x1f4d4,Standard
0x1f4d5,Standard
0x1f4de,Poor
0x1f4df,Poor
0x1f4e0,Poor
0x1f4e1,Poor
0x1f4ea,Poor
0x1f4eb,Poor
0x1f4ec,Poor
0x1f4ed,Poor
0x1f4f6,Standard
0x1f4f7,Standard
0x1f4f8,Standard
0x1f4f9,Standard
0x1f502,Standard
0x1f503,Standard
0x1f504,Standard
0x1f505,Standard
0x1f50e,Good
0x1f50f,Good
0x1f510,Good
0x1f511,Good
0x1f51a,Standard
0x1f51b,Standard
0x1f51c,Standard
0x1f51d,Standard
0x1f526,Poor
0x1f527,Poor
0x1f528,Poor
0x1f529,Poor
0x1f532,Poor
0x1f533,Poor
0x1f534,Poor
0x1f535,Poor
0x1f53e,Good
0x1f53f,Good
0x1f540,Good
0x1f541,Good
0x1f54a,Poor
0x1f54b,Poor
0x1f54c,Poor
0x1f54d,Poor
0x1f556,Poor
0x1f557,Poor
0x1f558,Poor
0x1f559,Poor
0x1f562,Good
0x1f563,Good
0x1f564,Standard
0x1f565,Good
0x1f56e,Good
0x1f56f,Good
0x1f570,Good
0x1f571,Good
0x1f57a,Standard
0x1f57b,Poor
0x1f57c,Poor
0x1f57d,Poor
0x1f586,Good
0x1f587,Good
0x1f588,Good
0x1f589,Good
0x1f592,Standard
0x1f593,Standard
0x1f594,Good
0x1f595,Standard
0x1f59e,Good
0x1f59f,Good
0x1f5a0,Good
0x1f5a1,Good
0x1f5aa,Good
0x1f5ab,Good
0x1f5ac,Good
0x1f5ad,Good
0x1f5b6,Poor
0x1f5b7,Poor
0x1f5b8,Poor
0x1f5b9,Poor
0x1f5c2,Good
0x1f5c3,Good
0x1f5c4,Good
0x1f5c5,Good
0x1f5ce,Good
0x1f5cf,Good
0x1f5d0,Good
0x1f5d1,Good
0x1f5da,Poor
0x1f5db,Poor
0x1f5dc,Poor
0x1f5dd,Poor
0x1f5e6,Good
0x1f5e7,Good
0x1f5e8,Good
0x1f5e9,Good
0x1f5f2,Good
0x1f5f3,Good
0x1f5f4,Good
0x1f5f5,Good
0x1f5fe,Standard
0x1f5ff,Standard
0x1f600,Standard
0x1f601,Standard
0x1f60a,Poor
0x1f60b,Poor
0x1f60c,Poor
0x1f60d,Poor
0x1f616,Good
0x1f617,Good
0x1f618,Good
0x1f619,Good
0x1f622,Poor
0x1f623,Standard
0x1f624,Standard
0x1f625,Poor
0x1f62e,Standard
0x1f62f,Standard
0x1f630,Standard
0x1f631,Standard
0x1f63a,Poor
0x1f63b,Standard
0x1f63c,Poor
0x1f63d,Standard
0x1f646,Good
0x1f647,Good
0x1f648,Good
0x1f649,Good
0x1f652,Standard
0x1f653,Standard
0x1f654,Standard
0x1f655,Standard
0x1f65e,Poor
0x1f65f,Standard
0x1f660,Standard
0x1f661,Standard
0x1f66a,Good
0x1f66b,Good
0x1f66c,Good
0x1f66d,Good
0x1f676,Good
0x1f677,Good
0x1f678,Good
0x1f679,Good
0x1f682,Poor
0x1f683,Poor
0x1f684,Poor
0x1f685,Poor
0x1f68e,Poor
0x1f68f,Poor
0x1f690,Poor
0x1f691,Poor
0x1f69a,Poor
0x1f69b,Poor
0x1f69c,Poor
0x1f69d,Poor
0x1f6a6,Poor
0x1f6a7,Poor
0x1f6a8,Poor
0x1f6a9,Poor
0x1f6b2,Good
0x1f6b3,Good
0x1f6b4,Good
0x1f6b5,Good
0x1f6be,Poor
0x1f6bf,Standard
0x1f6c0,Standard
0x1f6c1,Standard
0x1f6ca,Good
0x1f6cb,Good
0x1f6cc,Good
0x1f6cd,Good
0x1f6d6,Poor
0x1f6d7,Poor
0x1f6d8,Poor
0x1f6d9,Poor
0x1f6e2,Poor
0x1f6e3,Poor
0x1f6e4,Poor
0x1f6e5,Poor
0x1f6ee,Good
0x1f6ef,Good
0x1f6f0,Good
0x1f6f1,Good
0x1f6fa,Good
0x1f6fb,Good
0x1f6fc,Good
0x1f6fd,Good
0x1f706,Poor
0x1f707,Poor
0x1f708,Poor
0x1f709,Poor
0x1f712,Good
0x1f713,Good
0x1f714,Good
0x1f715,Good
0x1f71e,Good
0x1f71f,Good
0x1f720,Good
0x1f721,Good
0x1f72a,Poor
0x1f72b,Standard
0x1f72c,Poor
0x1f72d,Poor
0x1f736,Poor
0x1f737,Poor
0x1f738,Poor
0x1f739,Poor
0x1f742,Good
0x1f743,Good
0x1f744,Good
0x1f745,Good
0x1f74e,Poor
0x1f74f,Poor
0x1f750,Poor
0x1f751,Poor
0x1f75a,Poor
0x1f75b,Poor
0x1f75c,Poor
0x1f75d,Poor
0x1f766,Poor
0x1f767,Poor
0x1f768,Poor
0x1f769,Poor
0x1f772,Poor
0x1f773,Poor
0x1f774,Poor
0x1f775,Poor
0x1f77e,Good
0x1f77f,Good
0x1f780,Good
0x1f781,Good
0x1f78a,Poor
0x1f78b,Poor
0x1f78c,Poor
0x1f78d,Poor
0x1f796,Good
0x1f797,Good
0x1f798,Good
0x1f799,Good
0x1f7a2,Good
0x1f7a3,Good
0x1f7a4,Good
0x1f7a5,Good
0x1f7ae,Good
0x1f7af,Good
0x1f7b0,Standard
0x1f7b1,Good
0x1f7ba,Standard
0x1f7bb,Standard
0x1f7bc,Standard
0x1f7bd,Poor
0x1f7c6,Poor
0x1f7c7,Poor
0x1f7c8,Poor
0x1f7c9,Poor
0x1f7d2,Good
0x1f7d3,Good
0x1f7d4,Good
0x1f7d5,Good
0x1f7de,Standard
0x1f7df,Standard
0x1f7e0,Standard
0x1f7e1,Standard
0x1f7ea,Poor
0x1f7eb,Poor
0x1f7ec,Poor
0x1f7ed,Poor
0x1f7f6,Good
0x1f7f7,Good
0x1f7f8,Good
0x1f7f9,Good
0x1f802,Good
0x1f803,Good
0x1f804,Good
0x1f805,Good
0x1f80e,Poor
0x1f80f,Poor
0x1f810,Poor
0x1f811,Poor
0x1f81a,Good
0x1f81b,Good
0x1f81c,Good
0x1f81d,Good
0x1f826,Good
0x1f827,Good
0x1f828,Good
0x1f829,Good
0x1f832,Good
0x1f833,Standard
0x1f834,Standard
0x1f835,Standard
0x1f83e,Good
0x1f83f,Good
0x1f840,Good
0x1f841,Good
0x1f84a,Poor
0x1f84b,Poor
0x1f84c,Poor
0x1f84d,Poor
0x1f856,Good
0x1f857,Good
0x1f858,Good
0x1f859,Good
0x1f862,Standard
0x1f863,Standard
0x1f864,Standard
0x1f865,Standard
0x1f86e,Poor
0x1f86f,Poor
0x1f870,Poor
0x1f871,Poor
0x1f87a,Poor
0x1f87b,Poor
0x1f87c,Poor
0x1f87d,Poor
0x1f886,Standard
0x1f887,Standard
0x1f888,Poor
0x1f889,Standard
0x1f892,Good
0x1f893,Good
0x1f894,Standard
0x1f895,Standard
0x1f89e,Good
0x1f89f,Good
0x1f8a0,Good
0x1f8a1,Good
0x1f8aa,Good
0x1f8ab,Standard
0x1f8ac,Good
0x1f8ad,Good
0x1f8b6,Standard
0x1f8b7,Standard
0x1f8b8,Standard
0x1f8b9,Standard
0x1f8c2,Good
0x1f8c3,Good
0x1f8c4,Good
0x1f8c5,Good
0x1f8ce,Poor
0x1f8cf,Poor
0x1f8d0,Standard
0x1f8d1,Poor
0x1f8da,Poor
0x1f8db,Poor
0x1f8dc,Poor
0x1f8dd,Poor
0x1f8e6,Standard
0x1f8e7,Standard
0x1f8e8,Standard
0x1f8e9,Standard
0x1f8f2,Poor
0x1f8f3,Poor
0x1f8f4,Poor
0x1f8f5,Poor
0x1f8fe,Good
0x1f8ff,Good
0x1f900,Good
0x1f901,Good
0x1f90a,Poor
0x1f90b,Standard
0x1f90c,Poor
0x1f90d,Standard
0x1f916,Standard
0x1f917,Standard
0x1f918,Standard
0x1f919,Standard
0x1f922,Standard
0x1f923,Good
0x1f924,Standard
0x1f925,Standard
0x1f92e,Good
0x1f92f,Good
0x1f930,Good
0x1f931,Good
0x1f93a,Good
0x1f93b,Good
0x1f93c,Good
0x1f93d,Good
0x1f946,Standard
0x1f947,Standard
0x1f948,Standard
0x1f949,Standard
0x1f952,Poor
0x1f953,Poor
0x1f954,Poor
0x1f955,Poor
0x1f95e,Poor
0x1f95f,Poor
0x1f960,Poor
0x1f961,Poor
0x1f96a,Poor
0x1f96b,Standard
0x1f96c,Standard
0x1f96d,Standard
0x1f976,Good
0x1f977,Good
0x1f978,Good
0x1f979,Good
0x1f982,Good
0x1f983,Good
0x1f984,Good
0x1f985,Good
0x1f98e,Poor
0x1f98f,Poor
0x1f990,Poor
0x1f991,Poor
0x1f99a,Poor
0x1f99b,Poor
0x1f99c,Poor
0x1f99d,Poor
0x1f9a6,Good
0x1f9a7,Good
0x1f9a8,Good
0x1f9a9,Good
0x1f9b2,Good
0x1f9b3,Good
0x1f9b4,Good
0x1f9b5,Good
0x1f9be,Standard
0x1f9bf,Standard
0x1f9c0,Standard
0x1f9c1,Standard
0x1f9ca,Standard
0x1f9cb,Standard
0x1f9cc,Standard
0x1f9cd,Standard
0x1f9d6,Good
0x1f9d7,Good
0x1f9d8,Good
0x1f9d9,Good
0x1f9e2,Good
0x1f9e3,Good
0x1f9e4,Good
0x1f9e5,Good
0x1f9ee,Standard
0x1f9ef,Good
0x1f9f0,Standard
0x1f9f1,Standard
0x1f9fa,Good
0x1f9fb,Good
0x1f9fc,Good
0x1f9fd,Good
0x1fa06,Poor
0x1fa07,Poor
0x1fa08,Poor
0x1fa09,Poor
0x1fa12,Good
0x1fa13,Good
0x1fa14,Good
0x1fa15,Good
0x1fa1e,Standard
0x1fa1f,Good
0x1fa20,Standard
0x1fa21,Good
0x1fa2a,Standard
0x1fa2b,Standard
0x1fa2c,Standard
0x1fa2d,Standard
0x1fa36,Poor
0x1fa37,Poor
0x1fa38,Poor
0x1fa39,Poor
0x1fa42,Standard
0x1fa43,Poor
0x1fa44,Standard
0x1fa45,Standard
0x1fa4e,Good
0x1fa4f,Good
0x1fa50,Good
0x1fa51,Good
0x1fa5a,Standard
0x1fa5b,Standard
0x1fa5c,Standard
0x1fa5d,Standard
0x1fa66,Good
0x1fa67,Good
0x1fa68,Good
0x1fa69,Good
0x1fa72,Good
0x1fa73,Good
0x1fa74,Good
0x1fa75,Good
0x1fa7e,Good
0x1fa7f,Good
0x1fa80,Good
0x1fa81,Good
0x1fa8a,Good
0x1fa8b,Good
0x1fa8c,Good
0x1fa8d,Good
0x1fa96,Poor
0x1fa97,Poor
0x1fa98,Poor
0x1fa99,Poor
0x1faa2,Good
0x1faa3,Good
0x1faa4,Good
0x1faa5,Good
0x1faae,Poor
0x1faaf,Poor
0x1fab0,Poor
0x1fab1,Poor
0x1faba,Good
0x1fabb,Good
0x1fabc,Good
0x1fabd,Good
0x1fac6,Good
0x1fac7,Good
0x1fac8,Good
0x1fac9,Good
0x1fad2,Poor
0x1fad3,Poor
0x1fad4,Poor
0x1fad5,Poor
0x1fade,Poor
0x1fadf,Poor
0x1fae0,Poor
0x1fae1,Poor
0x1faea,Standard
0x1faeb,Standard
0x1faec,Poor
0x1faed,Standard
0x1faf6,Good
0x1faf7,Good
0x1faf8,Good
0x1faf9,Good
0x1fb02,Standard
0x1fb03,Standard
0x1fb04,Standard
0x1fb05,Standard
0x1fb0e,Good
0x1fb0f,Good
0x1fb10,Good
0x1fb11,Good
0x1fb1a,Standard
0x1fb1b,Standard
0x1fb1c,Standard
0x1fb1d,Standard
0x1fb26,Poor
0x1fb27,Standard
0x1fb28,Poor
0x1fb29,Poor
0x1fb32,Good
0x1fb33,Standard
0x1fb34,Good
0x1fb35,Good
0x1fb3e,Good
0x1fb3f,Standard
0x1fb40,Good
0x1fb41,Good
0x1fb4a,Good
0x1fb4b,Good
0x1fb4c,Good
0x1fb4d,Good
0x1fb56,Poor
0x1fb57,Poor
0x1fb58,Poor
0x1fb59,Poor
0x1fb62,Good
0x1fb63,Good
0x1fb64,Good
0x1fb65,Good
0x1fb6e,Poor
0x1fb6f,Poor
0x1fb70,Poor
0x1fb71,Poor
0x1fb7a,Good
0x1fb7b,Good
0x1fb7c,Good
0x1fb7d,Standard
0x1fb86,Good
0x1fb87,Good
0x1fb88,Good
0x1fb89,Good
0x1fb92,Poor
0x1fb93,Poor
0x1fb94,Poor
0x1fb95,Poor
0x1fb9e,Standard
0x1fb9f,Standard
0x1fba0,Standard
0x1fba1,Standard
0x1fbaa,Poor
0x1fbab,Poor
0x1fbac,Poor
0x1fbad,Poor
0x1fbb6,Poor
0x1fbb7,Poor
0x1fbb8,Poor
0x1fbb9,Poor
0x1fbc2,Poor
0x1fbc3,Poor
0x1fbc4,Poor
0x1fbc5,Poor
0x1fbce,Good
0x1fbcf,Good
0x1fbd0,Good
0x1fbd1,Good
0x1fbda,Poor
0x1fbdb,Poor
0x1fbdc,Poor
0x1fbdd,Poor
0x1fbe6,Standard
0x1fbe7,Standard
0x1fbe8,Poor
0x1fbe9,Standard
0x1fbf2,Good
0x1fbf3,Good
0x1fbf4,Good
0x1fbf5,Good
0x1fbfe,Poor
0x1fbff,Poor
0x1fc00,Poor
0x1fc01,Poor
0x1fc0a,Standard
0x1fc0b,Standard
0x1fc0c,Standard
0x1fc0d,Standard
0x1fc16,Poor
0x1fc17,Poor
0x1fc18,Poor
0x1fc19,Poor
0x1fc22,Good
0x1fc23,Good
0x1fc24,Good
0x1fc25,Good
0x1fc2e,Standard
0x1fc2f,Standard
0x1fc30,Standard
0x1fc31,Standard
0x1fc3a,Poor
0x1fc3b,Poor
0x1fc3c,Poor
0x1fc3d,Poor
0x1fc46,Standard
0x1fc47,Standard
0x1fc48,Good
0x1fc49,Standard
0x1fc52,Good
0x1fc53,Good
0x1fc54,Good
0x1fc55,Good
0x1fc5e,Poor
0x1fc5f,Standard
0x1fc60,Poor
0x1fc61,Poor
0x1fc6a,Good
0x1fc6b,Good
0x1fc6c,Good
0x1fc6d,Good
0x1fc76,Poor
0x1fc77,Poor
0x1fc78,Poor
0x1fc79,Poor
0x1fc82,Poor
0x1fc83,Poor
0x1fc84,Poor
0x1fc85,Poor
0x1fc8e,Poor
0x1fc8f,Poor
0x1fc90,Poor
0x1fc91,Poor
0x1fc9a,Good
0x1fc9b,Good
0x1fc9c,Good
0x1fc9d,Good
0x1fca6,Standard
0x1fca7,Standard
0x1fca8,Standard
0x1fca9,Poor
0x1fcb2,Good
0x1fcb3,Good
0x1fcb4,Good
0x1fcb5,Good
0x1fcbe,Poor
0x1fcbf,Poor
0x1fcc0,Poor
0x1fcc1,Poor
0x1fcca,Poor
0x1fccb,Poor
0x1fccc,Poor
0x1fccd,Poor
0x1fcd6,Poor
0x1fcd7,Poor
0x1fcd8,Poor
0x1fcd9,Poor
0x1fce2,Good
0x1fce3,Good
0x1fce4,Good
0x1fce5,Good
0x1fcee,Poor
0x1fcef,Poor
0x1fcf0,Poor
0x1fcf1,Poor
0x1fcfa,Poor
0x1fcfb,Poor
0x1fcfc,Poor
0x1fcfd,Poor
0x1fd06,Poor
0x1fd07,Poor
0x1fd08,Poor
0x1fd09,Poor
0x1fd12,Good
0x1fd13,Good
0x1fd14,Good
0x1fd15,Good
0x1fd1e,Good
0x1fd1f,Good
0x1fd20,Good
0x1fd21,Good
0x1fd2a,Poor
0x1fd2b,Poor
0x1fd2c,Poor
0x1fd2d,Poor
0x1fd36,Poor
0x1fd37,Poor
0x1fd38,Poor
0x1fd39,Poor
0x1fd42,Good
0x1fd43,Good
0x1fd44,Standard
0x1fd45,Good
0x1fd4e,Standard
0x1fd4f,Standard
0x1fd50,Standard
0x1fd51,Standard
0x1fd5a,Good
0x1fd5b,Good
0x1fd5c,Good
0x1fd5d,Good
0x1fd66,Poor
0x1fd67,Poor
0x1fd68,Poor
0x1fd69,Poor
0x1fd72,Standard
0x1fd73,Standard
0x1fd74,Poor
0x1fd75,Standard
0x1fd7e,Poor
0x1fd7f,Poor
0x1fd80,Poor
0x1fd81,Poor
0x1fd8a,Standard
0x1fd8b,Standard
0x1fd8c,Standard
0x1fd8d,Standard
0x1fd96,Good
0x1fd97,Good
0x1fd98,Good
0x1fd99,Good
0x1fda2,Good
0x1fda3,Good
0x1fda4,Good
0x1fda5,Good
0x1fdae,Good
0x1fdaf,Good
0x1fdb0,Good
0x1fdb1,Good
0x1fdba,Poor
0x1fdbb,Standard
0x1fdbc,Poor
0x1fdbd,Poor
0x1fdc6,Poor
0x1fdc7,Poor
0x1fdc8,Poor
0x1fdc9,Poor
0x1fdd2,Good
0x1fdd3,Good
0x1fdd4,Good
0x1fdd5,Good
0x1fdde,Good
0x1fddf,Good
0x1fde0,Good
0x1fde1,Good
0x1fdea,Poor
0x1fdeb,Poor
0x1fdec,Poor
0x1fded,Poor
0x1fdf6,Standard
0x1fdf7,Standard
0x1fdf8,Standard
0x1fdf9,Standard
0x1fe02,Good
0x1fe03,Good
0x1fe04,Good
0x1fe05,Good
0x1fe0e,Standard
0x1fe0f,Standard
0x1fe10,Standard
0x1fe11,Standard
0x1fe1a,Good
0x1fe1b,Good
0x1fe1c,Good
0x1fe1d,Good
0x1fe26,Standard
0x1fe27,Good
0x1fe28,Standard
0x1fe29,Standard
0x1fe32,Poor
0x1fe33,Poor
0x1fe34,Poor
0x1fe35,Poor
0x1fe3e,Good
0x1fe3f,Good
0x1fe40,Good
0x1fe41,Good
0x1fe4a,Good
0x1fe4b,Standard
0x1fe4c,Good
0x1fe4d,Good
0x1fe56,Good
0x1fe57,Good
0x1fe58,Good
0x1fe59,Good
0x1fe62,Poor
0x1fe63,Poor
0x1fe64,Poor
0x1fe65,Poor
0x1fe6e,Standard
0x1fe6f,Good
0x1fe70,Good
0x1fe71,Good
0x1fe7a,Poor
0x1fe7b,Poor
0x1fe7c,Poor
0x1fe7d,Poor
0x1fe86,Good
0x1fe87,Good
0x1fe88,Good
0x1fe89,Good
0x1fe92,Standard
0x1fe93,Poor
0x1fe94,Standard
0x1fe95,Standard
0x1fe9e,Standard
0x1fe9f,Standard
0x1fea0,Standard
0x1fea1,Standard
0x1feaa,Poor
0x1feab,Poor
0x1feac,Poor
0x1fead,Poor
0x1feb6,Good
0x1feb7,Good
0x1feb8,Good
0x1feb9,Good
0x1fec2,Good
0x1fec3,Standard
0x1fec4,Good
0x1fec5,Standard
0x1fece,Good
0x1fecf,Good
0x1fed0,Good
0x1fed1,Good
0x1feda,Good
0x1fedb,Good
0x1fedc,Good
0x1fedd,Good
0x1fee6,Poor
0x1fee7,Poor
0x1fee8,Poor
0x1fee9,Poor
0x1fef2,Good
0x1fef3,Good
0x1fef4,Good
0x1fef5,Good
0x1fefe,Poor
0x1feff,Poor
0x1ff00,Poor
0x1ff01,Poor
0x1ff0a,Standard
0x1ff0b,Standard
0x1ff0c,Standard
0x1ff0d,Standard
0x1ff16,Poor
0x1ff17,Poor
0x1ff18,Poor
0x1ff19,Poor
0x1ff22,Poor
0x1ff23,Poor
0x1ff24,Poor
0x1ff25,Standard
0x1ff2e,Standard
0x1ff2f,Standard
0x1ff30,Standard
0x1ff31,Poor
0x1ff3a,Good
0x1ff3b,Good
0x1ff3c,Good
0x1ff3d,Good
0x1ff46,Good
0x1ff47,Good
0x1ff48,Good
0x1ff49,Good
0x1ff52,Poor
0x1ff53,Poor
0x1ff54,Standard
0x1ff55,Poor
0x1ff5e,Poor
0x1ff5f,Poor
0x1ff60,Poor
0x1ff61,Poor
0x1ff6a,Good
0x1ff6b,Good
0x1ff6c,Good
0x1ff6d,Good
0x1ff76,Poor
0x1ff77,Poor
0x1ff78,Poor
0x1ff79,Poor
0x1ff82,Good
0x1ff83,Good
0x1ff84,Standard
0x1ff85,Good
0x1ff8e,Poor
0x1ff8f,Poor
0x1ff90,Poor
0x1ff91,Standard
0x1ff9a,Poor
0x1ff9b,Standard
0x1ff9c,Standard
0x1ff9d,Standard
0x1ffa6,Poor
0x1ffa7,Poor
0x1ffa8,Poor
0x1ffa9,Poor
0x1ffb2,Poor
0x1ffb3,Poor
0x1ffb4,Poor
0x1ffb5,Poor
0x1ffbe,Standard
0x1ffbf,Standard
0x1ffc0,Standard
0x1ffc1,Standard
0x1ffca,Good
0x1ffcb,Good
0x1ffcc,Good
0x1ffcd,Good
0x1ffd6,Poor
0x1ffd7,Poor
0x1ffd8,Poor
0x1ffd9,Poor
0x1ffe2,Good
0x1ffe3,Good
0x1ffe4,Good
0x1ffe5,Good
0x1ffee,Good
0x1ffef,Good
0x1fff0,Good
0x1fff1,Good
0x1fffa,Poor
0x1fffb,Poor
0x1fffc,Poor
0x1fffd,Poor
0x20006,Standard
0x20007,Standard
0x20008,Standard
0x20009,Standard
0x20012,Standard
0x20013,Standard
0x20014,Standard
0x20015,Standard
0x2001e,Poor
0x2001f,Poor
0x20020,Poor
0x20021,Poor
0x2002a,Standard
0x2002b,Poor
0x2002c,Poor
0x2002d,Poor
0x20036,Poor
0x20037,Poor
0x20038,Poor
0x20039,Poor
0x20042,Standard
0x20043,Standard
0x20044,Standard
0x20045,Standard
0x2004e,Good
0x2004f,Good
0x20050,Good
0x20051,Good
0x2005a,Standard
0x2005b,Standard
0x2005c,Standard
0x2005d,Standard
0x20066,Poor
0x20067,Poor
0x20068,Poor
0x20069,Poor
0x20072,Standard
0x20073,Standard
0x20074,Standard
0x20075,Standard
0x2007e,Poor
0x2007f,Poor
0x20080,Poor
0x20081,Poor
0x2008a,Good
0x2008b,Good
0x2008c,Good
0x2008d,Good
0x20096,Standard
0x20097,Standard
0x20098,Poor
0x20099,Standard
0x200a2,Standard
0x200a3,Standard
0x200a4,Standard
0x200a5,Standard
0x200ae,Poor
0x200af,Poor
0x200b0,Poor
0x200b1,Poor
0x200ba,Poor
0x200bb,Poor
0x200bc,Poor
0x200bd,Poor
0x200c6,Good
0x200c7,Good
0x200c8,Good
0x200c9,Good
0x200d2,Good
0x200d3,Good
0x200d4,Good
0x200d5,Good
0x200de,Poor
0x200df,Poor
0x200e0,Poor
0x200e1,Poor
0x200ea,Good
0x200eb,Good
0x200ec,Good
0x200ed,Good
0x200f6,Poor
0x200f7,Poor
0x200f8,Poor
0x200f9,Poor
0x20102,Poor
0x20103,Poor
0x20104,Poor
0x20105,Poor
0x2010e,Standard
0x2010f,Standard
0x20110,Standard
0x20111,Good
0x2011a,Good
0x2011b,Standard
0x2011c,Good
0x2011d,Good
0x20126,Poor
0x20127,Poor
0x20128,Poor
0x20129,Poor
0x20132,Good
0x20133,Good
0x20134,Standard
0x20135,Good
0x2013e,Poor
0x2013f,Standard
0x20140,Poor
0x20141,Standard
0x2014a,Poor
0x2014b,Poor
0x2014c,Poor
0x2014d,Poor
0x20156,Poor
0x20157,Poor
0x20158,Poor
0x20159,Poor
0x20162,Good
0x20163,Good
0x20164,Good
0x20165,Good
0x2016e,Good
0x2016f,Good
0x20170,Good
0x20171,Good
0x2017a,Poor
0x2017b,Poor
0x2017c,Poor
0x2017d,Poor
0x20186,Good
0x20187,Good
0x20188,Good
0x20189,Standard
0x20192,Good
0x20193,Good
0x20194,Good
0x20195,Good
0x2019e,Good
0x2019f,Standard
0x201a0,Standard
0x201a1,Standard
0x201aa,Standard
0x201ab,Poor
0x201ac,Poor
0x201ad,Standard
0x201b6,Poor
0x201b7,Poor
0x201b8,Poor
0x201b9,Poor
0x201c2,Good
0x201c3,Good
0x201c4,Good
0x201c5,Good
0x201ce,Poor
0x201cf,Poor
0x201d0,Poor
0x201d1,Poor
0x201da,Good
0x201db,Good
0x201dc,Good
0x201dd,Good
0x201e6,Poor
0x201e7,Poor
0x201e8,Poor
0x201e9,Poor
0x201f2,Poor
0x201f3,Poor
0x201f4,Poor
0x201f5,Poor
0x201fe,Standard
0x201ff,Standard
0x20200,Standard
0x20201,Standard
0x2020a,Good
0x2020b,Good
0x2020c,Good
0x2020d,Good
0x20216,Standard
0x20217,Standard
0x20218,Standard
0x20219,Standard
0x20222,Poor
0x20223,Poor
0x20224,Poor
0x20225,Poor
0x2022e,Good
0x2022f,Good
0x20230,Good
0x20231,Good
0x2023a,Good
0x2023b,Standard
0x2023c,Good
0x2023d,Good
0x20246,Standard
0x20247,Standard
0x20248,Poor
0x20249,Standard
0x20252,Good
0x20253,Good
0x20254,Good
0x20255,Good
0x2025e,Good
0x2025f,Good
0x20260,Good
0x20261,Standard
0x2026a,Good
0x2026b,Good
0x2026c,Good
0x2026d,Good
0x20276,Poor
0x20277,Poor
0x20278,Poor
0x20279,Poor
0x20282,Poor
0x20283,Poor
0x20284,Poor
0x20285,Poor
0x2028e,Poor
0x2028f,Standard
0x20290,Poor
0x20291,Standard
0x2029a,Good
0x2029b,Good
0x2029c,Good
0x2029d,Good
0x202a6,Standard
0x202a7,Standard
0x202a8,Standard
0x202a9,Standard
0x202b2,Good
0x202b3,Good
0x202b4,Good
0x202b5,Good
0x202be,Poor
0x202bf,Poor
0x202c0,Poor
0x202c1,Poor
0x202ca,Good
0x202cb,Good
0x202cc,Good
0x202cd,Good
0x202d6,Poor
0x202d7,Poor
0x202d8,Poor
0x202d9,Poor
0x202e2,Good
0x202e3,Good
0x202e4,Good
0x202e5,Good
0x202ee,Good
0x202ef,Good
0x202f0,Good
0x202f1,Good
0x202fa,Standard
0x202fb,Poor
0x202fc,Poor
0x202fd,Standard
0x20306,Good
0x20307,Good
0x20308,Good
0x20309,Good
0x20312,Good
0x20313,Good
0x20314,Good
0x20315,Good
0x2031e,Standard
0x2031f,Standard
0x20320,Standard
0x20321,Standard
0x2032a,Poor
0x2032b,Poor
0x2032c,Poor
0x2032d,Poor
0x20336,Good
0x20337,Good
0x20338,Good
0x20339,Good
0x20342,Good
0x20343,Good
0x20344,Good
0x20345,Good
0x2034e,Good
0x2034f,Good
0x20350,Good
0x20351,Good
0x2035a,Good
0x2035b,Good
0x2035c,Good
0x2035d,Good
0x20366,Poor
0x20367,Poor
0x20368,Poor
0x20369,Poor
0x20372,Standard
0x20373,Standard
0x20374,Standard
0x20375,Standard
0x2037e,Poor
0x2037f,Poor
0x20380,Poor
0x20381,Poor
0x2038a,Poor
0x2038b,Poor
0x2038c,Poor
0x2038d,Poor
0x20396,Standard
0x20397,Standard
0x20398,Standard
0x20399,Standard
0x203a2,Poor
0x203a3,Poor
0x203a4,Poor
0x203a5,Poor
0x203ae,Poor
0x203af,Poor
0x203b0,Poor
0x203b1,Poor
0x203ba,Standard
0x203bb,Standard
0x203bc,Poor
0x203bd,Standard
0x203c6,Good
0x203c7,Good
0x203c8,Good
0x203c9,Good
0x203d2,Poor
0x203d3,Poor
0x203d4,Poor
0x203d5,Poor
0x203de,Good
0x203df,Good
0x203e0,Good
0x203e1,Good
0x203ea,Poor
0x203eb,Poor
0x203ec,Poor
0x203ed,Poor
0x203f6,Poor
0x203f7,Standard
0x203f8,Standard
0x203f9,Standard
0x20402,Good
0x20403,Good
0x20404,Good
0x20405,Good
0x2040e,Poor
0x2040f,Standard
0x20410,Poor
0x20411,Poor
0x2041a,Poor
0x2041b,Poor
0x2041c,Poor
0x2041d,Poor
0x20426,Standard
0x20427,Good
0x20428,Standard
0x20429,Good
0x20432,Good
0x20433,Good
0x20434,Good
0x20435,Good
0x2043e,Poor
0x2043f,Poor
0x20440,Poor
0x20441,Poor
0x2044a,Good
0x2044b,Good
0x2044c,Good
0x2044d,Good
0x20456,Poor
0x20457,Poor
0x20458,Poor
0x20459,Poor
0x20462,Standard
0x20463,Standard
0x20464,Standard
0x20465,Standard
0x2046e,Standard
0x2046f,Standard
0x20470,Standard
0x20471,Standard
0x2047a,Poor
0x2047b,Poor
0x2047c,Poor
0x2047d,Poor
0x20486,Good
0x20487,Good
0x20488,Good
0x20489,Good
0x20492,Poor
0x20493,Poor
0x20494,Poor
0x20495,Poor
0x2049e,Good
0x2049f,Good
0x204a0,Good
0x204a1,Good
0x204aa,Good
0x204ab,Good
0x204ac,Good
0x204ad,Good
0x204b6,Poor
0x204b7,Poor
0x204b8,Poor
0x204b9,Poor
0x204c2,Poor
0x204c3,Poor
0x204c4,Poor
0x204c5,Poor
0x204ce,Poor
0x204cf,Poor
0x204d0,Poor
0x204d1,Poor
0x204da,Poor
0x204db,Poor
0x204dc,Poor
0x204dd,Poor
0x204e6,Good
0x204e7,Good
0x204e8,Good
0x204e9,Good
0x204f2,Poor
0x204f3,Poor
0x204f4,Poor
0x204f5,Poor
0x204fe,Standard
0x204ff,Standard
0x20500,Poor
0x20501,Standard
0x2050a,Good
0x2050b,Good
0x2050c,Good
0x2050d,Good
0x20516,Poor
0x20517,Poor
0x20518,Poor
0x20519,Poor
0x20522,Good
0x20523,Good
0x20524,Good
0x20525,Good
0x2052e,Standard
0x2052f,Standard
0x20530,Standard
0x20531,Standard
0x2053a,Good
0x2053b,Good
0x2053c,Good
0x2053d,Good
0x20546,Standard
0x20547,Standard
0x20548,Poor
0x20549,Standard
0x20552,Good
0x20553,Good
0x20554,Standard
0x20555,Good
0x2055e,Good
0x2055f,Good
0x20560,Good
0x20561,Good
0x2056a,Standard
0x2056b,Standard
0x2056c,Standard
0x2056d,Standard
0x20576,Poor
0x20577,Poor
0x20578,Poor
0x20579,Poor
0x20582,Good
0x20583,Good
0x20584,Good
0x20585,Good
0x2058e,Standard
0x2058f,Standard
0x20590,Standard
0x20591,Standard
0x2059a,Good
0x2059b,Good
0x2059c,Good
0x2059d,Good
0x205a6,Good
0x205a7,Good
0x205a8,Good
0x205a9,Good
0x205b2,Good
0x205b3,Standard
0x205b4,Standard
0x205b5,Good
0x205be,Good
0x205bf,Standard
0x205c0,Good
0x205c1,Good
0x205ca,Poor
0x205cb,Poor
0x205cc,Poor
0x205cd,Poor
0x205d6,Standard
0x205d7,Standard
0x205d8,Good
0x205d9,Standard
0x205e2,Poor
0x205e3,Poor
0x205e4,Poor
0x205e5,Poor
0x205ee,Good
0x205ef,Good
0x205f0,Good
0x205f1,Good
0x205fa,Poor
0x205fb,Standard
0x205fc,Poor
0x205fd,Poor
0x20606,Poor
0x20607,Poor
0x20608,Poor
0x20609,Poor
0x20612,Poor
0x20613,Poor
0x20614,Poor
0x20615,Poor
0x2061e,Good
0x2061f,Good
0x20620,Good
0x20621,Good
0x2062a,Poor
0x2062b,Poor
0x2062c,Poor
0x2062d,Poor
0x20636,Good
0x20637,Good
0x20638,Good
0x20639,Good
0x20642,Poor
0x20643,Standard
0x20644,Standard
0x20645,Poor
0x2064e,Good
0x2064f,Good
0x20650,Good
0x20651,Good
0x2065a,Good
0x2065b,Good
0x2065c,Good
0x2065d,Good
0x20666,Poor
0x20667,Poor
0x20668,Poor
0x20669,Poor
0x20672,Good
0x20673,Good
0x20674,Good
0x20675,Good
0x2067e,Good
0x2067f,Good
0x20680,Standard
0x20681,Good
0x2068a,Good
0x2068b,Good
0x2068c,Good
0x2068d,Good
0x20696,Poor
0x20697,Poor
0x20698,Poor
0x20699,Poor
0x206a2,Good
0x206a3,Good
0x206a4,Good
0x206a5,Good
0x206ae,Poor
0x206af,Poor
0x206b0,Poor
0x206b1,Poor
0x206ba,Good
0x206bb,Good
0x206bc,Good
0x206bd,Good
0x206c6,Poor
0x206c7,Poor
0x206c8,Poor
0x206c9,Poor
0x206d2,Poor
0x206d3,Poor
0x206d4,Poor
0x206d5,Poor
0x206de,Poor
0x206df,Poor
0x206e0,Poor
0x206e1,Poor
0x206ea,Standard
0x206eb,Standard
0x206ec,Standard
0x206ed,Standard
0x206f6,Standard
0x206f7,Poor
0x206f8,Poor
0x206f9,Poor
0x20702,Good
0x20703,Good
0x20704,Good
0x20705,Good
0x2070e,Poor
0x2070f,Poor
0x20710,Poor
0x20711,Poor
0x2071a,Poor
0x2071b,Poor
0x2071c,Poor
0x2071d,Poor
0x20726,Good
0x20727,Good
0x20728,Good
0x20729,Good
0x20732,Poor
0x20733,Poor
0x20734,Standard
0x20735,Poor
0x2073e,Standard
0x2073f,Standard
0x20740,Standard
0x20741,Good
0x2074a,Standard
0x2074b,Standard
0x2074c,Standard
0x2074d,Good
0x20756,Good
0x20757,Good
0x20758,Good
0x20759,Good
0x20762,Good
0x20763,Standard
0x20764,Good
0x20765,Good
0x2076e,Good
0x2076f,Good
0x20770,Good
0x20771,Good
0x2077a,Poor
0x2077b,Poor
0x2077c,Poor
0x2077d,Poor
0x20786,Poor
0x20787,Poor
0x20788,Poor
0x20789,Poor
0x20792,Poor
0x20793,Poor
0x20794,Poor
0x20795,Poor
0x2079e,Poor
0x2079f,Poor
0x207a0,Poor
0x207a1,Poor
0x207aa,Standard
0x207ab,Standard
0x207ac,Poor
0x207ad,Standard
0x207b6,Poor
0x207b7,Poor
0x207b8,Poor
0x207b9,Poor
0x207c2,Poor
0x207c3,Poor
0x207c4,Poor
0x207c5,Poor
0x207ce,Poor
0x207cf,Poor
0x207d0,Poor
0x207d1,Poor
0x207da,Standard
0x207db,Standard
0x207dc,Standard
0x207dd,Standard
0x207e6,Poor
0x207e7,Poor
0x207e8,Poor
0x207e9,Poor
0x207f2,Standard
0x207f3,Standard
0x207f4,Good
0x207f5,Good
0x207fe,Good
0x207ff,Good
0x20800,Good
0x20801,Good
0x2080a,Good
0x2080b,Standard
0x2080c,Good
0x2080d,Good
0x20816,Good
0x20817,Good
0x20818,Good
0x20819,Good
0x20822,Poor
0x20823,Poor
0x20824,Poor
0x20825,Poor
0x2082e,Poor
0x2082f,Poor
0x20830,Poor
0x20831,Poor
0x2083a,Good
0x2083b,Good
0x2083c,Good
0x2083d,Good
0x20846,Poor
0x20847,Poor
0x20848,Poor
0x20849,Poor
0x20852,Standard
0x20853,Standard
0x20854,Standard
0x20855,Standard
0x2085e,Good
0x2085f,Good
0x20860,Good
0x20861,Good
0x2086a,Poor
0x2086b,Poor
0x2086c,Poor
0x2086d,Poor
0x20876,Good
0x20877,Good
0x20878,Good
0x20879,Good
0x20882,Good
0x20883,Good
0x20884,Good
0x20885,Good
0x2088e,Standard
0x2088f,Standard
0x20890,Standard
0x20891,Standard
0x2089a,Good
0x2089b,Good
0x2089c,Good
0x2089d,Good
0x208a6,Good
0x208a7,Good
0x208a8,Good
0x208a9,Good
0x208b2,Good
0x208b3,Standard
0x208b4,Standard
0x208b5,Standard
0x208be,Poor
0x208bf,Poor
0x208c0,Poor
0x208c1,Poor
0x208ca,Poor
0x208cb,Poor
0x208cc,Poor
0x208cd,Poor
0x208d6,Standard
0x208d7,Standard
0x208d8,Standard
0x208d9,Standard
0x208e2,Good
0x208e3,Good
0x208e4,Good
0x208e5,Good
0x208ee,Poor
0x208ef,Standard
0x208f0,Standard
0x208f1,Standard
0x208fa,Good
0x208fb,Good
0x208fc,Good
0x208fd,Good
0x20906,Good
0x20907,Good
0x20908,Good
0x20909,Good
0x20912,Standard
0x20913,Standard
0x20914,Standard
0x20915,Standard
0x2091e,Good
0x2091f,Good
0x20920,Standard
0x20921,Good
0x2092a,Good
0x2092b,Good
0x2092c,Good
0x2092d,Good
0x20936,Poor
0x20937,Poor
0x20938,Poor
0x20939,Poor
0x20942,Poor
0x20943,Poor
0x20944,Poor
0x20945,Poor
0x2094e,Good
0x2094f,Good
0x20950,Good
0x20951,Good
0x2095a,Good
0x2095b,Good
0x2095c,Good
0x2095d,Good
0x20966,Poor
0x20967,Poor
0x20968,Poor
0x20969,Poor
0x20972,Good
0x20973,Good
0x20974,Good
0x20975,Standard
0x2097e,Poor
0x2097f,Poor
0x20980,Poor
0x20981,Poor
0x2098a,Good
0x2098b,Good
0x2098c,Good
0x2098d,Good
0x20996,Good
0x20997,Good
0x20998,Good
0x20999,Good
0x209a2,Poor
0x209a3,Poor
0x209a4,Poor
0x209a5,Poor
0x209ae,Poor
0x209af,Poor
0x209b0,Poor
0x209b1,Standard
0x209ba,Poor
0x209bb,Standard
0x209bc,Standard
0x209bd,Poor
0x209c6,Poor
0x209c7,Poor
0x209c8,Poor
0x209c9,Poor
0x209d2,Poor
0x209d3,Poor
0x209d4,Poor
0x209d5,Poor
0x209de,Poor
0x209df,Poor
0x209e0,Poor
0x209e1,Poor
0x209ea,Poor
0x209eb,Poor
0x209ec,Poor
0x209ed,Poor
0x209f6,Poor
0x209f7,Poor
0x209f8,Poor
0x209f9,Poor
0x20a02,Poor
0x20a03,Poor
0x20a04,Poor
0x20a05,Poor
0x20a0e,Standard
0x20a0f,Poor
0x20a10,Standard
0x20a11,Poor
0x20a1a,Good
0x20a1b,Good
0x20a1c,Good
0x20a1d,Good
0x20a26,Poor
0x20a27,Poor
0x20a28,Standard
0x20a29,Standard
0x20a32,Standard
0x20a33,Standard
0x20a34,Standard
0x20a35,Standard
0x20a3e,Poor
0x20a3f,Poor
0x20a40,Poor
0x20a41,Poor
0x20a4a,Standard
0x20a4b,Good
0x20a4c,Standard
0x20a4d,Standard
0x20a56,Poor
0x20a57,Poor
0x20a58,Poor
0x20a59,Poor
0x20a62,Poor
0x20a63,Poor
0x20a64,Poor
0x20a65,Poor
0x20a6e,Good
0x20a6f,Standard
0x20a70,Standard
0x20a71,Good
0x20a7a,Poor
0x20a7b,Standard
0x20a7c,Standard
0x20a7d,Standard
0x20a86,Good
0x20a87,Good
0x20a88,Good
0x20a89,Good
0x20a92,Poor
0x20a93,Standard
0x20a94,Standard
0x20a95,Standard
0x20a9e,Good
0x20a9f,Good
0x20aa0,Good
0x20aa1,Standard
0x20aaa,Good
0x20aab,Good
0x20aac,Good
0x20aad,Good
0x20ab6,Poor
0x20ab7,Poor
0x20ab8,Poor
0x20ab9,Poor
0x20ac2,Good
0x20ac3,Good
0x20ac4,Good
0x20ac5,Good
0x20ace,Standard
0x20acf,Standard
0x20ad0,Standard
0x20ad1,Standard
0x20ada,Good
0x20adb,Good
0x20adc,Good
0x20add,Good
0x20ae6,Poor
0x20ae7,Poor
0x20ae8,Poor
0x20ae9,Poor
0x20af2,Poor
0x20af3,Poor
0x20af4,Poor
0x20af5,Poor
0x20afe,Poor
0x20aff,Poor
0x20b00,Poor
0x20b01,Poor
0x20b0a,Good
0x20b0b,Good
0x20b0c,Good
0x20b0d,Good
0x20b16,Poor
0x20b17,Poor
0x20b18,Poor
0x20b19,Poor
0x20b22,Standard
0x20b23,Standard
0x20b24,Standard
0x20b25,Standard
0x20b2e,Poor
0x20b2f,Poor
0x20b30,Poor
0x20b31,Poor
0x20b3a,Poor
0x20b3b,Poor
0x20b3c,Poor
0x20b3d,Poor
0x20b46,Poor
0x20b47,Poor
0x20b48,Poor
0x20b49,Poor
0x20b52,Poor
0x20b53,Poor
0x20b54,Poor
0x20b55,Poor
0x20b5e,Poor
0x20b5f,Poor
0x20b60,Poor
0x20b61,Poor
0x20b6a,Good
0x20b6b,Good
0x20b6c,Good
0x20b6d,Good
0x20b76,Poor
0x20b77,Poor
0x20b78,Poor
0x20b79,Poor
0x20b82,Good
0x20b83,Good
0x20b84,Good
0x20b85,Good
0x20b8e,Standard
0x20b8f,Good
0x20b90,Good
0x20b91,Standard
0x20b9a,Standard
0x20b9b,Standard
0x20b9c,Standard
0x20b9d,Standard
0x20ba6,Good
0x20ba7,Good
0x20ba8,Good
0x20ba9,Good
0x20bb2,Good
0x20bb3,Good
0x20bb4,Good
0x20bb5,Good
0x20bbe,Standard
0x20bbf,Standard
0x20bc0,Standard
0x20bc1,Standard
0x20bca,Good
0x20bcb,Standard
0x20bcc,Good
0x20bcd,Good
0x20bd6,Poor
0x20bd7,Standard
0x20bd8,Poor
0x20bd9,Poor
0x20be2,Standard
0x20be3,Standard
0x20be4,Standard
0x20be5,Standard
0x20bee,Good
0x20bef,Good
0x20bf0,Good
0x20bf1,Good
0x20bfa,Good
0x20bfb,Good
0x20bfc,Good
0x20bfd,Good
0x20c06,Standard
0x20c07,Standard
0x20c08,Standard
0x20c09,Standard
0x20c12,Standard
0x20c13,Standard
0x20c14,Good
0x20c15,Standard
0x20c1e,Standard
0x20c1f,Poor
0x20c20,Poor
0x20c21,Poor
0x20c2a,Good
0x20c2b,Good
0x20c2c,Good
0x20c2d,Good
0x20c36,Good
0x20c37,Good
0x20c38,Good
0x20c39,Good
0x20c42,Standard
0x20c43,Good
0x20c44,Good
0x20c45,Good
0x20c4e,Standard
0x20c4f,Poor
0x20c50,Standard
0x20c51,Standard
0x20c5a,Good
0x20c5b,Good
0x20c5c,Good
0x20c5d,Good
0x20c66,Poor
0x20c67,Standard
0x20c68,Standard
0x20c69,Poor
0x20c72,Poor
0x20c73,Poor
0x20c74,Standard
0x20c75,Poor
0x20c7e,Good
0x20c7f,Good
0x20c80,Good
0x20c81,Good
0x20c8a,Poor
0x20c8b,Poor
0x20c8c,Poor
0x20c8d,Poor
0x20c96,Poor
0x20c97,Poor
0x20c98,Poor
0x20c99,Poor
0x20ca2,Poor
0x20ca3,Standard
0x20ca4,Poor
0x20ca5,Poor
0x20cae,Poor
0x20caf,Poor
0x20cb0,Poor
0x20cb1,Poor
0x20cba,Poor
0x20cbb,Poor
0x20cbc,Poor
0x20cbd,Poor
0x20cc6,Poor
0x20cc7,Poor
0x20cc8,Poor
0x20cc9,Poor
0x20cd2,Good
0x20cd3,Good
0x20cd4,Good
0x20cd5,Good
0x20cde,Poor
0x20cdf,Poor
0x20ce0,Poor
0x20ce1,Poor
0x20cea,Good
0x20ceb,Good
0x20cec,Good
0x20ced,Good
0x20cf6,Poor
0x20cf7,Poor
0x20cf8,Poor
0x20cf9,Poor
0x20d02,Standard
0x20d03,Standard
0x20d04,Standard
0x20d05,Poor
0x20d0e,Standard
0x20d0f,Standard
0x20d10,Standard
0x20d11,Standard
0x20d1a,Good
0x20d1b,Good
0x20d1c,Standard
0x20d1d,Standard
0x20d26,Poor
0x20d27,Poor
0x20d28,Standard
0x20d29,Poor
0x20d32,Poor
0x20d33,Poor
0x20d34,Poor
0x20d35,Poor
0x20d3e,Good
0x20d3f,Standard
0x20d40,Good
0x20d41,Good
0x20d4a,Good
0x20d4b,Good
0x20d4c,Good
0x20d4d,Good
0x20d56,Good
0x20d57,Good
0x20d58,Good
0x20d59,Good
0x20d62,Good
0x20d63,Good
0x20d64,Good
0x20d65,Good
0x20d6e,Standard
0x20d6f,Standard
0x20d70,Standard
0x20d71,Standard
0x20d7a,Good
0x20d7b,Good
0x20d7c,Good
0x20d7d,Good
0x20d86,Poor
0x20d87,Poor
0x20d88,Poor
0x20d89,Poor
0x20d92,Good
0x20d93,Good
0x20d94,Good
0x20d95,Good
0x20d9e,Poor
0x20d9f,Poor
0x20da0,Poor
0x20da1,Standard
0x20daa,Poor
0x20dab,Poor
0x20dac,Poor
0x20dad,Poor
0x20db6,Good
0x20db7,Good
0x20db8,Good
0x20db9,Good
0x20dc2,Good
0x20dc3,Good
0x20dc4,Good
0x20dc5,Standard
0x20dce,Good
0x20dcf,Good
0x20dd0,Good
0x20dd1,Good
0x20dda,Poor
0x20ddb,Poor
0x20ddc,Poor
0x20ddd,Poor
0x20de6,Poor
0x20de7,Poor
0x20de8,Poor
0x20de9,Poor
0x20df2,Good
0x20df3,Good
0x20df4,Good
0x20df5,Good
0x20dfe,Poor
0x20dff,Standard
0x20e00,Poor
0x20e01,Standard
0x20e0a,Good
0x20e0b,Good
0x20e0c,Good
0x20e0d,Good
0x20e16,Standard
0x20e17,Standard
0x20e18,Standard
0x20e19,Standard
0x20e22,Good
0x20e23,Good
0x20e24,Good
0x20e25,Good
0x20e2e,Poor
0x20e2f,Poor
0x20e30,Poor
0x20e31,Poor
0x20e3a,Poor
0x20e3b,Poor
0x20e3c,Poor
0x20e3d,Poor
0x20e46,Good
0x20e47,Good
0x20e48,Good
0x20e49,Good
0x20e52,Poor
0x20e53,Poor
0x20e54,Poor
0x20e55,Poor
0x20e5e,Poor
0x20e5f,Poor
0x20e60,Poor
0x20e61,Poor
0x20e6a,Poor
0x20e6b,Poor
0x20e6c,Standard
0x20e6d,Standard
0x20e76,Poor
0x20e77,Standard
0x20e78,Standard
0x20e79,Poor
0x20e82,Good
0x20e83,Good
0x20e84,Good
0x20e85,Good
0x20e8e,Good
0x20e8f,Good
0x20e90,Good
0x20e91,Good
0x20e9a,Poor
0x20e9b,Poor
0x20e9c,Poor
0x20e9d,Poor
0x20ea6,Good
0x20ea7,Good
0x20ea8,Poor
0x20ea9,Good
0x20eb2,Poor
0x20eb3,Poor
0x20eb4,Poor
0x20eb5,Poor
0x20ebe,Standard
0x20ebf,Standard
0x20ec0,Standard
0x20ec1,Standard
0x20eca,Good
0x20ecb,Good
0x20ecc,Good
0x20ecd,Good
0x20ed6,Good
0x20ed7,Good
0x20ed8,Good
0x20ed9,Good
0x20ee2,Standard
0x20ee3,Poor
0x20ee4,Standard
0x20ee5,Standard
0x20eee,Good
0x20eef,Good
0x20ef0,Good
0x20ef1,Good
0x20efa,Poor
0x20efb,Poor
0x20efc,Poor
0x20efd,Poor
0x20f06,Good
0x20f07,Standard
0x20f08,Poor
0x20f09,Standard
0x20f12,Good
0x20f13,Good
0x20f14,Good
0x20f15,Good
0x20f1e,Good
0x20f1f,Good
0x20f20,Good
0x20f21,Good
0x20f2a,Good
0x20f2b,Good
0x20f2c,Good
0x20f2d,Good
0x20f36,Good
0x20f37,Good
0x20f38,Good
0x20f39,Good
0x20f42,Good
0x20f43,Good
0x20f44,Standard
0x20f45,Standard
0x20f4e,Poor
0x20f4f,Poor
0x20f50,Poor
0x20f51,Poor
0x20f5a,Good
0x20f5b,Good
0x20f5c,Good
0x20f5d,Good
0x20f66,Standard
0x20f67,Standard
0x20f68,Standard
0x20f69,Standard
0x20f72,Good
0x20f73,Good
0x20f74,Good
0x20f75,Good
0x20f7e,Good
0x20f7f,Standard
0x20f80,Good
0x20f81,Good
0x20f8a,Good
0x20f8b,Good
0x20f8c,Good
0x20f8d,Good
0x20f96,Standard
0x20f97,Good
0x20f98,Good
0x20f99,Standard
0x20fa2,Poor
0x20fa3,Standard
0x20fa4,Poor
0x20fa5,Poor
0x20fae,Poor
0x20faf,Standard
0x20fb0,Standard
0x20fb1,Standard
0x20fba,Standard
0x20fbb,Standard
0x20fbc,Poor
0x20fbd,Standard
0x20fc6,Standard
0x20fc7,Poor
0x20fc8,Poor
0x20fc9,Good
0x20fd2,Good
0x20fd3,Good
0x20fd4,Good
0x20fd5,Good
0x20fde,Poor
0x20fdf,Poor
0x20fe0,Poor
0x20fe1,Poor
0x20fea,Standard
0x20feb,Standard
0x20fec,Standard
0x20fed,Standard
0x20ff6,Standard
0x20ff7,Poor
0x20ff8,Poor
0x20ff9,Poor
0x21002,Good
0x21003,Good
0x21004,Standard
0x21005,Good
0x2100e,Poor
0x2100f,Poor
0x21010,Poor
0x21011,Poor
0x2101a,Poor
0x2101b,Poor
0x2101c,Poor
0x2101d,Poor
0x21026,Poor
0x21027,Poor
0x21028,Poor
0x21029,Poor
0x21032,Good
0x21033,Good
0x21034,Good
0x21035,Good
0x2103e,Poor
0x2103f,Poor
0x21040,Poor
0x21041,Poor
0x2104a,Poor
0x2104b,Poor
0x2104c,Poor
0x2104d,Poor
0x21056,Standard
0x21057,Good
0x21058,Good
0x21059,Good
0x21062,Good
0x21063,Good
0x21064,Good
0x21065,Good
0x2106e,Good
0x2106f,Good
0x21070,Good
0x21071,Good
0x2107a,Good
0x2107b,Good
0x2107c,Good
0x2107d,Good
0x21086,Standard
0x21087,Standard
0x21088,Standard
0x21089,Standard
0x21092,Good
0x21093,Good
0x21094,Good
0x21095,Good
0x2109e,Poor
0x2109f,Poor
0x210a0,Poor
0x210a1,Poor
0x210aa,Good
0x210ab,Good
0x210ac,Good
0x210ad,Good
0x210b6,Good
0x210b7,Good
0x210b8,Good
0x210b9,Good
0x210c2,Poor
0x210c3,Poor
0x210c4,Poor
0x210c5,Poor
0x210ce,Good
0x210cf,Good
0x210d0,Good
0x210d1,Good
0x210da,Poor
0x210db,Poor
0x210dc,Poor
0x210dd,Poor
0x210e6,Standard
0x210e7,Good
0x210e8,Good
0x210e9,Standard
0x210f2,Standard
0x210f3,Standard
0x210f4,Standard
0x210f5,Standard
0x210fe,Standard
0x210ff,Standard
0x21100,Standard
0x21101,Standard
0x2110a,Poor
0x2110b,Poor
0x2110c,Poor
0x2110d,Poor
0x21116,Good
0x21117,Good
0x21118,Good
0x21119,Good
0x21122,Poor
0x21123,Poor
0x21124,Poor
0x21125,Poor
0x2112e,Poor
0x2112f,Poor
0x21130,Poor
0x21131,Poor
0x2113a,Poor
0x2113b,Poor
0x2113c,Poor
0x2113d,Poor
0x21146,Good
0x21147,Good
0x21148,Good
0x21149,Good
0x21152,Standard
0x21153,Standard
0x21154,Standard
0x21155,Standard
0x2115e,Good
0x2115f,Good
0x21160,Good
0x21161,Good
0x2116a,Standard
0x2116b,Standard
0x2116c,Good
0x2116d,Standard
0x21176,Good
0x21177,Good
0x21178,Good
0x21179,Good
0x21182,Standard
0x21183,Standard
0x21184,Standard
0x21185,Standard
0x2118e,Good
0x2118f,Good
0x21190,Good
0x21191,Good
0x2119a,Standard
0x2119b,Standard
0x2119c,Standard
0x2119d,Standard
0x211a6,Poor
0x211a7,Poor
0x211a8,Poor
0x211a9,Poor
0x211b2,Standard
0x211b3,Poor
0x211b4,Poor
0x211b5,Poor
0x211be,Standard
0x211bf,Standard
0x211c0,Standard
0x211c1,Poor
0x211ca,Standard
0x211cb,Standard
0x211cc,Standard
0x211cd,Standard
0x211d6,Good
0x211d7,Good
0x211d8,Good
0x211d9,Good
0x211e2,Poor
0x211e3,Poor
0x211e4,Poor
0x211e5,Poor
0x211ee,Poor
0x211ef,Poor
0x211f0,Standard
0x211f1,Poor
0x211fa,Poor
0x211fb,Poor
0x211fc,Poor
0x211fd,Poor
0x21206,Standard
0x21207,Standard
0x21208,Standard
0x21209,Poor
0x21212,Poor
0x21213,Poor
0x21214,Poor
0x21215,Poor
0x2121e,Good
0x2121f,Good
0x21220,Good
0x21221,Good
0x2122a,Poor
0x2122b,Poor
0x2122c,Poor
0x2122d,Poor
0x21236,Good
0x21237,Good
0x21238,Good
0x21239,Good
0x21242,Good
0x21243,Good
0x21244,Standard
0x21245,Good
0x2124e,Standard
0x2124f,Standard
0x21250,Standard
0x21251,Standard
0x2125a,Good
0x2125b,Good
0x2125c,Standard
0x2125d,Standard
0x21266,Poor
0x21267,Poor
0x21268,Poor
0x21269,Poor
0x21272,Good
0x21273,Good
0x21274,Good
0x21275,Standard
0x2127e,Poor
0x2127f,Poor
0x21280,Poor
0x21281,Poor
0x2128a,Poor
0x2128b,Poor
0x2128c,Poor
0x2128d,Poor
0x21296,Good
0x21297,Good
0x21298,Good
0x21299,Good
0x212a2,Good
0x212a3,Good
0x212a4,Good
0x212a5,Good
0x212ae,Standard
0x212af,Poor
0x212b0,Poor
0x212b1,Poor
0x212ba,Good
0x212bb,Good
0x212bc,Good
0x212bd,Good
0x212c6,Poor
0x212c7,Poor
0x212c8,Poor
0x212c9,Poor
0x212d2,Standard
0x212d3,Standard
0x212d4,Standard
0x212d5,Standard
0x212de,Good
0x212df,Good
0x212e0,Good
0x212e1,Good
0x212ea,Good
0x212eb,Good
0x212ec,Good
0x212ed,Good
0x212f6,Good
0x212f7,Good
0x212f8,Good
0x212f9,Good
0x21302,Poor
0x21303,Poor
0x21304,Poor
0x21305,Poor
0x2130e,Good
0x2130f,Good
0x21310,Good
0x21311,Good
0x2131a,Good
0x2131b,Good
0x2131c,Good
0x2131d,Good
0x21326,Poor
0x21327,Poor
0x21328,Poor
0x21329,Poor
0x21332,Good
0x21333,Good
0x21334,Good
0x21335,Good
0x2133e,Good
0x2133f,Good
0x21340,Good
0x21341,Good
0x2134a,Poor
0x2134b,Standard
0x2134c,Poor
0x2134d,Poor
0x21356,Poor
0x21357,Poor
0x21358,Poor
0x21359,Poor
0x21362,Standard
0x21363,Standard
0x21364,Standard
0x21365,Standard
0x2136e,Poor
0x2136f,Standard
0x21370,Standard
0x21371,Poor
0x2137a,Poor
0x2137b,Poor
0x2137c,Poor
0x2137d,Poor
0x21386,Good
0x21387,Good
0x21388,Good
0x21389,Good
0x21392,Standard
0x21393,Standard
0x21394,Standard
0x21395,Standard
0x2139e,Poor
0x2139f,Poor
0x213a0,Poor
0x213a1,Poor
0x213aa,Poor
0x213ab,Poor
0x213ac,Poor
0x213ad,Poor
0x213b6,Poor
0x213b7,Standard
0x213b8,Poor
0x213b9,Poor
0x213c2,Standard
0x213c3,Standard
0x213c4,Standard
0x213c5,Standard
0x213ce,Good
0x213cf,Good
0x213d0,Good
0x213d1,Good
0x213da,Poor
0x213db,Poor
0x213dc,Poor
0x213dd,Poor
0x213e6,Good
0x213e7,Good
0x213e8,Good
0x213e9,Good
0x213f2,Standard
0x213f3,Standard
0x213f4,Standard
0x213f5,Standard
0x213fe,Standard
0x213ff,Standard
0x21400,Standard
0x21401,Standard
0x2140a,Standard
0x2140b,Standard
0x2140c,Standard
0x2140d,Standard
0x21416,Good
0x21417,Good
0x21418,Good
0x21419,Good
0x21422,Standard
0x21423,Standard
0x21424,Standard
0x21425,Poor
0x2142e,Good
0x2142f,Poor
0x21430,Standard
0x21431,Poor
0x2143a,Good
0x2143b,Good
0x2143c,Good
0x2143d,Good
0x21446,Standard
0x21447,Standard
0x21448,Standard
0x21449,Standard
0x21452,Poor
0x21453,Poor
0x21454,Poor
0x21455,Poor
0x2145e,Good
0x2145f,Good
0x21460,Good
0x21461,Good
0x2146a,Good
0x2146b,Good
0x2146c,Good
0x2146d,Good
0x21476,Good
0x21477,Good
0x21478,Good
0x21479,Good
0x21482,Good
0x21483,Good
0x21484,Good
0x21485,Good
0x2148e,Standard
0x2148f,Standard
0x21490,Standard
0x21491,Standard
0x2149a,Good
0x2149b,Good
0x2149c,Good
0x2149d,Good
0x214a6,Good
0x214a7,Good
0x214a8,Good
0x214a9,Good
0x214b2,Good
0x214b3,Good
0x214b4,Good
0x214b5,Good
0x214be,Good
0x214bf,Good
0x214c0,Good
0x214c1,Good
0x214ca,Good
0x214cb,Good
0x214cc,Good
0x214cd,Good
0x214d6,Poor
0x214d7,Poor
0x214d8,Standard
0x214d9,Poor
0x214e2,Good
0x214e3,Good
0x214e4,Good
0x214e5,Good
0x214ee,Poor
0x214ef,Poor
0x214f0,Poor
0x214f1,Poor
0x214fa,Standard
0x214fb,Good
0x214fc,Good
0x214fd,Good
0x21506,Good
0x21507,Good
0x21508,Good
0x21509,Good
0x21512,Standard
0x21513,Standard
0x21514,Poor
0x21515,Standard
0x2151e,Good
0x2151f,Good
0x21520,Good
0x21521,Good
0x2152a,Good
0x2152b,Good
0x2152c,Good
0x2152d,Standard
0x21536,Good
0x21537,Good
0x21538,Good
0x21539,Good
0x21542,Standard
0x21543,Standard
0x21544,Standard
0x21545,Standard
0x2154e,Good
0x2154f,Good
0x21550,Good
0x21551,Good
0x2155a,Good
0x2155b,Good
0x2155c,Good
0x2155d,Good
0x21566,Poor
0x21567,Standard
0x21568,Standard
0x21569,Standard
0x21572,Good
0x21573,Good
0x21574,Good
0x21575,Good
0x2157e,Good
0x2157f,Good
0x21580,Good
0x21581,Good
0x2158a,Poor
0x2158b,Poor
0x2158c,Poor
0x2158d,Poor
0x21596,Standard
0x21597,Standard
0x21598,Good
0x21599,Standard
0x215a2,Good
0x215a3,Good
0x215a4,Good
0x215a5,Poor
0x215ae,Good
0x215af,Good
0x215b0,Good
0x215b1,Good
0x215ba,Good
0x215bb,Good
0x215bc,Good
0x215bd,Good
0x215c6,Poor
0x215c7,Poor
0x215c8,Poor
0x215c9,Poor
0x215d2,Good
0x215d3,Good
0x215d4,Good
0x215d5,Good
0x215de,Poor
0x215df,Poor
0x215e0,Poor
0x215e1,Poor
0x215ea,Poor
0x215eb,Poor
0x215ec,Poor
0x215ed,Poor
0x215f6,Poor
0x215f7,Poor
0x215f8,Poor
0x215f9,Poor
0x21602,Good
0x21603,Good
0x21604,Good
0x21605,Good
0x2160e,Good
0x2160f,Good
0x21610,Good
0x21611,Good
0x2161a,Good
0x2161b,Good
0x2161c,Good
0x2161d,Good
0x21626,Good
0x21627,Good
0x21628,Good
0x21629,Good
0x21632,Poor
0x21633,Poor
0x21634,Poor
0x21635,Poor
0x2163e,Good
0x2163f,Good
0x21640,Good
0x21641,Good
0x2164a,Poor
0x2164b,Poor
0x2164c,Poor
0x2164d,Poor
0x21656,Good
0x21657,Good
0x21658,Standard
0x21659,Good
0x21662,Good
0x21663,Good
0x21664,Good
0x21665,Good
0x2166e,Standard
0x2166f,Standard
0x21670,Good
0x21671,Good
0x2167a,Standard
0x2167b,Standard
0x2167c,Standard
0x2167d,Poor
0x21686,Standard
0x21687,Poor
0x21688,Poor
0x21689,Poor
0x21692,Good
0x21693,Good
0x21694,Standard
0x21695,Good
0x2169e,Good
0x2169f,Good
0x216a0,Good
0x216a1,Good
0x216aa,Good
0x216ab,Good
0x216ac,Good
0x216ad,Good
0x216b6,Poor
0x216b7,Poor
0x216b8,Poor
0x216b9,Poor
0x216c2,Standard
0x216c3,Standard
0x216c4,Standard
0x216c5,Standard
0x216ce,Good
0x216cf,Good
0x216d0,Good
0x216d1,Good
0x216da,Good
0x216db,Good
0x216dc,Good
0x216dd,Good
0x216e6,Good
0x216e7,Good
0x216e8,Good
0x216e9,Good
0x216f2,Standard
0x216f3,Standard
0x216f4,Standard
0x216f5,Standard
0x216fe,Standard
0x216ff,Standard
0x21700,Standard
0x21701,Standard
0x2170a,Poor
0x2170b,Poor
0x2170c,Poor
0x2170d,Poor
0x21716,Standard
0x21717,Standard
0x21718,Standard
0x21719,Standard
0x21722,Poor
0x21723,Standard
0x21724,Standard
0x21725,Standard
0x2172e,Poor
0x2172f,Poor
0x21730,Standard
0x21731,Poor
0x2173a,Good
0x2173b,Good
0x2173c,Good
0x2173d,Good
0x21746,Good
0x21747,Good
0x21748,Good
0x21749,Good
0x21752,Standard
0x21753,Good
0x21754,Good
0x21755,Good
0x2175e,Good
0x2175f,Good
0x21760,Standard
0x21761,Good
0x2176a,Poor
0x2176b,Standard
0x2176c,Poor
0x2176d,Poor
0x21776,Standard
0x21777,Standard
0x21778,Standard
0x21779,Standard
0x21782,Poor
0x21783,Standard
0x21784,Poor
0x21785,Poor
0x2178e,Standard
0x2178f,Standard
0x21790,Standard
0x21791,Standard
0x2179a,Good
0x2179b,Good
0x2179c,Good
0x2179d,Good
0x217a6,Good
0x217a7,Good
0x217a8,Good
0x217a9,Good
0x217b2,Standard
0x217b3,Good
0x217b4,Good
0x217b5,Good
0x217be,Standard
0x217bf,Standard
0x217c0,Standard
0x217c1,Standard
0x217ca,Good
0x217cb,Standard
0x217cc,Good
0x217cd,Good
0x217d6,Standard
0x217d7,Standard
0x217d8,Standard
0x217d9,Poor
0x217e2,Poor
0x217e3,Poor
0x217e4,Poor
0x217e5,Poor
0x217ee,Poor
0x217ef,Poor
0x217f0,Poor
0x217f1,Standard
0x217fa,Good
0x217fb,Good
0x217fc,Good
0x217fd,Standard
0x21806,Poor
0x21807,Poor
0x21808,Poor
0x21809,Poor
0x21812,Poor
0x21813,Good
0x21814,Standard
0x21815,Standard
0x2181e,Standard
0x2181f,Standard
0x21820,Standard
0x21821,Standard
0x2182a,Poor
0x2182b,Poor
0x2182c,Poor
0x2182d,Poor
0x21836,Standard
0x21837,Standard
0x21838,Standard
0x21839,Standard
0x21842,Good
0x21843,Good
0x21844,Good
0x21845,Good
0x2184e,Standard
0x2184f,Standard
0x21850,Standard
0x21851,Standard
0x2185a,Good
0x2185b,Standard
0x2185c,Good
0x2185d,Good
0x21866,Poor
0x21867,Standard
0x21868,Standard
0x21869,Standard
0x21872,Good
0x21873,Good
0x21874,Good
0x21875,Good
0x2187e,Standard
0x2187f,Standard
0x21880,Standard
0x21881,Standard
0x2188a,Good
0x2188b,Good
0x2188c,Good
0x2188d,Good
0x21896,Standard
0x21897,Standard
0x21898,Poor
0x21899,Poor
0x218a2,Standard
0x218a3,Standard
0x218a4,Standard
0x218a5,Standard
0x218ae,Good
0x218af,Good
0x218b0,Good
0x218b1,Good
0x218ba,Standard
0x218bb,Standard
0x218bc,Poor
0x218bd,Poor
0x218c6,Good
0x218c7,Good
0x218c8,Good
0x218c9,Good
0x218d2,Good
0x218d3,Good
0x218d4,Good
0x218d5,Good
0x218de,Standard
0x218df,Standard
0x218e0,Standard
0x218e1,Standard
0x218ea,Good
0x218eb,Good
0x218ec,Good
0x218ed,Good
0x218f6,Standard
0x218f7,Standard
0x218f8,Standard
0x218f9,Standard
0x21902,Good
0x21903,Good
0x21904,Good
0x21905,Good
0x2190e,Standard
0x2190f,Standard
0x21910,Good
0x21911,Standard
0x2191a,Poor
0x2191b,Poor
0x2191c,Poor
0x2191d,Poor
0x21926,Good
0x21927,Good
0x21928,Good
0x21929,Good
0x21932,Good
0x21933,Good
0x21934,Good
0x21935,Good
0x2193e,Standard
0x2193f,Standard
0x21940,Poor
0x21941,Standard
0x2194a,Good
0x2194b,Good
0x2194c,Good
0x2194d,Good
0x21956,Good
0x21957,Good
0x21958,Good
0x21959,Good
0x21962,Good
0x21963,Good
0x21964,Good
0x21965,Good
0x2196e,Standard
0x2196f,Standard
0x21970,Standard
0x21971,Standard
0x2197a,Good
0x2197b,Good
0x2197c,Good
0x2197d,Good
0x21986,Good
0x21987,Good
0x21988,Good
0x21989,Good
0x21992,Good
0x21993,Good
0x21994,Good
0x21995,Good
0x2199e,Poor
0x2199f,Poor
0x219a0,Poor
0x219a1,Poor
0x219aa,Poor
0x219ab,Poor
0x219ac,Poor
0x219ad,Poor
0x219b6,Poor
0x219b7,Poor
0x219b8,Poor
0x219b9,Poor
0x219c2,Good
0x219c3,Good
0x219c4,Good
0x219c5,Good
0x219ce,Good
0x219cf,Good
0x219d0,Good
0x219d1,Good
0x219da,Poor
0x219db,Poor
0x219dc,Poor
0x219dd,Poor
0x219e6,Poor
0x219e7,Poor
0x219e8,Poor
0x219e9,Poor
0x219f2,Poor
0x219f3,Standard
0x219f4,Poor
0x219f5,Poor
0x219fe,Poor
0x219ff,Poor
0x21a00,Poor
0x21a01,Poor
0x21a0a,Good
0x21a0b,Good
0x21a0c,Good
0x21a0d,Good
0x21a16,Standard
0x21a17,Standard
0x21a18,Standard
0x21a19,Standard
0x21a22,Good
0x21a23,Good
0x21a24,Good
0x21a25,Good
0x21a2e,Poor
0x21a2f,Poor
0x21a30,Poor
0x21a31,Poor
0x21a3a,Standard
0x21a3b,Standard
0x21a3c,Standard
0x21a3d,Standard
0x21a46,Good
0x21a47,Good
0x21a48,Good
0x21a49,Good
0x21a52,Poor
0x21a53,Poor
0x21a54,Poor
0x21a55,Standard
0x21a5e,Standard
0x21a5f,Standard
0x21a60,Standard
0x21a61,Standard
0x21a6a,Good
0x21a6b,Good
0x21a6c,Good
0x21a6d,Standard
0x21a76,Poor
0x21a77,Poor
0x21a78,Poor
0x21a79,Poor
0x21a82,Poor
0x21a83,Poor
0x21a84,Poor
0x21a85,Poor
0x21a8e,Poor
0x21a8f,Poor
0x21a90,Standard
0x21a91,Poor
0x21a9a,Good
0x21a9b,Good
0x21a9c,Good
0x21a9d,Good
0x21aa6,Poor
0x21aa7,Poor
0x21aa8,Poor
0x21aa9,Poor
0x21ab2,Standard
0x21ab3,Standard
0x21ab4,Standard
0x21ab5,Standard
0x21abe,Poor
0x21abf,Poor
0x21ac0,Poor
0x21ac1,Standard
0x21aca,Poor
0x21acb,Poor
0x21acc,Poor
0x21acd,Poor
0x21ad6,Standard
0x21ad7,Standard
0x21ad8,Standard
0x21ad9,Poor
0x21ae2,Poor
0x21ae3,Poor
0x21ae4,Poor
0x21ae5,Poor
0x21aee,Standard
0x21aef,Good
0x21af0,Standard
0x21af1,Standard
0x21afa,Poor
0x21afb,Poor
0x21afc,Poor
0x21afd,Poor
0x21b06,Standard
0x21b07,Standard
0x21b08,Poor
0x21b09,Poor
0x21b12,Poor
0x21b13,Poor
0x21b14,Poor
0x21b15,Poor
0x21b1e,Good
0x21b1f,Good
0x21b20,Good
0x21b21,Good
0x21b2a,Poor
0x21b2b,Poor
0x21b2c,Poor
0x21b2d,Poor
0x21b36,Good
0x21b37,Good
0x21b38,Good
0x21b39,Good
0x21b42,Good
0x21b43,Standard
0x21b44,Good
0x21b45,Good
0x21b4e,Good
0x21b4f,Good
0x21b50,Good
0x21b51,Good
0x21b5a,Good
0x21b5b,Good
0x21b5c,Good
0x21b5d,Good
0x21b66,Poor
0x21b67,Standard
0x21b68,Poor
0x21b69,Poor
0x21b72,Good
0x21b73,Good
0x21b74,Good
0x21b75,Good
0x21b7e,Poor
0x21b7f,Poor
0x21b80,Poor
0x21b81,Poor
0x21b8a,Good
0x21b8b,Good
0x21b8c,Good
0x21b8d,Good
0x21b96,Good
0x21b97,Good
0x21b98,Good
0x21b99,Good
0x21ba2,Poor
0x21ba3,Poor
0x21ba4,Poor
0x21ba5,Poor
0x21bae,Poor
0x21baf,Poor
0x21bb0,Poor
0x21bb1,Poor
0x21bba,Standard
0x21bbb,Standard
0x21bbc,Standard
0x21bbd,Standard
0x21bc6,Good
0x21bc7,Good
0x21bc8,Good
0x21bc9,Good
0x21bd2,Good
0x21bd3,Good
0x21bd4,Good
0x21bd5,Good
0x21bde,Poor
0x21bdf,Good
0x21be0,Standard
0x21be1,Standard
0x21bea,Good
0x21beb,Standard
0x21bec,Good
0x21bed,Good
0x21bf6,Poor
0x21bf7,Poor
0x21bf8,Poor
0x21bf9,Poor
0x21c02,Standard
0x21c03,Standard
0x21c04,Standard
0x21c05,Standard
0x21c0e,Standard
0x21c0f,Standard
0x21c10,Standard
0x21c11,Standard
0x21c1a,Poor
0x21c1b,Poor
0x21c1c,Poor
0x21c1d,Poor
0x21c26,Good
0x21c27,Good
0x21c28,Good
0x21c29,Good
0x21c32,Good
0x21c33,Standard
0x21c34,Good
0x21c35,Good
0x21c3e,Standard
0x21c3f,Standard
0x21c40,Standard
0x21c41,Standard
0x21c4a,Good
0x21c4b,Good
0x21c4c,Good
0x21c4d,Good
0x21c56,Poor
0x21c57,Poor
0x21c58,Poor
0x21c59,Poor
0x21c62,Standard
0x21c63,Good
0x21c64,Good
0x21c65,Good
0x21c6e,Good
0x21c6f,Good
0x21c70,Good
0x21c71,Standard
0x21c7a,Good
0x21c7b,Good
0x21c7c,Good
0x21c7d,Good
0x21c86,Poor
0x21c87,Poor
0x21c88,Poor
0x21c89,Poor
0x21c92,Good
0x21c93,Good
0x21c94,Good
0x21c95,Good
0x21c9e,Good
0x21c9f,Good
0x21ca0,Good
0x21ca1,Good
0x21caa,Poor
0x21cab,Poor
0x21cac,Poor
0x21cad,Poor
0x21cb6,Poor
0x21cb7,Poor
0x21cb8,Poor
0x21cb9,Poor
0x21cc2,Good
0x21cc3,Good
0x21cc4,Good
0x21cc5,Good
0x21cce,Poor
0x21ccf,Poor
0x21cd0,Poor
0x21cd1,Poor
0x21cda,Poor
0x21cdb,Poor
0x21cdc,Poor
0x21cdd,Poor
0x21ce6,Good
0x21ce7,Good
0x21ce8,Good
0x21ce9,Good
0x21cf2,Poor
0x21cf3,Poor
0x21cf4,Poor
0x21cf5,Poor
0x21cfe,Poor
0x21cff,Poor
0x21d00,Poor
0x21d01,Poor
0x21d0a,Good
0x21d0b,Good
0x21d0c,Good
0x21d0d,Good
0x21d16,Poor
0x21d17,Poor
0x21d18,Poor
0x21d19,Poor
0x21d22,Good
0x21d23,Good
0x21d24,Good
0x21d25,Good
0x21d2e,Good
0x21d2f,Good
0x21d30,Good
0x21d31,Good
0x21d3a,Poor
0x21d3b,Poor
0x21d3c,Poor
0x21d3d,Poor
0x21d46,Standard
0x21d47,Standard
0x21d48,Standard
0x21d49,Standard
0x21d52,Good
0x21d53,Good
0x21d54,Good
0x21d55,Good
0x21d5e,Standard
0x21d5f,Standard
0x21d60,Standard
0x21d61,Standard
0x21d6a,Poor
0x21d6b,Standard
0x21d6c,Poor
0x21d6d,Standard
0x21d76,Good
0x21d77,Good
0x21d78,Good
0x21d79,Good
0x21d82,Poor
0x21d83,Poor
0x21d84,Poor
0x21d85,Poor
0x21d8e,Good
0x21d8f,Good
0x21d90,Good
0x21d91,Good
0x21d9a,Standard
0x21d9b,Standard
0x21d9c,Standard
0x21d9d,Standard
0x21da6,Good
0x21da7,Standard
0x21da8,Good
0x21da9,Good
0x21db2,Standard
0x21db3,Standard
0x21db4,Standard
0x21db5,Standard
0x21dbe,Good
0x21dbf,Good
0x21dc0,Good
0x21dc1,Good
0x21dca,Good
0x21dcb,Good
0x21dcc,Good
0x21dcd,Good
0x21dd6,Standard
0x21dd7,Standard
0x21dd8,Standard
0x21dd9,Standard
0x21de2,Good
0x21de3,Good
0x21de4,Good
0x21de5,Good
0x21dee,Poor
0x21def,Standard
0x21df0,Standard
0x21df1,Standard
0x21dfa,Poor
0x21dfb,Poor
0x21dfc,Poor
0x21dfd,Poor
0x21e06,Standard
0x21e07,Poor
0x21e08,Poor
0x21e09,Poor
0x21e12,Standard
0x21e13,Standard
0x21e14,Standard
0x21e15,Standard
0x21e1e,Standard
0x21e1f,Standard
0x21e20,Standard
0x21e21,Standard
0x21e2a,Good
0x21e2b,Good
0x21e2c,Good
0x21e2d,Good
0x21e36,Poor
0x21e37,Poor
0x21e38,Poor
0x21e39,Poor
0x21e42,Poor
0x21e43,Poor
0x21e44,Poor
0x21e45,Poor
0x21e4e,Standard
0x21e4f,Standard
0x21e50,Standard
0x21e51,Standard
0x21e5a,Poor
0x21e5b,Poor
0x21e5c,Poor
0x21e5d,Poor
0x21e66,Poor
0x21e67,Poor
0x21e68,Poor
0x21e69,Poor
0x21e72,Good
0x21e73,Good
0x21e74,Good
0x21e75,Standard
0x21e7e,Good
0x21e7f,Good
0x21e80,Good
0x21e81,Good
0x21e8a,Poor
0x21e8b,Poor
0x21e8c,Poor
0x21e8d,Poor
0x21e96,Standard
0x21e97,Poor
0x21e98,Poor
0x21e99,Poor
0x21ea2,Good
0x21ea3,Good
0x21ea4,Good
0x21ea5,Good
0x21eae,Poor
0x21eaf,Poor
0x21eb0,Poor
0x21eb1,Poor
0x21eba,Poor
0x21ebb,Poor
0x21ebc,Poor
0x21ebd,Poor
0x21ec6,Poor
0x21ec7,Standard
0x21ec8,Poor
0x21ec9,Poor
0x21ed2,Standard
0x21ed3,Standard
0x21ed4,Standard
0x21ed5,Standard
0x21ede,Poor
0x21edf,Standard
0x21ee0,Poor
0x21ee1,Standard
0x21eea,Good
0x21eeb,Good
0x21eec,Good
0x21eed,Good
0x21ef6,Standard
0x21ef7,Standard
0x21ef8,Standard
0x21ef9,Standard
0x21f02,Good
0x21f03,Good
0x21f04,Good
0x21f05,Good
0x21f0e,Poor
0x21f0f,Poor
0x21f10,Poor
0x21f11,Poor
0x21f1a,Good
0x21f1b,Good
0x21f1c,Standard
0x21f1d,Good
0x21f26,Good
0x21f27,Good
0x21f28,Good
0x21f29,Good
0x21f32,Standard
0x21f33,Poor
0x21f34,Standard
0x21f35,Standard
0x21f3e,Poor
0x21f3f,Poor
0x21f40,Poor
0x21f41,Poor
0x21f4a,Good
0x21f4b,Good
0x21f4c,Good
0x21f4d,Good
0x21f56,Standard
0x21f57,Standard
0x21f58,Standard
0x21f59,Standard
0x21f62,Standard
0x21f63,Standard
0x21f64,Standard
0x21f65,Standard
0x21f6e,Standard
0x21f6f,Standard
0x21f70,Standard
0x21f71,Standard
0x21f7a,Good
0x21f7b,Good
0x21f7c,Good
0x21f7d,Good
0x21f86,Poor
0x21f87,Poor
0x21f88,Poor
0x21f89,Poor
0x21f92,Poor
0x21f93,Poor
0x21f94,Poor
0x21f95,Poor
0x21f9e,Good
0x21f9f,Good
0x21fa0,Good
0x21fa1,Good
0x21faa,Good
0x21fab,Good
0x21fac,Good
0x21fad,Good
0x21fb6,Poor
0x21fb7,Poor
0x21fb8,Poor
0x21fb9,Poor
0x21fc2,Good
0x21fc3,Good
0x21fc4,Good
0x21fc5,Good
0x21fce,Poor
0x21fcf,Poor
0x21fd0,Poor
0x21fd1,Poor
0x21fda,Good
0x21fdb,Good
0x21fdc,Good
0x21fdd,Good
0x21fe6,Good
0x21fe7,Good
0x21fe8,Good
0x21fe9,Good
0x21ff2,Good
0x21ff3,Good
0x21ff4,Good
0x21ff5,Good
0x21ffe,Poor
0x21fff,Poor
0x22000,Poor
0x22001,Poor
0x2200a,Standard
0x2200b,Standard
0x2200c,Standard
0x2200d,Standard
0x22016,Standard
0x22017,Standard
0x22018,Standard
0x22019,Standard
0x22022,Poor
0x22023,Standard
0x22024,Standard
0x22025,Standard
0x2202e,Good
0x2202f,Good
0x22030,Good
0x22031,Good
0x2203a,Good
0x2203b,Standard
0x2203c,Good
0x2203d,Good
0x22046,Standard
0x22047,Standard
0x22048,Standard
0x22049,Standard
0x22052,Poor
0x22053,Poor
0x22054,Poor
0x22055,Poor
0x2205e,Good
0x2205f,Good
0x22060,Good
0x22061,Good
0x2206a,Standard
0x2206b,Standard
0x2206c,Standard
0x2206d,Standard
0x22076,Good
0x22077,Good
0x22078,Good
0x22079,Good
0x22082,Good
0x22083,Good
0x22084,Good
0x22085,Good
0x2208e,Poor
0x2208f,Poor
0x22090,Standard
0x22091,Poor
0x2209a,Good
0x2209b,Good
0x2209c,Good
0x2209d,Good
0x220a6,Good
0x220a7,Good
0x220a8,Good
0x220a9,Good
0x220b2,Good
0x220b3,Good
0x220b4,Good
0x220b5,Good
0x220be,Good
0x220bf,Good
0x220c0,Good
0x220c1,Good
0x220ca,Good
0x220cb,Good
0x220cc,Good
0x220cd,Good
0x220d6,Standard
0x220d7,Standard
0x220d8,Standard
0x220d9,Standard
0x220e2,Good
0x220e3,Good
0x220e4,Good
0x220e5,Good
0x220ee,Good
0x220ef,Good
0x220f0,Good
0x220f1,Good
0x220fa,Poor
0x220fb,Poor
0x220fc,Poor
0x220fd,Poor
0x22106,Poor
0x22107,Poor
0x22108,Poor
0x22109,Poor
0x22112,Poor
0x22113,Poor
0x22114,Poor
0x22115,Poor
0x2211e,Good
0x2211f,Good
0x22120,Good
0x22121,Good
0x2212a,Poor
0x2212b,Poor
0x2212c,Poor
0x2212d,Poor
0x22136,Good
0x22137,Good
0x22138,Good
0x22139,Good
0x22142,Poor
0x22143,Poor
0x22144,Poor
0x22145,Poor
0x2214e,Good
0x2214f,Good
0x22150,Good
0x22151,Good
0x2215a,Good
0x2215b,Good
0x2215c,Good
0x2215d,Good
0x22166,Good
0x22167,Good
0x22168,Good
0x22169,Good
0x22172,Standard
0x22173,Poor
0x22174,Standard
0x22175,Poor
0x2217e,Poor
0x2217f,Poor
0x22180,Poor
0x22181,Poor
0x2218a,Good
0x2218b,Good
0x2218c,Good
0x2218d,Good
0x22196,Standard
0x22197,Good
0x22198,Standard
0x22199,Good
0x221a2,Standard
0x221a3,Standard
0x221a4,Standard
0x221a5,Standard
0x221ae,Poor
0x221af,Poor
0x221b0,Poor
0x221b1,Poor
0x221ba,Good
0x221bb,Good
0x221bc,Good
0x221bd,Good
0x221c6,Standard
0x221c7,Standard
0x221c8,Standard
0x221c9,Standard
0x221d2,Good
0x221d3,Good
0x221d4,Good
0x221d5,Good
0x221de,Good
0x221df,Good
0x221e0,Good
0x221e1,Good
0x221ea,Good
0x221eb,Good
0x221ec,Good
0x221ed,Good
0x221f6,Poor
0x221f7,Poor
0x221f8,Poor
0x221f9,Poor
0x22202,Good
0x22203,Good
0x22204,Good
0x22205,Good
0x2220e,Good
0x2220f,Good
0x22210,Good
0x22211,Good
0x2221a,Good
0x2221b,Good
0x2221c,Good
0x2221d,Good
0x22226,Standard
0x22227,Standard
0x22228,Standard
0x22229,Standard
0x22232,Good
0x22233,Good
0x22234,Good
0x22235,Good
0x2223e,Standard
0x2223f,Poor
0x22240,Poor
0x22241,Poor
0x2224a,Poor
0x2224b,Poor
0x2224c,Poor
0x2224d,Poor
0x22256,Standard
0x22257,Standard
0x22258,Poor
0x22259,Standard
0x22262,Standard
0x22263,Standard
0x22264,Standard
0x22265,Standard
0x2226e,Standard
0x2226f,Standard
0x22270,Standard
0x22271,Standard
0x2227a,Poor
0x2227b,Poor
0x2227c,Poor
0x2227d,Poor
0x22286,Standard
0x22287,Poor
0x22288,Standard
0x22289,Standard
0x22292,Poor
0x22293,Poor
0x22294,Poor
0x22295,Standard
0x2229e,Poor
0x2229f,Poor
0x222a0,Poor
0x222a1,Poor
0x222aa,Poor
0x222ab,Poor
0x222ac,Poor
0x222ad,Poor
0x222b6,Standard
0x222b7,Poor
0x222b8,Standard
0x222b9,Poor
0x222c2,Poor
0x222c3,Poor
0x222c4,Poor
0x222c5,Poor
0x222ce,Poor
0x222cf,Poor
0x222d0,Poor
0x222d1,Poor
0x222da,Good
0x222db,Good
0x222dc,Good
0x222dd,Good
0x222e6,Poor
0x222e7,Poor
0x222e8,Poor
0x222e9,Poor
0x222f2,Good
0x222f3,Good
0x222f4,Good
0x222f5,Good
0x222fe,Good
0x222ff,Good
0x22300,Good
0x22301,Good
0x2230a,Poor
0x2230b,Poor
0x2230c,Poor
0x2230d,Poor
0x22316,Good
0x22317,Good
0x22318,Good
0x22319,Good
0x22322,Good
0x22323,Good
0x22324,Good
0x22325,Good
0x2232e,Good
0x2232f,Good
0x22330,Good
0x22331,Good
0x2233a,Good
0x2233b,Good
0x2233c,Good
0x2233d,Good
0x22346,Good
0x22347,Good
0x22348,Good
0x22349,Good
0x22352,Poor
0x22353,Poor
0x22354,Poor
0x22355,Poor
0x2235e,Poor
0x2235f,Poor
0x22360,Poor
0x22361,Poor
0x2236a,Good
0x2236b,Good
0x2236c,Good
0x2236d,Good
0x22376,Poor
0x22377,Poor
0x22378,Poor
0x22379,Poor
0x22382,Poor
0x22383,Poor
0x22384,Poor
0x22385,Poor
0x2238e,Good
0x2238f,Good
0x22390,Good
0x22391,Good
0x2239a,Poor
0x2239b,Poor
0x2239c,Standard
0x2239d,Standard
0x223a6,Good
0x223a7,Good
0x223a8,Good
0x223a9,Good
0x223b2,Good
0x223b3,Good
0x223b4,Good
0x223b5,Good
0x223be,Good
0x223bf,Good
0x223c0,Good
0x223c1,Good
0x223ca,Good
0x223cb,Good
0x223cc,Good
0x223cd,Good
0x223d6,Standard
0x223d7,Standard
0x223d8,Standard
0x223d9,Standard
0x223e2,Standard
0x223e3,Standard
0x223e4,Standard
0x223e5,Standard
0x223ee,Standard
0x223ef,Standard
0x223f0,Standard
0x223f1,Standard
0x223fa,Poor
0x223fb,Poor
0x223fc,Poor
0x223fd,Poor
0x22406,Poor
0x22407,Poor
0x22408,Poor
0x22409,Poor
0x22412,Poor
0x22413,Poor
0x22414,Poor
0x22415,Poor
0x2241e,Poor
0x2241f,Poor
0x22420,Poor
0x22421,Poor
0x2242a,Standard
0x2242b,Standard
0x2242c,Standard
0x2242d,Standard
0x22436,Good
0x22437,Good
0x22438,Good
0x22439,Standard
0x22442,Poor
0x22443,Poor
0x22444,Poor
0x22445,Poor
0x2244e,Poor
0x2244f,Poor
0x22450,Poor
0x22451,Poor
0x2245a,Standard
0x2245b,Good
0x2245c,Standard
0x2245d,Standard
0x22466,Good
0x22467,Good
0x22468,Good
0x22469,Good
0x22472,Poor
0x22473,Poor
0x22474,Poor
0x22475,Standard
0x2247e,Good
0x2247f,Good
0x22480,Good
0x22481,Good
0x2248a,Poor
0x2248b,Poor
0x2248c,Poor
0x2248d,Poor
0x22496,Poor
0x22497,Poor
0x22498,Poor
0x22499,Poor
0x224a2,Standard
0x224a3,Standard
0x224a4,Standard
0x224a5,Standard
0x224ae,Good
0x224af,Good
0x224b0,Good
0x224b1,Good
0x224ba,Standard
0x224bb,Standard
0x224bc,Good
0x224bd,Standard
0x224c6,Good
0x224c7,Good
0x224c8,Standard
0x224c9,Good
0x224d2,Poor
0x224d3,Poor
0x224d4,Poor
0x224d5,Poor
0x224de,Standard
0x224df,Standard
0x224e0,Standard
0x224e1,Good
0x224ea,Good
0x224eb,Good
0x224ec,Good
0x224ed,Good
0x224f6,Poor
0x224f7,Poor
0x224f8,Poor
0x224f9,Poor
0x22502,Good
0x22503,Good
0x22504,Good
0x22505,Good
0x2250e,Poor
0x2250f,Poor
0x22510,Poor
0x22511,Poor
0x2251a,Poor
0x2251b,Poor
0x2251c,Poor
0x2251d,Poor
0x22526,Good
0x22527,Good
0x22528,Good
0x22529,Standard
0x22532,Good
0x22533,Good
0x22534,Good
0x22535,Good
0x2253e,Good
0x2253f,Good
0x22540,Good
0x22541,Good
0x2254a,Standard
0x2254b,Standard
0x2254c,Standard
0x2254d,Standard
0x22556,Standard
0x22557,Standard
0x22558,Standard
0x22559,Standard
0x22562,Standard
0x22563,Standard
0x22564,Standard
0x22565,Standard
0x2256e,Poor
0x2256f,Poor
0x22570,Poor
0x22571,Poor
0x2257a,Good
0x2257b,Good
0x2257c,Good
0x2257d,Good
0x22586,Good
0x22587,Good
0x22588,Good
0x22589,Good
0x22592,Poor
0x22593,Poor
0x22594,Poor
0x22595,Poor
0x2259e,Good
0x2259f,Good
0x225a0,Good
0x225a1,Good
0x225aa,Good
0x225ab,Good
0x225ac,Good
0x225ad,Good
0x225b6,Standard
0x225b7,Poor
0x225b8,Poor
0x225b9,Poor
0x225c2,Poor
0x225c3,Poor
0x225c4,Poor
0x225c5,Poor
0x225ce,Poor
0x225cf,Poor
0x225d0,Poor
0x225d1,Poor
0x225da,Poor
0x225db,Poor
0x225dc,Poor
0x225dd,Poor
0x225e6,Standard
0x225e7,Standard
0x225e8,Standard
0x225e9,Standard
0x225f2,Poor
0x225f3,Poor
0x225f4,Poor
0x225f5,Poor
0x225fe,Good
0x225ff,Good
0x22600,Good
0x22601,Good
0x2260a,Poor
0x2260b,Poor
0x2260c,Poor
0x2260d,Poor
0x22616,Good
0x22617,Good
0x22618,Good
0x22619,Good
0x22622,Poor
0x22623,Poor
0x22624,Poor
0x22625,Poor
0x2262e,Good
0x2262f,Good
0x22630,Good
0x22631,Good
0x2263a,Poor
0x2263b,Poor
0x2263c,Poor
0x2263d,Poor
0x22646,Good
0x22647,Good
0x22648,Good
0x22649,Good
0x22652,Poor
0x22653,Poor
0x22654,Poor
0x22655,Poor
0x2265e,Good
0x2265f,Good
0x22660,Good
0x22661,Good
0x2266a,Good
0x2266b,Good
0x2266c,Good
0x2266d,Good
0x22676,Standard
0x22677,Standard
0x22678,Standard
0x22679,Standard
0x22682,Good
0x22683,Good
0x22684,Good
0x22685,Good
0x2268e,Standard
0x2268f,Standard
0x22690,Standard
0x22691,Standard
0x2269a,Standard
0x2269b,Poor
0x2269c,Standard
0x2269d,Standard
0x226a6,Good
0x226a7,Good
0x226a8,Good
0x226a9,Good
0x226b2,Good
0x226b3,Good
0x226b4,Good
0x226b5,Good
0x226be,Poor
0x226bf,Poor
0x226c0,Poor
0x226c1,Poor
0x226ca,Good
0x226cb,Good
0x226cc,Good
0x226cd,Good
0x226d6,Good
0x226d7,Good
0x226d8,Good
0x226d9,Good
0x226e2,Standard
0x226e3,Good
0x226e4,Good
0x226e5,Good
0x226ee,Good
0x226ef,Good
0x226f0,Good
0x226f1,Good
0x226fa,Poor
0x226fb,Poor
0x226fc,Poor
0x226fd,Poor
0x22706,Poor
0x22707,Poor
0x22708,Poor
0x22709,Poor
0x22712,Good
0x22713,Good
0x22714,Good
0x22715,Good
0x2271e,Standard
0x2271f,Standard
0x22720,Standard
0x22721,Standard
0x2272a,Standard
0x2272b,Standard
0x2272c,Poor
0x2272d,Poor
0x22736,Good
0x22737,Good
0x22738,Good
0x22739,Good
0x22742,Standard
0x22743,Poor
0x22744,Poor
0x22745,Poor
0x2274e,Standard
0x2274f,Poor
0x22750,Standard
0x22751,Standard
0x2275a,Poor
0x2275b,Poor
0x2275c,Poor
0x2275d,Poor
0x22766,Poor
0x22767,Poor
0x22768,Poor
0x22769,Poor
0x22772,Good
0x22773,Good
0x22774,Good
0x22775,Good
0x2277e,Standard
0x2277f,Good
0x22780,Good
0x22781,Good
0x2278a,Poor
0x2278b,Poor
0x2278c,Poor
0x2278d,Poor
0x22796,Poor
0x22797,Poor
0x22798,Poor
0x22799,Poor
0x227a2,Good
0x227a3,Good
0x227a4,Good
0x227a5,Good
0x227ae,Poor
0x227af,Poor
0x227b0,Poor
0x227b1,Poor
0x227ba,Good
0x227bb,Good
0x227bc,Good
0x227bd,Good
0x227c6,Poor
0x227c7,Poor
0x227c8,Poor
0x227c9,Poor
0x227d2,Standard
0x227d3,Standard
0x227d4,Standard
0x227d5,Standard
0x227de,Good
0x227df,Good
0x227e0,Standard
0x227e1,Good
0x227ea,Standard
0x227eb,Poor
0x227ec,Standard
0x227ed,Standard
0x227f6,Good
0x227f7,Good
0x227f8,Good
0x227f9,Standard
0x22802,Good
0x22803,Good
0x22804,Good
0x22805,Good
0x2280e,Good
0x2280f,Good
0x22810,Standard
0x22811,Good
0x2281a,Standard
0x2281b,Standard
0x2281c,Standard
0x2281d,Standard
0x22826,Poor
0x22827,Poor
0x22828,Poor
0x22829,Poor
0x22832,Good
0x22833,Good
0x22834,Good
0x22835,Good
0x2283e,Standard
0x2283f,Poor
0x22840,Poor
0x22841,Poor
0x2284a,Standard
0x2284b,Standard
0x2284c,Standard
0x2284d,Standard
0x22856,Standard
0x22857,Standard
0x22858,Good
0x22859,Standard
0x22862,Poor
0x22863,Poor
0x22864,Poor
0x22865,Poor
0x2286e,Poor
0x2286f,Poor
0x22870,Poor
0x22871,Poor
0x2287a,Good
0x2287b,Good
0x2287c,Good
0x2287d,Good
0x22886,Poor
0x22887,Poor
0x22888,Poor
0x22889,Poor
0x22892,Standard
0x22893,Standard
0x22894,Standard
0x22895,Standard
0x2289e,Poor
0x2289f,Standard
0x228a0,Standard
0x228a1,Standard
0x228aa,Standard
0x228ab,Good
0x228ac,Good
0x228ad,Good
0x228b6,Poor
0x228b7,Poor
0x228b8,Poor
0x228b9,Poor
0x228c2,Standard
0x228c3,Standard
0x228c4,Standard
0x228c5,Standard
0x228ce,Poor
0x228cf,Poor
0x228d0,Poor
0x228d1,Poor
0x228da,Poor
0x228db,Poor
0x228dc,Poor
0x228dd,Poor
0x228e6,Standard
0x228e7,Standard
0x228e8,Standard
0x228e9,Standard
0x228f2,Standard
0x228f3,Poor
0x228f4,Poor
0x228f5,Standard
0x228fe,Standard
0x228ff,Good
0x22900,Good
0x22901,Good
0x2290a,Good
0x2290b,Good
0x2290c,Good
0x2290d,Good
0x22916,Poor
0x22917,Poor
0x22918,Poor
0x22919,Poor
0x22922,Standard
0x22923,Standard
0x22924,Standard
0x22925,Standard
0x2292e,Poor
0x2292f,Standard
0x22930,Poor
0x22931,Standard
0x2293a,Standard
0x2293b,Standard
0x2293c,Standard
0x2293d,Standard
0x22946,Standard
0x22947,Standard
0x22948,Standard
0x22949,Standard
0x22952,Good
0x22953,Good
0x22954,Good
0x22955,Good
0x2295e,Good
0x2295f,Good
0x22960,Good
0x22961,Good
0x2296a,Good
0x2296b,Good
0x2296c,Good
0x2296d,Good
0x22976,Good
0x22977,Good
0x22978,Good
0x22979,Good
0x22982,Good
0x22983,Good
0x22984,Good
0x22985,Good
0x2298e,Standard
0x2298f,Standard
0x22990,Standard
0x22991,Standard
0x2299a,Standard
0x2299b,Good
0x2299c,Good
0x2299d,Good
0x229a6,Standard
0x229a7,Standard
0x229a8,Poor
0x229a9,Standard
0x229b2,Good
0x229b3,Good
0x229b4,Good
0x229b5,Good
0x229be,Good
0x229bf,Standard
0x229c0,Good
0x229c1,Good
0x229ca,Good
0x229cb,Good
0x229cc,Good
0x229cd,Good
0x229d6,Good
0x229d7,Good
0x229d8,Good
0x229d9,Good
0x229e2,Poor
0x229e3,Poor
0x229e4,Poor
0x229e5,Poor
0x229ee,Standard
0x229ef,Standard
0x229f0,Standard
0x229f1,Standard
0x229fa,Good
0x229fb,Good
0x229fc,Good
0x229fd,Good
0x22a06,Good
0x22a07,Good
0x22a08,Good
0x22a09,Good
0x22a12,Good
0x22a13,Good
0x22a14,Good
0x22a15,Good
0x22a1e,Poor
0x22a1f,Poor
0x22a20,Poor
0x22a21,Poor
0x22a2a,Good
0x22a2b,Good
0x22a2c,Good
0x22a2d,Good
0x22a36,Good
0x22a37,Good
0x22a38,Good
0x22a39,Good
0x22a42,Good
0x22a43,Good
0x22a44,Good
0x22a45,Good
0x22a4e,Poor
0x22a4f,Poor
0x22a50,Poor
0x22a51,Poor
0x22a5a,Poor
0x22a5b,Poor
0x22a5c,Poor
0x22a5d,Poor
0x22a66,Good
0x22a67,Good
0x22a68,Standard
0x22a69,Good
0x22a72,Good
0x22a73,Good
0x22a74,Good
0x22a75,Good
0x22a7e,Good
0x22a7f,Good
0x22a80,Good
0x22a81,Good
0x22a8a,Poor
0x22a8b,Poor
0x22a8c,Poor
0x22a8d,Poor
0x22a96,Standard
0x22a97,Poor
0x22a98,Poor
0x22a99,Poor
0x22aa2,Poor
0x22aa3,Poor
0x22aa4,Poor
0x22aa5,Poor
0x22aae,Poor
0x22aaf,Poor
0x22ab0,Poor
0x22ab1,Poor
0x22aba,Good
0x22abb,Good
0x22abc,Good
0x22abd,Good
0x22ac6,Standard
0x22ac7,Standard
0x22ac8,Standard
0x22ac9,Standard
0x22ad2,Standard
0x22ad3,Standard
0x22ad4,Standard
0x22ad5,Standard
0x22ade,Good
0x22adf,Good
0x22ae0,Good
0x22ae1,Standard
0x22aea,Poor
0x22aeb,Poor
0x22aec,Poor
0x22aed,Poor
0x22af6,Poor
0x22af7,Poor
0x22af8,Poor
0x22af9,Poor
0x22b02,Standard
0x22b03,Standard
0x22b04,Standard
0x22b05,Standard
0x22b0e,Poor
0x22b0f,Poor
0x22b10,Poor
0x22b11,Poor
0x22b1a,Poor
0x22b1b,Poor
0x22b1c,Poor
0x22b1d,Poor
0x22b26,Poor
0x22b27,Poor
0x22b28,Poor
0x22b29,Poor
0x22b32,Good
0x22b33,Good
0x22b34,Good
0x22b35,Good
0x22b3e,Poor
0x22b3f,Poor
0x22b40,Poor
0x22b41,Standard
0x22b4a,Standard
0x22b4b,Standard
0x22b4c,Standard
0x22b4d,Standard
0x22b56,Good
0x22b57,Good
0x22b58,Good
0x22b59,Good
0x22b62,Good
0x22b63,Good
0x22b64,Good
0x22b65,Good
0x22b6e,Standard
0x22b6f,Poor
0x22b70,Standard
0x22b71,Poor
0x22b7a,Good
0x22b7b,Good
0x22b7c,Good
0x22b7d,Good
0x22b86,Standard
0x22b87,Standard
0x22b88,Poor
0x22b89,Standard
0x22b92,Poor
0x22b93,Poor
0x22b94,Poor
0x22b95,Poor
0x22b9e,Good
0x22b9f,Standard
0x22ba0,Good
0x22ba1,Standard
0x22baa,Good
0x22bab,Good
0x22bac,Good
0x22bad,Good
0x22bb6,Poor
0x22bb7,Poor
0x22bb8,Poor
0x22bb9,Poor
0x22bc2,Standard
0x22bc3,Standard
0x22bc4,Standard
0x22bc5,Standard
0x22bce,Poor
0x22bcf,Standard
0x22bd0,Standard
0x22bd1,Standard
0x22bda,Good
0x22bdb,Good
0x22bdc,Good
0x22bdd,Good
0x22be6,Good
0x22be7,Good
0x22be8,Good
0x22be9,Good
0x22bf2,Good
0x22bf3,Good
0x22bf4,Good
0x22bf5,Good
0x22bfe,Poor
0x22bff,Poor
0x22c00,Poor
0x22c01,Poor
0x22c0a,Poor
0x22c0b,Standard
0x22c0c,Poor
0x22c0d,Standard
0x22c16,Standard
0x22c17,Standard
0x22c18,Standard
0x22c19,Standard
0x22c22,Standard
0x22c23,Standard
0x22c24,Standard
0x22c25,Standard
0x22c2e,Good
0x22c2f,Good
0x22c30,Good
0x22c31,Good
0x22c3a,Good
0x22c3b,Good
0x22c3c,Good
0x22c3d,Good
0x22c46,Poor
0x22c47,Poor
0x22c48,Poor
0x22c49,Poor
0x22c52,Good
0x22c53,Good
0x22c54,Good
0x22c55,Good
0x22c5e,Good
0x22c5f,Good
0x22c60,Standard
0x22c61,Good
0x22c6a,Poor
0x22c6b,Poor
0x22c6c,Standard
0x22c6d,Poor
0x22c76,Good
0x22c77,Good
0x22c78,Good
0x22c79,Good
0x22c82,Standard
0x22c83,Standard
0x22c84,Standard
0x22c85,Standard
0x22c8e,Good
0x22c8f,Good
0x22c90,Good
0x22c91,Good
0x22c9a,Good
0x22c9b,Good
0x22c9c,Good
0x22c9d,Good
0x22ca6,Poor
0x22ca7,Poor
0x22ca8,Poor
0x22ca9,Poor
0x22cb2,Poor
0x22cb3,Poor
0x22cb4,Poor
0x22cb5,Poor
0x22cbe,Good
0x22cbf,Good
0x22cc0,Good
0x22cc1,Good
0x22cca,Good
0x22ccb,Good
0x22ccc,Good
0x22ccd,Good
0x22cd6,Standard
0x22cd7,Standard
0x22cd8,Poor
0x22cd9,Standard
0x22ce2,Good
0x22ce3,Good
0x22ce4,Good
0x22ce5,Good
0x22cee,Poor
0x22cef,Poor
0x22cf0,Poor
0x22cf1,Poor
0x22cfa,Good
0x22cfb,Good
0x22cfc,Standard
0x22cfd,Good
0x22d06,Good
0x22d07,Good
0x22d08,Good
0x22d09,Good
0x22d12,Standard
0x22d13,Standard
0x22d14,Standard
0x22d15,Standard
0x22d1e,Poor
0x22d1f,Poor
0x22d20,Poor
0x22d21,Poor
0x22d2a,Standard
0x22d2b,Standard
0x22d2c,Standard
0x22d2d,Standard
0x22d36,Good
0x22d37,Good
0x22d38,Good
0x22d39,Good
0x22d42,Standard
0x22d43,Standard
0x22d44,Standard
0x22d45,Standard
0x22d4e,Good
0x22d4f,Good
0x22d50,Good
0x22d51,Good
0x22d5a,Poor
0x22d5b,Poor
0x22d5c,Poor
0x22d5d,Poor
0x22d66,Poor
0x22d67,Poor
0x22d68,Poor
0x22d69,Poor
0x22d72,Poor
0x22d73,Poor
0x22d74,Poor
0x22d75,Poor
0x22d7e,Good
0x22d7f,Good
0x22d80,Good
0x22d81,Good
0x22d8a,Standard
0x22d8b,Standard
0x22d8c,Standard
0x22d8d,Standard
0x22d96,Poor
0x22d97,Poor
0x22d98,Poor
0x22d99,Poor
0x22da2,Good
0x22da3,Good
0x22da4,Good
0x22da5,Good
0x22dae,Good
0x22daf,Good
0x22db0,Good
0x22db1,Good
0x22dba,Good
0x22dbb,Good
0x22dbc,Good
0x22dbd,Good
0x22dc6,Poor
0x22dc7,Poor
0x22dc8,Standard
0x22dc9,Poor
0x22dd2,Standard
0x22dd3,Poor
0x22dd4,Poor
0x22dd5,Standard
0x22dde,Good
0x22ddf,Good
0x22de0,Good
0x22de1,Good
0x22dea,Standard
0x22deb,Standard
0x22dec,Standard
0x22ded,Standard
0x22df6,Good
0x22df7,Good
0x22df8,Good
0x22df9,Good
0x22e02,Poor
0x22e03,Poor
0x22e04,Poor
0x22e05,Poor
0x22e0e,Poor
0x22e0f,Poor
0x22e10,Poor
0x22e11,Poor
0x22e1a,Good
0x22e1b,Good
0x22e1c,Good
0x22e1d,Good
0x22e26,Poor
0x22e27,Poor
0x22e28,Poor
0x22e29,Poor
0x22e32,Standard
0x22e33,Poor
0x22e34,Poor
0x22e35,Poor
0x22e3e,Standard
0x22e3f,Good
0x22e40,Good
0x22e41,Good
0x22e4a,Good
0x22e4b,Good
0x22e4c,Good
0x22e4d,Good
0x22e56,Standard
0x22e57,Standard
0x22e58,Standard
0x22e59,Standard
0x22e62,Poor
0x22e63,Poor
0x22e64,Poor
0x22e65,Poor
0x22e6e,Good
0x22e6f,Good
0x22e70,Good
0x22e71,Good
0x22e7a,Good
0x22e7b,Good
0x22e7c,Good
0x22e7d,Good
0x22e86,Standard
0x22e87,Standard
0x22e88,Poor
0x22e89,Standard
0x22e92,Standard
0x22e93,Standard
0x22e94,Standard
0x22e95,Standard
0x22e9e,Good
0x22e9f,Good
0x22ea0,Good
0x22ea1,Good
0x22eaa,Poor
0x22eab,Poor
0x22eac,Poor
0x22ead,Poor
0x22eb6,Poor
0x22eb7,Poor
0x22eb8,Poor
0x22eb9,Poor
0x22ec2,Good
0x22ec3,Good
0x22ec4,Good
0x22ec5,Good
0x22ece,Poor
0x22ecf,Standard
0x22ed0,Standard
0x22ed1,Standard
0x22eda,Poor
0x22edb,Poor
0x22edc,Poor
0x22edd,Poor
0x22ee6,Poor
0x22ee7,Poor
0x22ee8,Poor
0x22ee9,Poor
0x22ef2,Poor
0x22ef3,Standard
0x22ef4,Poor
0x22ef5,Standard
0x22efe,Poor
0x22eff,Poor
0x22f00,Poor
0x22f01,Poor
0x22f0a,Standard
0x22f0b,Standard
0x22f0c,Standard
0x22f0d,Standard
0x22f16,Standard
0x22f17,Standard
0x22f18,Standard
0x22f19,Standard
0x22f22,Good
0x22f23,Good
0x22f24,Good
0x22f25,Good
0x22f2e,Good
0x22f2f,Good
0x22f30,Good
0x22f31,Good
0x22f3a,Good
0x22f3b,Good
0x22f3c,Good
0x22f3d,Good
0x22f46,Poor
0x22f47,Standard
0x22f48,Standard
0x22f49,Standard
0x22f52,Good
0x22f53,Good
0x22f54,Good
0x22f55,Good
0x22f5e,Good
0x22f5f,Good
0x22f60,Good
0x22f61,Good
0x22f6a,Good
0x22f6b,Good
0x22f6c,Good
0x22f6d,Good
0x22f76,Good
0x22f77,Good
0x22f78,Good
0x22f79,Good
0x22f82,Good
0x22f83,Good
0x22f84,Good
0x22f85,Good
0x22f8e,Standard
0x22f8f,Standard
0x22f90,Standard
0x22f91,Standard
0x22f9a,Good
0x22f9b,Good
0x22f9c,Good
0x22f9d,Good
0x22fa6,Good
0x22fa7,Good
0x22fa8,Good
0x22fa9,Good
0x22fb2,Poor
0x22fb3,Poor
0x22fb4,Poor
0x22fb5,Poor
0x22fbe,Good
0x22fbf,Standard
0x22fc0,Good
0x22fc1,Good
0x22fca,Good
0x22fcb,Good
0x22fcc,Good
0x22fcd,Good
0x22fd6,Standard
0x22fd7,Poor
0x22fd8,Standard
0x22fd9,Standard
0x22fe2,Poor
0x22fe3,Poor
0x22fe4,Poor
0x22fe5,Poor
0x22fee,Standard
0x22fef,Standard
0x22ff0,Standard
0x22ff1,Standard
0x22ffa,Standard
0x22ffb,Standard
0x22ffc,Standard
0x22ffd,Standard
0x23006,Standard
0x23007,Standard
0x23008,Standard
0x23009,Standard
0x23012,Good
0x23013,Good
0x23014,Good
0x23015,Good
0x2301e,Poor
0x2301f,Poor
0x23020,Poor
0x23021,Poor
0x2302a,Poor
0x2302b,Poor
0x2302c,Poor
0x2302d,Poor
0x23036,Good
0x23037,Good
0x23038,Standard
0x23039,Good
0x23042,Poor
0x23043,Poor
0x23044,Poor
0x23045,Poor
0x2304e,Good
0x2304f,Good
0x23050,Good
0x23051,Good
0x2305a,Poor
0x2305b,Poor
0x2305c,Poor
0x2305d,Poor
0x23066,Good
0x23067,Good
0x23068,Standard
0x23069,Standard
0x23072,Standard
0x23073,Standard
0x23074,Poor
0x23075,Standard
0x2307e,Poor
0x2307f,Poor
0x23080,Poor
0x23081,Poor
0x2308a,Good
0x2308b,Good
0x2308c,Standard
0x2308d,Good
0x23096,Good
0x23097,Good
0x23098,Good
0x23099,Good
0x230a2,Poor
0x230a3,Poor
0x230a4,Poor
0x230a5,Poor
0x230ae,Poor
0x230af,Poor
0x230b0,Standard
0x230b1,Poor
0x230ba,Poor
0x230bb,Poor
0x230bc,Poor
0x230bd,Poor
0x230c6,Standard
0x230c7,Standard
0x230c8,Poor
0x230c9,Standard
0x230d2,Poor
0x230d3,Poor
0x230d4,Poor
0x230d5,Poor
0x230de,Standard
0x230df,Standard
0x230e0,Standard
0x230e1,Standard
0x230ea,Poor
0x230eb,Poor
0x230ec,Poor
0x230ed,Poor
0x230f6,Good
0x230f7,Good
0x230f8,Good
0x230f9,Good
0x23102,Good
0x23103,Good
0x23104,Standard
0x23105,Good
0x2310e,Good
0x2310f,Good
0x23110,Good
0x23111,Good
0x2311a,Poor
0x2311b,Standard
0x2311c,Poor
0x2311d,Standard
0x23126,Poor
0x23127,Poor
0x23128,Poor
0x23129,Standard
0x23132,Poor
0x23133,Poor
0x23134,Poor
0x23135,Poor
0x2313e,Good
0x2313f,Good
0x23140,Good
0x23141,Good
0x2314a,Good
0x2314b,Good
0x2314c,Good
0x2314d,Good
0x23156,Standard
0x23157,Standard
0x23158,Standard
0x23159,Standard
0x23162,Poor
0x23163,Poor
0x23164,Poor
0x23165,Poor
0x2316e,Good
0x2316f,Good
0x23170,Good
0x23171,Good
0x2317a,Standard
0x2317b,Standard
0x2317c,Standard
0x2317d,Standard
0x23186,Good
0x23187,Good
0x23188,Good
0x23189,Good
0x23192,Good
0x23193,Good
0x23194,Good
0x23195,Good
0x2319e,Standard
0x2319f,Standard
0x231a0,Standard
0x231a1,Standard
0x231aa,Good
0x231ab,Good
0x231ac,Good
0x231ad,Good
0x231b6,Good
0x231b7,Good
0x231b8,Good
0x231b9,Good
0x231c2,Poor
0x231c3,Poor
0x231c4,Poor
0x231c5,Poor
0x231ce,Standard
0x231cf,Standard
0x231d0,Standard
0x231d1,Standard
0x231da,Standard
0x231db,Standard
0x231dc,Standard
0x231dd,Standard
0x231e6,Poor
0x231e7,Poor
0x231e8,Poor
0x231e9,Poor
0x231f2,Poor
0x231f3,Standard
0x231f4,Poor
0x231f5,Poor
0x231fe,Good
0x231ff,Good
0x23200,Good
0x23201,Good
0x2320a,Poor
0x2320b,Standard
0x2320c,Standard
0x2320d,Standard
0x23216,Poor
0x23217,Poor
0x23218,Poor
0x23219,Poor
0x23222,Poor
0x23223,Poor
0x23224,Poor
0x23225,Poor
0x2322e,Standard
0x2322f,Poor
0x23230,Poor
0x23231,Poor
0x2323a,Good
0x2323b,Good
0x2323c,Good
0x2323d,Good
0x23246,Good
0x23247,Good
0x23248,Good
0x23249,Good
0x23252,Standard
0x23253,Standard
0x23254,Standard
0x23255,Standard
0x2325e,Standard
0x2325f,Standard
0x23260,Standard
0x23261,Standard
0x2326a,Good
0x2326b,Good
0x2326c,Good
0x2326d,Good
0x23276,Standard
0x23277,Poor
0x23278,Poor
0x23279,Standard
0x23282,Standard
0x23283,Standard
0x23284,Standard
0x23285,Standard
0x2328e,Poor
0x2328f,Poor
0x23290,Poor
0x23291,Poor
0x2329a,Poor
0x2329b,Poor
0x2329c,Poor
0x2329d,Poor
0x232a6,Standard
0x232a7,Standard
0x232a8,Standard
0x232a9,Standard
0x232b2,Good
0x232b3,Good
0x232b4,Good
0x232b5,Good
0x232be,Good
0x232bf,Good
0x232c0,Good
0x232c1,Good
0x232ca,Good
0x232cb,Good
0x232cc,Good
0x232cd,Good
0x232d6,Good
0x232d7,Good
0x232d8,Good
0x232d9,Good
0x232e2,Good
0x232e3,Good
0x232e4,Good
0x232e5,Good
0x232ee,Good
0x232ef,Good
0x232f0,Good
0x232f1,Good
0x232fa,Poor
0x232fb,Poor
0x232fc,Poor
0x232fd,Poor
0x23306,Good
0x23307,Good
0x23308,Good
0x23309,Good
0x23312,Poor
0x23313,Poor
0x23314,Poor
0x23315,Poor
0x2331e,Poor
0x2331f,Poor
0x23320,Poor
0x23321,Poor
0x2332a,Poor
0x2332b,Poor
0x2332c,Poor
0x2332d,Poor
0x23336,Good
0x23337,Good
0x23338,Good
0x23339,Good
0x23342,Good
0x23343,Standard
0x23344,Standard
0x23345,Good
0x2334e,Good
0x2334f,Standard
0x23350,Good
0x23351,Good
0x2335a,Poor
0x2335b,Poor
0x2335c,Poor
0x2335d,Poor
0x23366,Good
0x23367,Good
0x23368,Good
0x23369,Good
0x23372,Poor
0x23373,Poor
0x23374,Poor
0x23375,Poor
0x2337e,Poor
0x2337f,Poor
0x23380,Poor
0x23381,Poor
0x2338a,Poor
0x2338b,Standard
0x2338c,Standard
0x2338d,Poor
0x23396,Good
0x23397,Good
0x23398,Good
0x23399,Good
0x233a2,Good
0x233a3,Standard
0x233a4,Good
0x233a5,Good
0x233ae,Poor
0x233af,Poor
0x233b0,Poor
0x233b1,Poor
0x233ba,Good
0x233bb,Good
0x233bc,Good
0x233bd,Good
0x233c6,Poor
0x233c7,Poor
0x233c8,Poor
0x233c9,Poor
0x233d2,Good
0x233d3,Good
0x233d4,Good
0x233d5,Good
0x233de,Good
0x233df,Good
0x233e0,Good
0x233e1,Good
0x233ea,Poor
0x233eb,Poor
0x233ec,Poor
0x233ed,Poor
0x233f6,Poor
0x233f7,Poor
0x233f8,Poor
0x233f9,Poor
0x23402,Poor
0x23403,Poor
0x23404,Poor
0x23405,Poor
0x2340e,Good
0x2340f,Good
0x23410,Good
0x23411,Good
0x2341a,Good
0x2341b,Good
0x2341c,Good
0x2341d,Good
0x23426,Poor
0x23427,Poor
0x23428,Poor
0x23429,Poor
0x23432,Good
0x23433,Good
0x23434,Good
0x23435,Standard
0x2343e,Good
0x2343f,Good
0x23440,Standard
0x23441,Standard
0x2344a,Poor
0x2344b,Standard
0x2344c,Poor
0x2344d,Poor
0x23456,Good
0x23457,Good
0x23458,Good
0x23459,Good
0x23462,Poor
0x23463,Standard
0x23464,Poor
0x23465,Poor
0x2346e,Poor
0x2346f,Poor
0x23470,Poor
0x23471,Poor
0x2347a,Good
0x2347b,Good
0x2347c,Good
0x2347d,Good
0x23486,Poor
0x23487,Poor
0x23488,Poor
0x23489,Poor
0x23492,Poor
0x23493,Poor
0x23494,Poor
0x23495,Poor
0x2349e,Good
0x2349f,Good
0x234a0,Good
0x234a1,Good
0x234aa,Standard
0x234ab,Poor
0x234ac,Poor
0x234ad,Poor
0x234b6,Poor
0x234b7,Poor
0x234b8,Poor
0x234b9,Poor
0x234c2,Poor
0x234c3,Poor
0x234c4,Poor
0x234c5,Poor
0x234ce,Standard
0x234cf,Standard
0x234d0,Standard
0x234d1,Standard
0x234da,Good
0x234db,Good
0x234dc,Good
0x234dd,Good
0x234e6,Poor
0x234e7,Standard
0x234e8,Poor
0x234e9,Poor
0x234f2,Good
0x234f3,Good
0x234f4,Good
0x234f5,Good
0x234fe,Poor
0x234ff,Standard
0x23500,Standard
0x23501,Standard
0x2350a,Good
0x2350b,Good
0x2350c,Good
0x2350d,Good
0x23516,Good
0x23517,Good
0x23518,Good
0x23519,Good
0x23522,Standard
0x23523,Standard
0x23524,Standard
0x23525,Standard
0x2352e,Standard
0x2352f,Standard
0x23530,Standard
0x23531,Standard
0x2353a,Good
0x2353b,Good
0x2353c,Good
0x2353d,Good
0x23546,Poor
0x23547,Poor
0x23548,Poor
0x23549,Poor
0x23552,Standard
0x23553,Good
0x23554,Good
0x23555,Good
0x2355e,Poor
0x2355f,Poor
0x23560,Poor
0x23561,Poor
0x2356a,Good
0x2356b,Good
0x2356c,Good
0x2356d,Good
0x23576,Poor
0x23577,Poor
0x23578,Poor
0x23579,Poor
0x23582,Good
0x23583,Good
0x23584,Good
0x23585,Good
0x2358e,Good
0x2358f,Good
0x23590,Good
0x23591,Good
0x2359a,Good
0x2359b,Good
0x2359c,Good
0x2359d,Good
0x235a6,Good
0x235a7,Good
0x235a8,Good
0x235a9,Good
0x235b2,Standard
0x235b3,Good
0x235b4,Good
0x235b5,Standard
0x235be,Good
0x235bf,Good
0x235c0,Good
0x235c1,Good
0x235ca,Good
0x235cb,Good
0x235cc,Good
0x235cd,Good
0x235d6,Poor
0x235d7,Poor
0x235d8,Poor
0x235d9,Poor
0x235e2,Good
0x235e3,Good
0x235e4,Good
0x235e5,Good
0x235ee,Poor
0x235ef,Poor
0x235f0,Poor
0x235f1,Poor
0x235fa,Good
0x235fb,Good
0x235fc,Good
0x235fd,Good
0x23606,Good
0x23607,Good
0x23608,Good
0x23609,Good
0x23612,Poor
0x23613,Poor
0x23614,Poor
0x23615,Poor
0x2361e,Poor
0x2361f,Poor
0x23620,Poor
0x23621,Poor
0x2362a,Poor
0x2362b,Standard
0x2362c,Poor
0x2362d,Poor
0x23636,Poor
0x23637,Poor
0x23638,Poor
0x23639,Poor
0x23642,Standard
0x23643,Good
0x23644,Good
0x23645,Good
0x2364e,Good
0x2364f,Good
0x23650,Good
0x23651,Good
0x2365a,Standard
0x2365b,Standard
0x2365c,Poor
0x2365d,Standard
0x23666,Standard
0x23667,Standard
0x23668,Standard
0x23669,Good
0x23672,Good
0x23673,Good
0x23674,Good
0x23675,Good
0x2367e,Poor
0x2367f,Poor
0x23680,Poor
0x23681,Poor
0x2368a,Standard
0x2368b,Good
0x2368c,Good
0x2368d,Good
0x23696,Standard
0x23697,Standard
0x23698,Standard
0x23699,Standard
0x236a2,Poor
0x236a3,Poor
0x236a4,Poor
0x236a5,Poor
0x236ae,Standard
0x236af,Standard
0x236b0,Standard
0x236b1,Standard
0x236ba,Good
0x236bb,Standard
0x236bc,Standard
0x236bd,Good
0x236c6,Good
0x236c7,Good
0x236c8,Good
0x236c9,Good
0x236d2,Poor
0x236d3,Poor
0x236d4,Poor
0x236d5,Poor
0x236de,Good
0x236df,Good
0x236e0,Good
0x236e1,Good
0x236ea,Poor
0x236eb,Poor
0x236ec,Poor
0x236ed,Poor
0x236f6,Good
0x236f7,Good
0x236f8,Good
0x236f9,Good
0x23702,Poor
0x23703,Poor
0x23704,Poor
0x23705,Poor
0x2370e,Standard
0x2370f,Standard
0x23710,Standard
0x23711,Standard
0x2371a,Poor
0x2371b,Poor
0x2371c,Poor
0x2371d,Poor
0x23726,Good
0x23727,Good
0x23728,Good
0x23729,Good
0x23732,Poor
0x23733,Poor
0x23734,Poor
0x23735,Poor
0x2373e,Standard
0x2373f,Standard
0x23740,Standard
0x23741,Poor
0x2374a,Poor
0x2374b,Poor
0x2374c,Poor
0x2374d,Poor
0x23756,Standard
0x23757,Standard
0x23758,Standard
0x23759,Standard
0x23762,Good
0x23763,Good
0x23764,Good
0x23765,Good
0x2376e,Poor
0x2376f,Poor
0x23770,Poor
0x23771,Poor
0x2377a,Good
0x2377b,Good
0x2377c,Standard
0x2377d,Good
0x23786,Poor
0x23787,Poor
0x23788,Poor
0x23789,Poor
0x23792,Good
0x23793,Good
0x23794,Good
0x23795,Good
0x2379e,Standard
0x2379f,Standard
0x237a0,Poor
0x237a1,Standard
0x237aa,Good
0x237ab,Good
0x237ac,Good
0x237ad,Good
0x237b6,Poor
0x237b7,Poor
0x237b8,Poor
0x237b9,Poor
0x237c2,Good
0x237c3,Good
0x237c4,Good
0x237c5,Good
0x237ce,Good
0x237cf,Good
0x237d0,Standard
0x237d1,Good
0x237da,Standard
0x237db,Standard
0x237dc,Standard
0x237dd,Standard
0x237e6,Good
0x237e7,Good
0x237e8,Good
0x237e9,Good
0x237f2,Poor
0x237f3,Poor
0x237f4,Poor
0x237f5,Poor
0x237fe,Good
0x237ff,Standard
0x23800,Good
0x23801,Good
0x2380a,Poor
0x2380b,Poor
0x2380c,Poor
0x2380d,Poor
0x23816,Poor
0x23817,Poor
0x23818,Poor
0x23819,Poor
0x23822,Poor
0x23823,Poor
0x23824,Poor
0x23825,Poor
0x2382e,Good
0x2382f,Good
0x23830,Good
0x23831,Good
0x2383a,Standard
0x2383b,Standard
0x2383c,Standard
0x2383d,Standard
0x23846,Good
0x23847,Good
0x23848,Good
0x23849,Good
0x23852,Good
0x23853,Good
0x23854,Good
0x23855,Good
0x2385e,Good
0x2385f,Good
0x23860,Good
0x23861,Good
0x2386a,Poor
0x2386b,Poor
0x2386c,Poor
0x2386d,Poor
0x23876,Good
0x23877,Good
0x23878,Good
0x23879,Good
0x23882,Poor
0x23883,Poor
0x23884,Poor
0x23885,Poor
0x2388e,Good
0x2388f,Good
0x23890,Good
0x23891,Standard
0x2389a,Standard
0x2389b,Standard
0x2389c,Standard
0x2389d,Standard
0x238a6,Standard
0x238a7,Standard
0x238a8,Standard
0x238a9,Standard
0x238b2,Standard
0x238b3,Good
0x238b4,Standard
0x238b5,Good
0x238be,Good
0x238bf,Good
0x238c0,Good
0x238c1,Good
0x238ca,Poor
0x238cb,Poor
0x238cc,Poor
0x238cd,Poor
0x238d6,Good
0x238d7,Good
0x238d8,Good
0x238d9,Good
0x238e2,Good
0x238e3,Good
0x238e4,Good
0x238e5,Good
0x238ee,Good
0x238ef,Good
0x238f0,Good
0x238f1,Good
0x238fa,Standard
0x238fb,Standard
0x238fc,Standard
0x238fd,Standard
0x23906,Standard
0x23907,Standard
0x23908,Standard
0x23909,Standard
0x23912,Poor
0x23913,Poor
0x23914,Standard
0x23915,Poor
0x2391e,Good
0x2391f,Good
0x23920,Good
0x23921,Good
0x2392a,Good
0x2392b,Good
0x2392c,Good
0x2392d,Good
0x23936,Standard
0x23937,Poor
0x23938,Poor
0x23939,Standard
0x23942,Poor
0x23943,Poor
0x23944,Poor
0x23945,Poor
0x2394e,Good
0x2394f,Good
0x23950,Good
0x23951,Good
0x2395a,Poor
0x2395b,Poor
0x2395c,Poor
0x2395d,Poor
0x23966,Standard
0x23967,Standard
0x23968,Standard
0x23969,Standard
0x23972,Poor
0x23973,Poor
0x23974,Poor
0x23975,Poor
0x2397e,Poor
0x2397f,Poor
0x23980,Poor
0x23981,Poor
0x2398a,Good
0x2398b,Good
0x2398c,Good
0x2398d,Good
0x23996,Standard
0x23997,Standard
0x23998,Standard
0x23999,Standard
0x239a2,Standard
0x239a3,Standard
0x239a4,Standard
0x239a5,Standard
0x239ae,Good
0x239af,Good
0x239b0,Good
0x239b1,Good
0x239ba,Poor
0x239bb,Poor
0x239bc,Poor
0x239bd,Poor
0x239c6,Standard
0x239c7,Standard
0x239c8,Standard
0x239c9,Standard
0x239d2,Good
0x239d3,Good
0x239d4,Good
0x239d5,Good
0x239de,Good
0x239df,Good
0x239e0,Good
0x239e1,Good
0x239ea,Standard
0x239eb,Poor
0x239ec,Standard
0x239ed,Poor
0x239f6,Good
0x239f7,Good
0x239f8,Good
0x239f9,Good
0x23a02,Standard
0x23a03,Standard
0x23a04,Standard
0x23a05,Standard
0x23a0e,Poor
0x23a0f,Poor
0x23a10,Poor
0x23a11,Poor
0x23a1a,Good
0x23a1b,Good
0x23a1c,Good
0x23a1d,Good
0x23a26,Poor
0x23a27,Poor
0x23a28,Poor
0x23a29,Poor
0x23a32,Poor
0x23a33,Poor
0x23a34,Standard
0x23a35,Poor
0x23a3e,Poor
0x23a3f,Poor
0x23a40,Poor
0x23a41,Poor
0x23a4a,Poor
0x23a4b,Poor
0x23a4c,Poor
0x23a4d,Good
0x23a56,Good
0x23a57,Standard
0x23a58,Good
0x23a59,Good
0x23a62,Standard
0x23a63,Standard
0x23a64,Standard
0x23a65,Poor
0x23a6e,Good
0x23a6f,Good
0x23a70,Good
0x23a71,Good
0x23a7a,Good
0x23a7b,Good
0x23a7c,Good
0x23a7d,Good
0x23a86,Good
0x23a87,Good
0x23a88,Good
0x23a89,Good
0x23a92,Poor
0x23a93,Poor
0x23a94,Poor
0x23a95,Poor
0x23a9e,Good
0x23a9f,Good
0x23aa0,Good
0x23aa1,Good
0x23aaa,Poor
0x23aab,Poor
0x23aac,Poor
0x23aad,Poor
0x23ab6,Good
0x23ab7,Good
0x23ab8,Good
0x23ab9,Good
0x23ac2,Poor
0x23ac3,Poor
0x23ac4,Poor
0x23ac5,Poor
0x23ace,Good
0x23acf,Good
0x23ad0,Good
0x23ad1,Standard
0x23ada,Good
0x23adb,Good
0x23adc,Good
0x23add,Good
0x23ae6,Standard
0x23ae7,Poor
0x23ae8,Standard
0x23ae9,Standard
0x23af2,Poor
0x23af3,Poor
0x23af4,Poor
0x23af5,Poor
0x23afe,Good
0x23aff,Good
0x23b00,Good
0x23b01,Good
0x23b0a,Standard
0x23b0b,Standard
0x23b0c,Good
0x23b0d,Standard
0x23b16,Good
0x23b17,Good
0x23b18,Good
0x23b19,Good
0x23b22,Standard
0x23b23,Standard
0x23b24,Standard
0x23b25,Standard
0x23b2e,Poor
0x23b2f,Poor
0x23b30,Poor
0x23b31,Poor
0x23b3a,Poor
0x23b3b,Poor
0x23b3c,Poor
0x23b3d,Poor
0x23b46,Poor
0x23b47,Poor
0x23b48,Poor
0x23b49,Poor
0x23b52,Good
0x23b53,Good
0x23b54,Good
0x23b55,Good
0x23b5e,Standard
0x23b5f,Standard
0x23b60,Standard
0x23b61,Standard
0x23b6a,Good
0x23b6b,Standard
0x23b6c,Standard
0x23b6d,Good
0x23b76,Standard
0x23b77,Standard
0x23b78,Standard
0x23b79,Standard
0x23b82,Good
0x23b83,Good
0x23b84,Good
0x23b85,Good
0x23b8e,Good
0x23b8f,Good
0x23b90,Good
0x23b91,Good
0x23b9a,Poor
0x23b9b,Poor
0x23b9c,Poor
0x23b9d,Poor
0x23ba6,Good
0x23ba7,Good
0x23ba8,Good
0x23ba9,Good
0x23bb2,Good
0x23bb3,Good
0x23bb4,Good
0x23bb5,Good
0x23bbe,Poor
0x23bbf,Poor
0x23bc0,Poor
0x23bc1,Poor
0x23bca,Standard
0x23bcb,Standard
0x23bcc,Good
0x23bcd,Standard
0x23bd6,Good
0x23bd7,Good
0x23bd8,Good
0x23bd9,Good
0x23be2,Standard
0x23be3,Standard
0x23be4,Standard
0x23be5,Standard
0x23bee,Poor
0x23bef,Poor
0x23bf0,Poor
0x23bf1,Poor
0x23bfa,Poor
0x23bfb,Poor
0x23bfc,Poor
0x23bfd,Poor
0x23c06,Good
0x23c07,Good
0x23c08,Good
0x23c09,Good
0x23c12,Poor
0x23c13,Poor
0x23c14,Poor
0x23c15,Poor
0x23c1e,Standard
0x23c1f,Standard
0x23c20,Standard
0x23c21,Poor
0x23c2a,Good
0x23c2b,Good
0x23c2c,Good
0x23c2d,Good
0x23c36,Standard
0x23c37,Standard
0x23c38,Standard
0x23c39,Standard
0x23c42,Poor
0x23c43,Poor
0x23c44,Poor
0x23c45,Poor
0x23c4e,Good
0x23c4f,Good
0x23c50,Good
0x23c51,Good
0x23c5a,Good
0x23c5b,Good
0x23c5c,Good
0x23c5d,Good
0x23c66,Good
0x23c67,Good
0x23c68,Good
0x23c69,Good
0x23c72,Poor
0x23c73,Poor
0x23c74,Poor
0x23c75,Poor
0x23c7e,Good
0x23c7f,Good
0x23c80,Good
0x23c81,Good
0x23c8a,Poor
0x23c8b,Poor
0x23c8c,Poor
0x23c8d,Poor
0x23c96,Poor
0x23c97,Poor
0x23c98,Poor
0x23c99,Poor
0x23ca2,Poor
0x23ca3,Poor
0x23ca4,Poor
0x23ca5,Poor
0x23cae,Good
0x23caf,Good
0x23cb0,Good
0x23cb1,Good
0x23cba,Standard
0x23cbb,Standard
0x23cbc,Standard
0x23cbd,Standard
0x23cc6,Good
0x23cc7,Good
0x23cc8,Good
0x23cc9,Good
0x23cd2,Good
0x23cd3,Good
0x23cd4,Good
0x23cd5,Good
0x23cde,Good
0x23cdf,Good
0x23ce0,Good
0x23ce1,Good
0x23cea,Poor
0x23ceb,Poor
0x23cec,Poor
0x23ced,Poor
0x23cf6,Good
0x23cf7,Standard
0x23cf8,Good
0x23cf9,Good
0x23d02,Poor
0x23d03,Poor
0x23d04,Poor
0x23d05,Poor
0x23d0e,Standard
0x23d0f,Standard
0x23d10,Standard
0x23d11,Standard
0x23d1a,Good
0x23d1b,Good
0x23d1c,Good
0x23d1d,Good
0x23d26,Good
0x23d27,Good
0x23d28,Good
0x23d29,Good
0x23d32,Good
0x23d33,Good
0x23d34,Good
0x23d35,Good
0x23d3e,Standard
0x23d3f,Standard
0x23d40,Standard
0x23d41,Standard
0x23d4a,Good
0x23d4b,Good
0x23d4c,Good
0x23d4d,Good
0x23d56,Poor
0x23d57,Poor
0x23d58,Poor
0x23d59,Standard
0x23d62,Poor
0x23d63,Poor
0x23d64,Poor
0x23d65,Poor
0x23d6e,Good
0x23d6f,Good
0x23d70,Good
0x23d71,Good
0x23d7a,Poor
0x23d7b,Poor
0x23d7c,Poor
0x23d7d,Poor
0x23d86,Good
0x23d87,Good
0x23d88,Good
0x23d89,Good
0x23d92,Poor
0x23d93,Poor
0x23d94,Poor
0x23d95,Standard
0x23d9e,Good
0x23d9f,Standard
0x23da0,Good
0x23da1,Good
0x23daa,Poor
0x23dab,Poor
0x23dac,Poor
0x23dad,Poor
0x23db6,Poor
0x23db7,Poor
0x23db8,Poor
0x23db9,Poor
0x23dc2,Standard
0x23dc3,Standard
0x23dc4,Standard
0x23dc5,Standard
0x23dce,Good
0x23dcf,Good
0x23dd0,Good
0x23dd1,Good
0x23dda,Good
0x23ddb,Good
0x23ddc,Good
0x23ddd,Good
0x23de6,Good
0x23de7,Good
0x23de8,Good
0x23de9,Good
0x23df2,Poor
0x23df3,Poor
0x23df4,Poor
0x23df5,Poor
0x23dfe,Standard
0x23dff,Good
0x23e00,Good
0x23e01,Good
0x23e0a,Poor
0x23e0b,Poor
0x23e0c,Poor
0x23e0d,Poor
0x23e16,Standard
0x23e17,Standard
0x23e18,Poor
0x23e19,Standard
0x23e22,Standard
0x23e23,Good
0x23e24,Standard
0x23e25,Standard
0x23e2e,Good
0x23e2f,Good
0x23e30,Good
0x23e31,Good
0x23e3a,Poor
0x23e3b,Poor
0x23e3c,Poor
0x23e3d,Poor
0x23e46,Poor
0x23e47,Poor
0x23e48,Poor
0x23e49,Poor
0x23e52,Good
0x23e53,Good
0x23e54,Good
0x23e55,Good
0x23e5e,Good
0x23e5f,Good
0x23e60,Good
0x23e61,Good
0x23e6a,Good
0x23e6b,Good
0x23e6c,Good
0x23e6d,Good
0x23e76,Good
0x23e77,Good
0x23e78,Good
0x23e79,Good
0x23e82,Good
0x23e83,Good
0x23e84,Good
0x23e85,Good
0x23e8e,Good
0x23e8f,Good
0x23e90,Good
0x23e91,Good
0x23e9a,Standard
0x23e9b,Poor
0x23e9c,Standard
0x23e9d,Poor
0x23ea6,Standard
0x23ea7,Standard
0x23ea8,Standard
0x23ea9,Standard
0x23eb2,Good
0x23eb3,Good
0x23eb4,Good
0x23eb5,Good
0x23ebe,Good
0x23ebf,Good
0x23ec0,Good
0x23ec1,Good
0x23eca,Good
0x23ecb,Good
0x23ecc,Good
0x23ecd,Good
0x23ed6,Good
0x23ed7,Good
0x23ed8,Good
0x23ed9,Good
0x23ee2,Poor
0x23ee3,Poor
0x23ee4,Poor
0x23ee5,Poor
0x23eee,Good
0x23eef,Good
0x23ef0,Good
0x23ef1,Good
0x23efa,Good
0x23efb,Good
0x23efc,Standard
0x23efd,Good
0x23f06,Good
0x23f07,Good
0x23f08,Good
0x23f09,Good
0x23f12,Standard
0x23f13,Standard
0x23f14,Standard
0x23f15,Standard
0x23f1e,Poor
0x23f1f,Poor
0x23f20,Poor
0x23f21,Poor
0x23f2a,Good
0x23f2b,Good
0x23f2c,Good
0x23f2d,Good
0x23f36,Poor
0x23f37,Poor
0x23f38,Poor
0x23f39,Poor
0x23f42,Good
0x23f43,Good
0x23f44,Good
0x23f45,Good
0x23f4e,Poor
0x23f4f,Poor
0x23f50,Poor
0x23f51,Poor
0x23f5a,Good
0x23f5b,Good
0x23f5c,Good
0x23f5d,Good
0x23f66,Poor
0x23f67,Poor
0x23f68,Poor
0x23f69,Poor
0x23f72,Good
0x23f73,Standard
0x23f74,Good
0x23f75,Good
0x23f7e,Good
0x23f7f,Standard
0x23f80,Standard
0x23f81,Standard
0x23f8a,Good
0x23f8b,Good
0x23f8c,Good
0x23f8d,Good
0x23f96,Standard
0x23f97,Poor
0x23f98,Standard
0x23f99,Poor
0x23fa2,Good
0x23fa3,Good
0x23fa4,Good
0x23fa5,Good
0x23fae,Poor
0x23faf,Standard
0x23fb0,Poor
0x23fb1,Poor
0x23fba,Good
0x23fbb,Good
0x23fbc,Good
0x23fbd,Good
0x23fc6,Poor
0x23fc7,Poor
0x23fc8,Poor
0x23fc9,Poor
0x23fd2,Standard
0x23fd3,Poor
0x23fd4,Standard
0x23fd5,Standard
0x23fde,Standard
0x23fdf,Poor
0x23fe0,Standard
0x23fe1,Standard
0x23fea,Poor
0x23feb,Poor
0x23fec,Poor
0x23fed,Poor
0x23ff6,Good
0x23ff7,Standard
0x23ff8,Good
0x23ff9,Good
0x24002,Poor
0x24003,Poor
0x24004,Poor
0x24005,Poor
0x2400e,Poor
0x2400f,Poor
0x24010,Standard
0x24011,Poor
0x2401a,Poor
0x2401b,Poor
0x2401c,Poor
0x2401d,Poor
0x24026,Good
0x24027,Good
0x24028,Good
0x24029,Good
0x24032,Good
0x24033,Good
0x24034,Good
0x24035,Good
0x2403e,Good
0x2403f,Standard
0x24040,Poor
0x24041,Standard
0x2404a,Poor
0x2404b,Poor
0x2404c,Poor
0x2404d,Poor
0x24056,Poor
0x24057,Poor
0x24058,Poor
0x24059,Poor
0x24062,Poor
0x24063,Poor
0x24064,Poor
0x24065,Poor
0x2406e,Good
0x2406f,Good
0x24070,Good
0x24071,Good
0x2407a,Good
0x2407b,Good
0x2407c,Good
0x2407d,Good
0x24086,Poor
0x24087,Poor
0x24088,Poor
0x24089,Poor
0x24092,Good
0x24093,Standard
0x24094,Good
0x24095,Good
0x2409e,Good
0x2409f,Good
0x240a0,Good
0x240a1,Good
0x240aa,Good
0x240ab,Good
0x240ac,Good
0x240ad,Good
0x240b6,Poor
0x240b7,Poor
0x240b8,Poor
0x240b9,Poor
0x240c2,Standard
0x240c3,Standard
0x240c4,Standard
0x240c5,Standard
0x240ce,Good
0x240cf,Good
0x240d0,Good
0x240d1,Good
0x240da,Poor
0x240db,Poor
0x240dc,Poor
0x240dd,Poor
0x240e6,Good
0x240e7,Good
0x240e8,Standard
0x240e9,Good
0x240f2,Poor
0x240f3,Poor
0x240f4,Poor
0x240f5,Poor
0x240fe,Poor
0x240ff,Poor
0x24100,Poor
0x24101,Poor
0x2410a,Good
0x2410b,Good
0x2410c,Good
0x2410d,Good
0x24116,Standard
0x24117,Standard
0x24118,Standard
0x24119,Standard
0x24122,Standard
0x24123,Standard
0x24124,Standard
0x24125,Standard
0x2412e,Standard
0x2412f,Good
0x24130,Good
0x24131,Good
0x2413a,Standard
0x2413b,Standard
0x2413c,Standard
0x2413d,Standard
0x24146,Good
0x24147,Good
0x24148,Standard
0x24149,Good
0x24152,Good
0x24153,Good
0x24154,Good
0x24155,Good
0x2415e,Poor
0x2415f,Poor
0x24160,Poor
0x24161,Poor
0x2416a,Good
0x2416b,Good
0x2416c,Good
0x2416d,Good
0x24176,Standard
0x24177,Standard
0x24178,Standard
0x24179,Standard
0x24182,Good
0x24183,Good
0x24184,Standard
0x24185,Good
0x2418e,Good
0x2418f,Good
0x24190,Good
0x24191,Good
0x2419a,Good
0x2419b,Good
0x2419c,Good
0x2419d,Standard
0x241a6,Standard
0x241a7,Standard
0x241a8,Standard
0x241a9,Standard
0x241b2,Good
0x241b3,Good
0x241b4,Good
0x241b5,Good
0x241be,Good
0x241bf,Good
0x241c0,Good
0x241c1,Good
0x241ca,Poor
0x241cb,Good
0x241cc,Good
0x241cd,Good
0x241d6,Good
0x241d7,Good
0x241d8,Good
0x241d9,Good
0x241e2,Good
0x241e3,Good
0x241e4,Good
0x241e5,Good
0x241ee,Standard
0x241ef,Poor
0x241f0,Standard
0x241f1,Standard
0x241fa,Poor
0x241fb,Standard
0x241fc,Poor
0x241fd,Poor
0x24206,Poor
0x24207,Poor
0x24208,Poor
0x24209,Poor
0x24212,Good
0x24213,Good
0x24214,Good
0x24215,Good
0x2421e,Poor
0x2421f,Standard
0x24220,Poor
0x24221,Poor
0x2422a,Poor
0x2422b,Poor
0x2422c,Poor
0x2422d,Poor
0x24236,Standard
0x24237,Standard
0x24238,Standard
0x24239,Standard
0x24242,Good
0x24243,Good
0x24244,Good
0x24245,Good
0x2424e,Good
0x2424f,Good
0x24250,Good
0x24251,Good
0x2425a,Standard
0x2425b,Standard
0x2425c,Standard
0x2425d,Standard
0x24266,Good
0x24267,Good
0x24268,Standard
0x24269,Good
0x24272,Good
0x24273,Good
0x24274,Good
0x24275,Good
0x2427e,Good
0x2427f,Good
0x24280,Good
0x24281,Good
0x2428a,Good
0x2428b,Good
0x2428c,Good
0x2428d,Good
0x24296,Good
0x24297,Good
0x24298,Good
0x24299,Good
0x242a2,Good
0x242a3,Good
0x242a4,Good
0x242a5,Good
0x242ae,Standard
0x242af,Standard
0x242b0,Standard
0x242b1,Standard
0x242ba,Standard
0x242bb,Poor
0x242bc,Standard
0x242bd,Poor
0x242c6,Standard
0x242c7,Standard
0x242c8,Standard
0x242c9,Standard
0x242d2,Standard
0x242d3,Standard
0x242d4,Standard
0x242d5,Standard
0x242de,Good
0x242df,Good
0x242e0,Good
0x242e1,Good
0x242ea,Good
0x242eb,Good
0x242ec,Good
0x242ed,Good
0x242f6,Poor
0x242f7,Poor
0x242f8,Poor
0x242f9,Poor
0x24302,Standard
0x24303,Poor
0x24304,Standard
0x24305,Poor
0x2430e,Good
0x2430f,Good
0x24310,Good
0x24311,Good
0x2431a,Poor
0x2431b,Poor
0x2431c,Poor
0x2431d,Poor
0x24326,Poor
0x24327,Poor
0x24328,Poor
0x24329,Poor
0x24332,Good
0x24333,Good
0x24334,Good
0x24335,Good
0x2433e,Standard
0x2433f,Standard
0x24340,Standard
0x24341,Poor
0x2434a,Poor
0x2434b,Poor
0x2434c,Poor
0x2434d,Poor
0x24356,Good
0x24357,Good
0x24358,Good
0x24359,Good
0x24362,Standard
0x24363,Standard
0x24364,Standard
0x24365,Standard
0x2436e,Standard
0x2436f,Standard
0x24370,Standard
0x24371,Standard
0x2437a,Poor
0x2437b,Poor
0x2437c,Poor
0x2437d,Poor
0x24386,Standard
0x24387,Standard
0x24388,Standard
0x24389,Standard
0x24392,Good
0x24393,Good
0x24394,Good
0x24395,Good
0x2439e,Standard
0x2439f,Standard
0x243a0,Poor
0x243a1,Standard
0x243aa,Poor
0x243ab,Poor
0x243ac,Poor
0x243ad,Standard
0x243b6,Poor
0x243b7,Poor
0x243b8,Poor
0x243b9,Poor
0x243c2,Good
0x243c3,Good
0x243c4,Good
0x243c5,Good
0x243ce,Poor
0x243cf,Poor
0x243d0,Poor
0x243d1,Poor
0x243da,Good
0x243db,Good
0x243dc,Good
0x243dd,Good
0x243e6,Standard
0x243e7,Standard
0x243e8,Standard
0x243e9,Standard
0x243f2,Poor
0x243f3,Standard
0x243f4,Standard
0x243f5,Standard
0x243fe,Poor
0x243ff,Poor
0x24400,Poor
0x24401,Poor
0x2440a,Poor
0x2440b,Poor
0x2440c,Poor
0x2440d,Poor
0x24416,Poor
0x24417,Poor
0x24418,Poor
0x24419,Poor
0x24422,Poor
0x24423,Poor
0x24424,Poor
0x24425,Poor
0x2442e,Good
0x2442f,Good
0x24430,Good
0x24431,Good
0x2443a,Poor
0x2443b,Poor
0x2443c,Poor
0x2443d,Poor
0x24446,Good
0x24447,Good
0x24448,Good
0x24449,Good
0x24452,Poor
0x24453,Poor
0x24454,Poor
0x24455,Poor
0x2445e,Poor
0x2445f,Poor
0x24460,Poor
0x24461,Poor
0x2446a,Good
0x2446b,Good
0x2446c,Good
0x2446d,Good
0x24476,Good
0x24477,Good
0x24478,Good
0x24479,Good
0x24482,Standard
0x24483,Standard
0x24484,Standard
0x24485,Standard
0x2448e,Good
0x2448f,Good
0x24490,Good
0x24491,Good
0x2449a,Good
0x2449b,Good
0x2449c,Good
0x2449d,Good
0x244a6,Good
0x244a7,Good
0x244a8,Good
0x244a9,Good
0x244b2,Standard
0x244b3,Standard
0x244b4,Standard
0x244b5,Standard
0x244be,Poor
0x244bf,Poor
0x244c0,Poor
0x244c1,Poor
0x244ca,Standard
0x244cb,Standard
0x244cc,Standard
0x244cd,Standard
0x244d6,Standard
0x244d7,Standard
0x244d8,Standard
0x244d9,Standard
0x244e2,Good
0x244e3,Good
0x244e4,Good
0x244e5,Good
0x244ee,Standard
0x244ef,Standard
0x244f0,Standard
0x244f1,Standard
0x244fa,Poor
0x244fb,Poor
0x244fc,Poor
0x244fd,Poor
0x24506,Standard
0x24507,Good
0x24508,Good
0x24509,Good
0x24512,Standard
0x24513,Standard
0x24514,Standard
0x24515,Standard
0x2451e,Poor
0x2451f,Standard
0x24520,Standard
0x24521,Standard
0x2452a,Poor
0x2452b,Poor
0x2452c,Poor
0x2452d,Poor
0x24536,Good
0x24537,Good
0x24538,Good
0x24539,Good
0x24542,Good
0x24543,Good
0x24544,Good
0x24545,Good
0x2454e,Poor
0x2454f,Poor
0x24550,Poor
0x24551,Poor
0x2455a,Standard
0x2455b,Poor
0x2455c,Standard
0x2455d,Standard
0x24566,Good
0x24567,Good
0x24568,Good
0x24569,Good
0x24572,Good
0x24573,Good
0x24574,Good
0x24575,Good
0x2457e,Poor
0x2457f,Poor
0x24580,Poor
0x24581,Poor
0x2458a,Standard
0x2458b,Standard
0x2458c,Standard
0x2458d,Standard
0x24596,Poor
0x24597,Standard
0x24598,Standard
0x24599,Standard
0x245a2,Good
0x245a3,Good
0x245a4,Good
0x245a5,Good
0x245ae,Poor
0x245af,Poor
0x245b0,Poor
0x245b1,Poor
0x245ba,Good
0x245bb,Good
0x245bc,Good
0x245bd,Good
0x245c6,Standard
0x245c7,Standard
0x245c8,Standard
0x245c9,Standard
0x245d2,Poor
0x245d3,Poor
0x245d4,Poor
0x245d5,Poor
0x245de,Poor
0x245df,Poor
0x245e0,Poor
0x245e1,Poor
0x245ea,Poor
0x245eb,Poor
0x245ec,Poor
0x245ed,Poor
0x245f6,Good
0x245f7,Good
0x245f8,Good
0x245f9,Good
0x24602,Poor
0x24603,Poor
0x24604,Poor
0x24605,Poor
0x2460e,Poor
0x2460f,Poor
0x24610,Poor
0x24611,Poor
0x2461a,Poor
0x2461b,Poor
0x2461c,Poor
0x2461d,Poor
0x24626,Good
0x24627,Good
0x24628,Good
0x24629,Good
0x24632,Good
0x24633,Good
0x24634,Good
0x24635,Good
0x2463e,Poor
0x2463f,Poor
0x24640,Poor
0x24641,Poor
0x2464a,Poor
0x2464b,Poor
0x2464c,Poor
0x2464d,Poor
0x24656,Standard
0x24657,Standard
0x24658,Standard
0x24659,Standard
0x24662,Standard
0x24663,Standard
0x24664,Poor
0x24665,Poor
0x2466e,Standard
0x2466f,Standard
0x24670,Standard
0x24671,Standard
0x2467a,Poor
0x2467b,Poor
0x2467c,Poor
0x2467d,Poor
0x24686,Good
0x24687,Good
0x24688,Good
0x24689,Good
0x24692,Good
0x24693,Good
0x24694,Good
0x24695,Good
0x2469e,Good
0x2469f,Good
0x246a0,Good
0x246a1,Good
0x246aa,Good
0x246ab,Good
0x246ac,Good
0x246ad,Good
0x246b6,Standard
0x246b7,Poor
0x246b8,Poor
0x246b9,Standard
0x246c2,Poor
0x246c3,Poor
0x246c4,Poor
0x246c5,Poor
0x246ce,Poor
0x246cf,Poor
0x246d0,Poor
0x246d1,Poor
0x246da,Good
0x246db,Good
0x246dc,Good
0x246dd,Good
0x246e6,Good
0x246e7,Good
0x246e8,Good
0x246e9,Good
0x246f2,Good
0x246f3,Good
0x246f4,Good
0x246f5,Good
0x246fe,Good
0x246ff,Good
0x24700,Good
0x24701,Good
0x2470a,Good
0x2470b,Good
0x2470c,Good
0x2470d,Good
0x24716,Poor
0x24717,Poor
0x24718,Poor
0x24719,Poor
0x24722,Good
0x24723,Good
0x24724,Good
0x24725,Good
0x2472e,Good
0x2472f,Good
0x24730,Good
0x24731,Good
0x2473a,Poor
0x2473b,Poor
0x2473c,Poor
0x2473d,Poor
0x24746,Poor
0x24747,Poor
0x24748,Poor
0x24749,Poor
0x24752,Poor
0x24753,Poor
0x24754,Poor
0x24755,Poor
0x2475e,Poor
0x2475f,Poor
0x24760,Poor
0x24761,Poor
0x2476a,Good
0x2476b,Good
0x2476c,Standard
0x2476d,Good
0x24776,Poor
0x24777,Poor
0x24778,Poor
0x24779,Poor
0x24782,Good
0x24783,Good
0x24784,Good
0x24785,Good
0x2478e,Poor
0x2478f,Standard
0x24790,Poor
0x24791,Poor
0x2479a,Standard
0x2479b,Standard
0x2479c,Good
0x2479d,Standard
0x247a6,Poor
0x247a7,Poor
0x247a8,Poor
0x247a9,Poor
0x247b2,Standard
0x247b3,Standard
0x247b4,Standard
0x247b5,Standard
0x247be,Good
0x247bf,Good
0x247c0,Good
0x247c1,Good
0x247ca,Poor
0x247cb,Standard
0x247cc,Poor
0x247cd,Poor
0x247d6,Standard
0x247d7,Standard
0x247d8,Poor
0x247d9,Standard
0x247e2,Poor
0x247e3,Poor
0x247e4,Poor
0x247e5,Poor
0x247ee,Poor
0x247ef,Poor
0x247f0,Poor
0x247f1,Poor
0x247fa,Standard
0x247fb,Standard
0x247fc,Standard
0x247fd,Standard
0x24806,Standard
0x24807,Standard
0x24808,Standard
0x24809,Standard
0x24812,Standard
0x24813,Standard
0x24814,Poor
0x24815,Poor
0x2481e,Good
0x2481f,Good
0x24820,Good
0x24821,Good
0x2482a,Poor
0x2482b,Good
0x2482c,Standard
0x2482d,Standard
0x24836,Poor
0x24837,Poor
0x24838,Poor
0x24839,Poor
0x24842,Good
0x24843,Good
0x24844,Good
0x24845,Good
0x2484e,Poor
0x2484f,Poor
0x24850,Poor
0x24851,Poor
0x2485a,Good
0x2485b,Good
0x2485c,Good
0x2485d,Good
0x24866,Standard
0x24867,Standard
0x24868,Standard
0x24869,Standard
0x24872,Good
0x24873,Good
0x24874,Good
0x24875,Good
0x2487e,Good
0x2487f,Good
0x24880,Good
0x24881,Good
0x2488a,Good
0x2488b,Good
0x2488c,Good
0x2488d,Good
0x24896,Good
0x24897,Good
0x24898,Good
0x24899,Good
0x248a2,Poor
0x248a3,Poor
0x248a4,Poor
0x248a5,Poor
0x248ae,Poor
0x248af,Poor
0x248b0,Poor
0x248b1,Poor
0x248ba,Standard
0x248bb,Standard
0x248bc,Poor
0x248bd,Standard
0x248c6,Good
0x248c7,Good
0x248c8,Good
0x248c9,Good
0x248d2,Poor
0x248d3,Poor
0x248d4,Poor
0x248d5,Poor
0x248de,Good
0x248df,Standard
0x248e0,Good
0x248e1,Good
0x248ea,Standard
0x248eb,Standard
0x248ec,Standard
0x248ed,Standard
0x248f6,Poor
0x248f7,Poor
0x248f8,Poor
0x248f9,Poor
0x24902,Poor
0x24903,Poor
0x24904,Poor
0x24905,Poor
0x2490e,Poor
0x2490f,Poor
0x24910,Poor
0x24911,Poor
0x2491a,Good
0x2491b,Good
0x2491c,Good
0x2491d,Good
0x24926,Poor
0x24927,Poor
0x24928,Poor
0x24929,Poor
0x24932,Good
0x24933,Good
0x24934,Good
0x24935,Good
0x2493e,Standard
0x2493f,Standard
0x24940,Good
0x24941,Good
0x2494a,Good
0x2494b,Good
0x2494c,Good
0x2494d,Good
0x24956,Standard
0x24957,Standard
0x24958,Standard
0x24959,Standard
0x24962,Poor
0x24963,Poor
0x24964,Poor
0x24965,Poor
0x2496e,Good
0x2496f,Good
0x24970,Good
0x24971,Good
0x2497a,Good
0x2497b,Good
0x2497c,Good
0x2497d,Good
0x24986,Good
0x24987,Good
0x24988,Good
0x24989,Good
0x24992,Good
0x24993,Good
0x24994,Good
0x24995,Good
0x2499e,Good
0x2499f,Good
0x249a0,Good
0x249a1,Good
0x249aa,Poor
0x249ab,Poor
0x249ac,Poor
0x249ad,Poor
0x249b6,Poor
0x249b7,Poor
0x249b8,Poor
0x249b9,Poor
0x249c2,Good
0x249c3,Good
0x249c4,Good
0x249c5,Good
0x249ce,Poor
0x249cf,Poor
0x249d0,Poor
0x249d1,Poor
0x249da,Good
0x249db,Good
0x249dc,Good
0x249dd,Good
0x249e6,Good
0x249e7,Good
0x249e8,Good
0x249e9,Good
0x249f2,Poor
0x249f3,Poor
0x249f4,Poor
0x249f5,Poor
0x249fe,Poor
0x249ff,Poor
0x24a00,Poor
0x24a01,Poor
0x24a0a,Standard
0x24a0b,Poor
0x24a0c,Poor
0x24a0d,Standard
0x24a16,Good
0x24a17,Good
0x24a18,Good
0x24a19,Good
0x24a22,Good
0x24a23,Good
0x24a24,Good
0x24a25,Good
0x24a2e,Good
0x24a2f,Good
0x24a30,Good
0x24a31,Good
0x24a3a,Good
0x24a3b,Good
0x24a3c,Good
0x24a3d,Good
0x24a46,Good
0x24a47,Good
0x24a48,Good
0x24a49,Good
0x24a52,Standard
0x24a53,Standard
0x24a54,Standard
0x24a55,Standard
0x24a5e,Standard
0x24a5f,Standard
0x24a60,Standard
0x24a61,Standard
0x24a6a,Poor
0x24a6b,Poor
0x24a6c,Poor
0x24a6d,Poor
0x24a76,Standard
0x24a77,Standard
0x24a78,Good
0x24a79,Standard
0x24a82,Poor
0x24a83,Poor
0x24a84,Poor
0x24a85,Poor
0x24a8e,Poor
0x24a8f,Poor
0x24a90,Poor
0x24a91,Poor
0x24a9a,Good
0x24a9b,Good
0x24a9c,Good
0x24a9d,Good
0x24aa6,Good
0x24aa7,Good
0x24aa8,Good
0x24aa9,Good
0x24ab2,Good
0x24ab3,Good
0x24ab4,Good
0x24ab5,Good
0x24abe,Poor
0x24abf,Poor
0x24ac0,Poor
0x24ac1,Poor
0x24aca,Good
0x24acb,Good
0x24acc,Good
0x24acd,Good
0x24ad6,Good
0x24ad7,Good
0x24ad8,Good
0x24ad9,Good
0x24ae2,Poor
0x24ae3,Poor
0x24ae4,Poor
0x24ae5,Poor
0x24aee,Good
0x24aef,Good
0x24af0,Good
0x24af1,Good
0x24afa,Good
0x24afb,Standard
0x24afc,Good
0x24afd,Good
0x24b06,Standard
0x24b07,Standard
0x24b08,Standard
0x24b09,Standard
0x24b12,Good
0x24b13,Good
0x24b14,Good
0x24b15,Good
0x24b1e,Standard
0x24b1f,Standard
0x24b20,Standard
0x24b21,Standard
0x24b2a,Good
0x24b2b,Good
0x24b2c,Good
0x24b2d,Good
0x24b36,Standard
0x24b37,Standard
0x24b38,Standard
0x24b39,Poor
0x24b42,Good
0x24b43,Good
0x24b44,Good
0x24b45,Good
0x24b4e,Good
0x24b4f,Good
0x24b50,Good
0x24b51,Good
0x24b5a,Good
0x24b5b,Good
0x24b5c,Good
0x24b5d,Good
0x24b66,Good
0x24b67,Good
0x24b68,Good
0x24b69,Good
0x24b72,Good
0x24b73,Good
0x24b74,Good
0x24b75,Good
0x24b7e,Standard
0x24b7f,Poor
0x24b80,Poor
0x24b81,Standard
0x24b8a,Good
0x24b8b,Good
0x24b8c,Good
0x24b8d,Good
0x24b96,Poor
0x24b97,Poor
0x24b98,Poor
0x24b99,Poor
0x24ba2,Standard
0x24ba3,Poor
0x24ba4,Poor
0x24ba5,Poor
0x24bae,Good
0x24baf,Good
0x24bb0,Good
0x24bb1,Good
0x24bba,Standard
0x24bbb,Standard
0x24bbc,Standard
0x24bbd,Standard
0x24bc6,Poor
0x24bc7,Poor
0x24bc8,Poor
0x24bc9,Poor
0x24bd2,Good
0x24bd3,Good
0x24bd4,Good
0x24bd5,Good
0x24bde,Good
0x24bdf,Good
0x24be0,Good
0x24be1,Good
0x24bea,Poor
0x24beb,Poor
0x24bec,Poor
0x24bed,Poor
0x24bf6,Standard
0x24bf7,Poor
0x24bf8,Poor
0x24bf9,Poor
0x24c02,Good
0x24c03,Good
0x24c04,Good
0x24c05,Good
0x24c0e,Good
0x24c0f,Good
0x24c10,Good
0x24c11,Good
0x24c1a,Good
0x24c1b,Good
0x24c1c,Good
0x24c1d,Good
0x24c26,Good
0x24c27,Good
0x24c28,Good
0x24c29,Good
0x24c32,Good
0x24c33,Good
0x24c34,Good
0x24c35,Good
0x24c3e,Good
0x24c3f,Good
0x24c40,Good
0x24c41,Good
0x24c4a,Standard
0x24c4b,Poor
0x24c4c,Standard
0x24c4d,Standard
0x24c56,Good
0x24c57,Good
0x24c58,Good
0x24c59,Good
0x24c62,Poor
0x24c63,Poor
0x24c64,Poor
0x24c65,Poor
0x24c6e,Standard
0x24c6f,Standard
0x24c70,Standard
0x24c71,Standard
0x24c7a,Poor
0x24c7b,Poor
0x24c7c,Poor
0x24c7d,Poor
0x24c86,Standard
0x24c87,Standard
0x24c88,Standard
0x24c89,Standard
0x24c92,Poor
0x24c93,Poor
0x24c94,Poor
0x24c95,Poor
0x24c9e,Poor
0x24c9f,Poor
0x24ca0,Poor
0x24ca1,Poor
0x24caa,Poor
0x24cab,Poor
0x24cac,Poor
0x24cad,Poor
0x24cb6,Good
0x24cb7,Good
0x24cb8,Good
0x24cb9,Good
0x24cc2,Good
0x24cc3,Good
0x24cc4,Good
0x24cc5,Good
0x24cce,Standard
0x24ccf,Standard
0x24cd0,Standard
0x24cd1,Standard
0x24cda,Good
0x24cdb,Good
0x24cdc,Good
0x24cdd,Good
0x24ce6,Good
0x24ce7,Good
0x24ce8,Good
0x24ce9,Good
0x24cf2,Good
0x24cf3,Good
0x24cf4,Good
0x24cf5,Good
0x24cfe,Poor
0x24cff,Poor
0x24d00,Poor
0x24d01,Poor
0x24d0a,Good
0x24d0b,Good
0x24d0c,Good
0x24d0d,Good
0x24d16,Standard
0x24d17,Standard
0x24d18,Standard
0x24d19,Standard
0x24d22,Good
0x24d23,Good
0x24d24,Good
0x24d25,Good
0x24d2e,Good
0x24d2f,Good
0x24d30,Good
0x24d31,Good
0x24d3a,Poor
0x24d3b,Poor
0x24d3c,Poor
0x24d3d,Poor
0x24d46,Good
0x24d47,Good
0x24d48,Good
0x24d49,Good
0x24d52,Poor
0x24d53,Poor
0x24d54,Poor
0x24d55,Poor
0x24d5e,Good
0x24d5f,Good
0x24d60,Good
0x24d61,Good
0x24d6a,Poor
0x24d6b,Poor
0x24d6c,Poor
0x24d6d,Poor
0x24d76,Poor
0x24d77,Poor
0x24d78,Poor
0x24d79,Poor
0x24d82,Standard
0x24d83,Standard
0x24d84,Good
0x24d85,Standard
0x24d8e,Good
0x24d8f,Good
0x24d90,Good
0x24d91,Good
0x24d9a,Poor
0x24d9b,Standard
0x24d9c,Standard
0x24d9d,Standard
0x24da6,Poor
0x24da7,Poor
0x24da8,Poor
0x24da9,Poor
0x24db2,Good
0x24db3,Good
0x24db4,Good
0x24db5,Good
0x24dbe,Good
0x24dbf,Standard
0x24dc0,Good
0x24dc1,Good
0x24dca,Poor
0x24dcb,Poor
0x24dcc,Poor
0x24dcd,Poor
0x24dd6,Good
0x24dd7,Good
0x24dd8,Good
0x24dd9,Good
0x24de2,Standard
0x24de3,Standard
0x24de4,Standard
0x24de5,Poor
0x24dee,Poor
0x24def,Poor
0x24df0,Standard
0x24df1,Poor
0x24dfa,Good
0x24dfb,Good
0x24dfc,Good
0x24dfd,Good
0x24e06,Good
0x24e07,Good
0x24e08,Good
0x24e09,Good
0x24e12,Poor
0x24e13,Poor
0x24e14,Poor
0x24e15,Poor
0x24e1e,Good
0x24e1f,Good
0x24e20,Good
0x24e21,Good
0x24e2a,Good
0x24e2b,Good
0x24e2c,Good
0x24e2d,Good
0x24e36,Good
0x24e37,Standard
0x24e38,Good
0x24e39,Good
0x24e42,Good
0x24e43,Good
0x24e44,Good
0x24e45,Good
0x24e4e,Good
0x24e4f,Good
0x24e50,Good
0x24e51,Good
0x24e5a,Good
0x24e5b,Good
0x24e5c,Good
0x24e5d,Good
0x24e66,Standard
0x24e67,Good
0x24e68,Poor
0x24e69,Poor
0x24e72,Good
0x24e73,Good
0x24e74,Good
0x24e75,Good
0x24e7e,Good
0x24e7f,Good
0x24e80,Good
0x24e81,Good
0x24e8a,Poor
0x24e8b,Poor
0x24e8c,Poor
0x24e8d,Poor
0x24e96,Standard
0x24e97,Standard
0x24e98,Standard
0x24e99,Standard
0x24ea2,Poor
0x24ea3,Poor
0x24ea4,Poor
0x24ea5,Poor
0x24eae,Poor
0x24eaf,Standard
0x24eb0,Standard
0x24eb1,Standard
0x24eba,Standard
0x24ebb,Good
0x24ebc,Standard
0x24ebd,Standard
0x24ec6,Standard
0x24ec7,Standard
0x24ec8,Standard
0x24ec9,Standard
0x24ed2,Poor
0x24ed3,Poor
0x24ed4,Poor
0x24ed5,Poor
0x24ede,Good
0x24edf,Good
0x24ee0,Good
0x24ee1,Good
0x24eea,Good
0x24eeb,Good
0x24eec,Good
0x24eed,Good
0x24ef6,Poor
0x24ef7,Poor
0x24ef8,Poor
0x24ef9,Poor
0x24f02,Good
0x24f03,Good
0x24f04,Good
0x24f05,Good
0x24f0e,Good
0x24f0f,Good
0x24f10,Good
0x24f11,Good
0x24f1a,Poor
0x24f1b,Poor
0x24f1c,Poor
0x24f1d,Poor
0x24f26,Good
0x24f27,Standard
0x24f28,Good
0x24f29,Good
0x24f32,Standard
0x24f33,Standard
0x24f34,Good
0x24f35,Standard
0x24f3e,Good
0x24f3f,Good
0x24f40,Good
0x24f41,Good
0x24f4a,Good
0x24f4b,Good
0x24f4c,Good
0x24f4d,Good
0x24f56,Poor
0x24f57,Poor
0x24f58,Poor
0x24f59,Standard
0x24f62,Standard
0x24f63,Standard
0x24f64,Standard
0x24f65,Poor
0x24f6e,Standard
0x24f6f,Standard
0x24f70,Standard
0x24f71,Standard
0x24f7a,Poor
0x24f7b,Poor
0x24f7c,Poor
0x24f7d,Poor
0x24f86,Good
0x24f87,Good
0x24f88,Good
0x24f89,Good
0x24f92,Poor
0x24f93,Poor
0x24f94,Poor
0x24f95,Poor
0x24f9e,Good
0x24f9f,Good
0x24fa0,Standard
0x24fa1,Good
0x24faa,Good
0x24fab,Good
0x24fac,Good
0x24fad,Good
0x24fb6,Standard
0x24fb7,Standard
0x24fb8,Good
0x24fb9,Good
0x24fc2,Good
0x24fc3,Standard
0x24fc4,Good
0x24fc5,Good
0x24fce,Poor
0x24fcf,Poor
0x24fd0,Poor
0x24fd1,Poor
0x24fda,Poor
0x24fdb,Poor
0x24fdc,Poor
0x24fdd,Poor
0x24fe6,Poor
0x24fe7,Poor
0x24fe8,Poor
0x24fe9,Poor
0x24ff2,Good
0x24ff3,Standard
0x24ff4,Good
0x24ff5,Standard
0x24ffe,Good
0x24fff,Good
0x25000,Good
0x25001,Good
0x2500a,Good
0x2500b,Good
0x2500c,Good
0x2500d,Good
0x25016,Poor
0x25017,Poor
0x25018,Poor
0x25019,Poor
0x25022,Poor
0x25023,Poor
0x25024,Poor
0x25025,Poor
0x2502e,Poor
0x2502f,Poor
0x25030,Poor
0x25031,Poor
0x2503a,Poor
0x2503b,Poor
0x2503c,Poor
0x2503d,Poor
0x25046,Poor
0x25047,Poor
0x25048,Poor
0x25049,Poor
0x25052,Poor
0x25053,Poor
0x25054,Poor
0x25055,Poor
0x2505e,Poor
0x2505f,Poor
0x25060,Poor
0x25061,Poor
0x2506a,Standard
0x2506b,Standard
0x2506c,Standard
0x2506d,Standard
0x25076,Poor
0x25077,Poor
0x25078,Poor
0x25079,Poor
0x25082,Good
0x25083,Good
0x25084,Good
0x25085,Good
0x2508e,Good
0x2508f,Standard
0x25090,Good
0x25091,Good
0x2509a,Standard
0x2509b,Standard
0x2509c,Standard
0x2509d,Standard
0x250a6,Poor
0x250a7,Poor
0x250a8,Poor
0x250a9,Poor
0x250b2,Standard
0x250b3,Standard
0x250b4,Standard
0x250b5,Poor
0x250be,Poor
0x250bf,Poor
0x250c0,Poor
0x250c1,Poor
0x250ca,Poor
0x250cb,Poor
0x250cc,Poor
0x250cd,Poor
0x250d6,Standard
0x250d7,Standard
0x250d8,Poor
0x250d9,Standard
0x250e2,Poor
0x250e3,Poor
0x250e4,Poor
0x250e5,Poor
0x250ee,Standard
0x250ef,Standard
0x250f0,Standard
0x250f1,Standard
0x250fa,Poor
0x250fb,Standard
0x250fc,Poor
0x250fd,Poor
0x25106,Good
0x25107,Good
0x25108,Good
0x25109,Good
0x25112,Good
0x25113,Standard
0x25114,Good
0x25115,Good
0x2511e,Good
0x2511f,Good
0x25120,Good
0x25121,Good
0x2512a,Good
0x2512b,Good
0x2512c,Good
0x2512d,Good
0x25136,Poor
0x25137,Poor
0x25138,Poor
0x25139,Poor
0x25142,Poor
0x25143,Poor
0x25144,Poor
0x25145,Poor
0x2514e,Standard
0x2514f,Standard
0x25150,Standard
0x25151,Standard
0x2515a,Good
0x2515b,Good
0x2515c,Good
0x2515d,Good
0x25166,Good
0x25167,Good
0x25168,Good
0x25169,Good
0x25172,Good
0x25173,Good
0x25174,Good
0x25175,Good
0x2517e,Good
0x2517f,Good
0x25180,Good
0x25181,Good
0x2518a,Standard
0x2518b,Standard
0x2518c,Standard
0x2518d,Standard
0x25196,Good
0x25197,Good
0x25198,Good
0x25199,Good
0x251a2,Good
0x251a3,Good
0x251a4,Good
0x251a5,Good
0x251ae,Good
0x251af,Good
0x251b0,Good
0x251b1,Good
0x251ba,Good
0x251bb,Good
0x251bc,Good
0x251bd,Good
0x251c6,Standard
0x251c7,Standard
0x251c8,Poor
0x251c9,Standard
0x251d2,Poor
0x251d3,Poor
0x251d4,Poor
0x251d5,Poor
0x251de,Standard
0x251df,Standard
0x251e0,Standard
0x251e1,Standard
0x251ea,Good
0x251eb,Good
0x251ec,Good
0x251ed,Good
0x251f6,Poor
0x251f7,Poor
0x251f8,Poor
0x251f9,Poor
0x25202,Standard
0x25203,Standard
0x25204,Standard
0x25205,Standard
0x2520e,Good
0x2520f,Good
0x25210,Good
0x25211,Good
0x2521a,Good
0x2521b,Good
0x2521c,Good
0x2521d,Good
0x25226,Standard
0x25227,Standard
0x25228,Standard
0x25229,Standard
0x25232,Good
0x25233,Good
0x25234,Good
0x25235,Good
0x2523e,Poor
0x2523f,Poor
0x25240,Poor
0x25241,Poor
0x2524a,Standard
0x2524b,Standard
0x2524c,Standard
0x2524d,Poor
0x25256,Poor
0x25257,Poor
0x25258,Poor
0x25259,Poor
0x25262,Poor
0x25263,Poor
0x25264,Poor
0x25265,Poor
0x2526e,Good
0x2526f,Good
0x25270,Good
0x25271,Good
0x2527a,Poor
0x2527b,Poor
0x2527c,Poor
0x2527d,Poor
0x25286,Standard
0x25287,Standard
0x25288,Standard
0x25289,Standard
0x25292,Good
0x25293,Standard
0x25294,Good
0x25295,Standard
0x2529e,Good
0x2529f,Good
0x252a0,Good
0x252a1,Good
0x252aa,Poor
0x252ab,Good
0x252ac,Standard
0x252ad,Poor
0x252b6,Good
0x252b7,Good
0x252b8,Good
0x252b9,Good
0x252c2,Poor
0x252c3,Poor
0x252c4,Poor
0x252c5,Poor
0x252ce,Good
0x252cf,Good
0x252d0,Good
0x252d1,Good
0x252da,Standard
0x252db,Standard
0x252dc,Standard
0x252dd,Standard
0x252e6,Poor
0x252e7,Poor
0x252e8,Poor
0x252e9,Poor
0x252f2,Standard
0x252f3,Standard
0x252f4,Standard
0x252f5,Standard
0x252fe,Good
0x252ff,Good
0x25300,Good
0x25301,Good
0x2530a,Poor
0x2530b,Poor
0x2530c,Poor
0x2530d,Poor
0x25316,Standard
0x25317,Standard
0x25318,Standard
0x25319,Standard
0x25322,Good
0x25323,Good
0x25324,Good
0x25325,Good
0x2532e,Standard
0x2532f,Standard
0x25330,Standard
0x25331,Standard
0x2533a,Poor
0x2533b,Poor
0x2533c,Poor
0x2533d,Poor
0x25346,Good
0x25347,Good
0x25348,Good
0x25349,Good
0x25352,Standard
0x25353,Good
0x25354,Good
0x25355,Good
0x2535e,Standard
0x2535f,Standard
0x25360,Standard
0x25361,Standard
0x2536a,Good
0x2536b,Good
0x2536c,Good
0x2536d,Good
0x25376,Standard
0x25377,Standard
0x25378,Standard
0x25379,Standard
0x25382,Standard
0x25383,Standard
0x25384,Standard
0x25385,Standard
0x2538e,Poor
0x2538f,Poor
0x25390,Poor
0x25391,Poor
0x2539a,Good
0x2539b,Good
0x2539c,Good
0x2539d,Good
0x253a6,Good
0x253a7,Good
0x253a8,Good
0x253a9,Good
0x253b2,Good
0x253b3,Good
0x253b4,Good
0x253b5,Good
0x253be,Poor
0x253bf,Poor
0x253c0,Standard
0x253c1,Standard
0x253ca,Poor
0x253cb,Poor
0x253cc,Poor
0x253cd,Poor
0x253d6,Good
0x253d7,Good
0x253d8,Standard
0x253d9,Good
0x253e2,Good
0x253e3,Good
0x253e4,Good
0x253e5,Standard
0x253ee,Good
0x253ef,Good
0x253f0,Good
0x253f1,Good
0x253fa,Standard
0x253fb,Standard
0x253fc,Standard
0x253fd,Standard
0x25406,Good
0x25407,Good
0x25408,Good
0x25409,Good
0x25412,Poor
0x25413,Standard
0x25414,Standard
0x25415,Standard
0x2541e,Good
0x2541f,Good
0x25420,Good
0x25421,Good
0x2542a,Poor
0x2542b,Poor
0x2542c,Poor
0x2542d,Poor
0x25436,Good
0x25437,Good
0x25438,Good
0x25439,Good
0x25442,Standard
0x25443,Standard
0x25444,Standard
0x25445,Standard
0x2544e,Standard
0x2544f,Standard
0x25450,Standard
0x25451,Standard
0x2545a,Poor
0x2545b,Poor
0x2545c,Poor
0x2545d,Poor
0x25466,Good
0x25467,Good
0x25468,Good
0x25469,Good
0x25472,Poor
0x25473,Poor
0x25474,Poor
0x25475,Poor
0x2547e,Good
0x2547f,Good
0x25480,Good
0x25481,Good
0x2548a,Poor
0x2548b,Poor
0x2548c,Poor
0x2548d,Poor
0x25496,Poor
0x25497,Poor
0x25498,Poor
0x25499,Poor
0x254a2,Good
0x254a3,Poor
0x254a4,Poor
0x254a5,Poor
0x254ae,Standard
0x254af,Standard
0x254b0,Standard
0x254b1,Standard
0x254ba,Poor
0x254bb,Poor
0x254bc,Poor
0x254bd,Poor
0x254c6,Good
0x254c7,Good
0x254c8,Good
0x254c9,Good
0x254d2,Standard
0x254d3,Standard
0x254d4,Standard
0x254d5,Standard
0x254de,Poor
0x254df,Poor
0x254e0,Poor
0x254e1,Poor
0x254ea,Poor
0x254eb,Poor
0x254ec,Poor
0x254ed,Poor
0x254f6,Standard
0x254f7,Standard
0x254f8,Standard
0x254f9,Standard
0x25502,Standard
0x25503,Standard
0x25504,Standard
0x25505,Standard
0x2550e,Poor
0x2550f,Poor
0x25510,Poor
0x25511,Poor
0x2551a,Poor
0x2551b,Poor
0x2551c,Poor
0x2551d,Poor
0x25526,Good
0x25527,Good
0x25528,Good
0x25529,Good
0x25532,Good
0x25533,Good
0x25534,Good
0x25535,Good
0x2553e,Poor
0x2553f,Poor
0x25540,Poor
0x25541,Poor
0x2554a,Good
0x2554b,Good
0x2554c,Good
0x2554d,Good
0x25556,Standard
0x25557,Standard
0x25558,Standard
0x25559,Standard
0x25562,Poor
0x25563,Poor
0x25564,Poor
0x25565,Poor
0x2556e,Good
0x2556f,Good
0x25570,Good
0x25571,Good
0x2557a,Poor
0x2557b,Standard
0x2557c,Standard
0x2557d,Standard
0x25586,Good
0x25587,Good
0x25588,Good
0x25589,Good
0x25592,Standard
0x25593,Standard
0x25594,Standard
0x25595,Standard
0x2559e,Poor
0x2559f,Poor
0x255a0,Poor
0x255a1,Poor
0x255aa,Poor
0x255ab,Standard
0x255ac,Standard
0x255ad,Standard
0x255b6,Poor
0x255b7,Poor
0x255b8,Poor
0x255b9,Poor
0x255c2,Good
0x255c3,Good
0x255c4,Good
0x255c5,Good
0x255ce,Good
0x255cf,Good
0x255d0,Good
0x255d1,Good
0x255da,Good
0x255db,Good
0x255dc,Good
0x255dd,Good
0x255e6,Poor
0x255e7,Poor
0x255e8,Poor
0x255e9,Poor
0x255f2,Standard
0x255f3,Good
0x255f4,Good
0x255f5,Standard
0x255fe,Good
0x255ff,Good
0x25600,Good
0x25601,Good
0x2560a,Poor
0x2560b,Standard
0x2560c,Poor
0x2560d,Poor
0x25616,Standard
0x25617,Standard
0x25618,Standard
0x25619,Standard
0x25622,Poor
0x25623,Poor
0x25624,Poor
0x25625,Poor
0x2562e,Good
0x2562f,Good
0x25630,Good
0x25631,Good
0x2563a,Good
0x2563b,Good
0x2563c,Good
0x2563d,Good
0x25646,Good
0x25647,Good
0x25648,Good
0x25649,Good
0x25652,Standard
0x25653,Standard
0x25654,Standard
0x25655,Standard
0x2565e,Poor
0x2565f,Poor
0x25660,Poor
0x25661,Poor
0x2566a,Standard
0x2566b,Standard
0x2566c,Standard
0x2566d,Standard
0x25676,Standard
0x25677,Standard
0x25678,Standard
0x25679,Standard
0x25682,Standard
0x25683,Standard
0x25684,Standard
0x25685,Standard
0x2568e,Good
0x2568f,Good
0x25690,Good
0x25691,Good
0x2569a,Good
0x2569b,Good
0x2569c,Good
0x2569d,Good
0x256a6,Good
0x256a7,Good
0x256a8,Standard
0x256a9,Good
0x256b2,Poor
0x256b3,Poor
0x256b4,Poor
0x256b5,Poor
0x256be,Standard
0x256bf,Standard
0x256c0,Good
0x256c1,Standard
0x256ca,Poor
0x256cb,Poor
0x256cc,Poor
0x256cd,Poor
0x256d6,Good
0x256d7,Good
0x256d8,Good
0x256d9,Good
0x256e2,Poor
0x256e3,Poor
0x256e4,Poor
0x256e5,Poor
0x256ee,Standard
0x256ef,Standard
0x256f0,Standard
0x256f1,Standard
0x256fa,Poor
0x256fb,Poor
0x256fc,Poor
0x256fd,Poor
0x25706,Standard
0x25707,Standard
0x25708,Standard
0x25709,Poor
0x25712,Good
0x25713,Good
0x25714,Good
0x25715,Good
0x2571e,Good
0x2571f,Good
0x25720,Good
0x25721,Good
0x2572a,Poor
0x2572b,Poor
0x2572c,Poor
0x2572d,Poor
0x25736,Good
0x25737,Good
0x25738,Good
0x25739,Good
0x25742,Good
0x25743,Good
0x25744,Good
0x25745,Good
0x2574e,Poor
0x2574f,Poor
0x25750,Poor
0x25751,Poor
0x2575a,Good
0x2575b,Good
0x2575c,Good
0x2575d,Good
0x25766,Poor
0x25767,Standard
0x25768,Poor
0x25769,Poor
0x25772,Good
0x25773,Good
0x25774,Good
0x25775,Good
0x2577e,Good
0x2577f,Good
0x25780,Good
0x25781,Good
0x2578a,Poor
0x2578b,Poor
0x2578c,Poor
0x2578d,Poor
0x25796,Good
0x25797,Good
0x25798,Good
0x25799,Good
0x257a2,Good
0x257a3,Good
0x257a4,Good
0x257a5,Good
0x257ae,Standard
0x257af,Standard
0x257b0,Standard
0x257b1,Standard
0x257ba,Good
0x257bb,Good
0x257bc,Good
0x257bd,Good
0x257c6,Poor
0x257c7,Poor
0x257c8,Poor
0x257c9,Poor
0x257d2,Good
0x257d3,Good
0x257d4,Good
0x257d5,Good
0x257de,Poor
0x257df,Poor
0x257e0,Poor
0x257e1,Poor
0x257ea,Poor
0x257eb,Poor
0x257ec,Poor
0x257ed,Poor
0x257f6,Poor
0x257f7,Poor
0x257f8,Poor
0x257f9,Poor
0x25802,Good
0x25803,Good
0x25804,Good
0x25805,Good
0x2580e,Poor
0x2580f,Poor
0x25810,Poor
0x25811,Poor
0x2581a,Poor
0x2581b,Poor
0x2581c,Poor
0x2581d,Poor
0x25826,Good
0x25827,Good
0x25828,Good
0x25829,Good
0x25832,Good
0x25833,Good
0x25834,Good
0x25835,Good
0x2583e,Standard
0x2583f,Standard
0x25840,Standard
0x25841,Standard
0x2584a,Good
0x2584b,Good
0x2584c,Good
0x2584d,Good
0x25856,Poor
0x25857,Poor
0x25858,Poor
0x25859,Poor
0x25862,Good
0x25863,Good
0x25864,Good
0x25865,Good
0x2586e,Standard
0x2586f,Standard
0x25870,Standard
0x25871,Good
0x2587a,Poor
0x2587b,Poor
0x2587c,Poor
0x2587d,Poor
0x25886,Good
0x25887,Good
0x25888,Good
0x25889,Good
0x25892,Standard
0x25893,Good
0x25894,Good
0x25895,Good
0x2589e,Poor
0x2589f,Poor
0x258a0,Poor
0x258a1,Poor
0x258aa,Standard
0x258ab,Standard
0x258ac,Standard
0x258ad,Standard
0x258b6,Standard
0x258b7,Standard
0x258b8,Standard
0x258b9,Poor
0x258c2,Good
0x258c3,Good
0x258c4,Standard
0x258c5,Good
0x258ce,Good
0x258cf,Good
0x258d0,Standard
0x258d1,Good
0x258da,Good
0x258db,Good
0x258dc,Good
0x258dd,Good
0x258e6,Good
0x258e7,Good
0x258e8,Good
0x258e9,Good
0x258f2,Poor
0x258f3,Standard
0x258f4,Poor
0x258f5,Poor
0x258fe,Good
0x258ff,Good
0x25900,Good
0x25901,Good
0x2590a,Good
0x2590b,Good
0x2590c,Standard
0x2590d,Standard
0x25916,Poor
0x25917,Poor
0x25918,Poor
0x25919,Poor
0x25922,Poor
0x25923,Poor
0x25924,Poor
0x25925,Poor
0x2592e,Good
0x2592f,Good
0x25930,Good
0x25931,Good
0x2593a,Standard
0x2593b,Standard
0x2593c,Standard
0x2593d,Good
0x25946,Good
0x25947,Good
0x25948,Good
0x25949,Good
0x25952,Poor
0x25953,Standard
0x25954,Standard
0x25955,Standard
0x2595e,Good
0x2595f,Good
0x25960,Good
0x25961,Good
0x2596a,Poor
0x2596b,Poor
0x2596c,Poor
0x2596d,Poor
0x25976,Standard
0x25977,Standard
0x25978,Poor
0x25979,Poor
0x25982,Standard
0x25983,Standard
0x25984,Standard
0x25985,Standard
0x2598e,Standard
0x2598f,Standard
0x25990,Standard
0x25991,Standard
0x2599a,Standard
0x2599b,Standard
0x2599c,Standard
0x2599d,Standard
0x259a6,Poor
0x259a7,Poor
0x259a8,Poor
0x259a9,Poor
0x259b2,Good
0x259b3,Good
0x259b4,Good
0x259b5,Good
0x259be,Poor
0x259bf,Poor
0x259c0,Poor
0x259c1,Poor
0x259ca,Good
0x259cb,Good
0x259cc,Good
0x259cd,Good
0x259d6,Poor
0x259d7,Poor
0x259d8,Poor
0x259d9,Poor
0x259e2,Poor
0x259e3,Poor
0x259e4,Poor
0x259e5,Poor
0x259ee,Good
0x259ef,Good
0x259f0,Good
0x259f1,Good
0x259fa,Good
0x259fb,Good
0x259fc,Good
0x259fd,Good
0x25a06,Good
0x25a07,Good
0x25a08,Good
0x25a09,Good
0x25a12,Good
0x25a13,Good
0x25a14,Good
0x25a15,Good
0x25a1e,Poor
0x25a1f,Standard
0x25a20,Standard
0x25a21,Standard
0x25a2a,Poor
0x25a2b,Poor
0x25a2c,Poor
0x25a2d,Poor
0x25a36,Good
0x25a37,Good
0x25a38,Good
0x25a39,Standard
0x25a42,Good
0x25a43,Good
0x25a44,Good
0x25a45,Good
0x25a4e,Standard
0x25a4f,Standard
0x25a50,Standard
0x25a51,Standard
0x25a5a,Good
0x25a5b,Good
0x25a5c,Good
0x25a5d,Good
0x25a66,Good
0x25a67,Good
0x25a68,Good
0x25a69,Good
0x25a72,Good
0x25a73,Good
0x25a74,Good
0x25a75,Good
0x25a7e,Poor
0x25a7f,Poor
0x25a80,Poor
0x25a81,Poor
0x25a8a,Good
0x25a8b,Good
0x25a8c,Good
0x25a8d,Good
0x25a96,Poor
0x25a97,Poor
0x25a98,Poor
0x25a99,Poor
0x25aa2,Poor
0x25aa3,Poor
0x25aa4,Poor
0x25aa5,Poor
0x25aae,Good
0x25aaf,Good
0x25ab0,Good
0x25ab1,Good
0x25aba,Standard
0x25abb,Standard
0x25abc,Standard
0x25abd,Standard
0x25ac6,Poor
0x25ac7,Poor
0x25ac8,Poor
0x25ac9,Poor
0x25ad2,Poor
0x25ad3,Poor
0x25ad4,Poor
0x25ad5,Poor
0x25ade,Poor
0x25adf,Poor
0x25ae0,Poor
0x25ae1,Poor
0x25aea,Standard
0x25aeb,Standard
0x25aec,Standard
0x25aed,Standard
0x25af6,Poor
0x25af7,Poor
0x25af8,Poor
0x25af9,Standard
0x25b02,Poor
0x25b03,Poor
0x25b04,Poor
0x25b05,Poor
0x25b0e,Poor
0x25b0f,Poor
0x25b10,Poor
0x25b11,Poor
0x25b1a,Poor
0x25b1b,Poor
0x25b1c,Poor
0x25b1d,Poor
0x25b26,Standard
0x25b27,Poor
0x25b28,Poor
0x25b29,Poor
0x25b32,Good
0x25b33,Good
0x25b34,Good
0x25b35,Good
0x25b3e,Standard
0x25b3f,Good
0x25b40,Good
0x25b41,Standard
0x25b4a,Poor
0x25b4b,Poor
0x25b4c,Poor
0x25b4d,Poor
0x25b56,Good
0x25b57,Good
0x25b58,Good
0x25b59,Good
0x25b62,Good
0x25b63,Good
0x25b64,Good
0x25b65,Good
0x25b6e,Good
0x25b6f,Good
0x25b70,Good
0x25b71,Good
0x25b7a,Good
0x25b7b,Good
0x25b7c,Good
0x25b7d,Good
0x25b86,Good
0x25b87,Good
0x25b88,Good
0x25b89,Good
0x25b92,Good
0x25b93,Good
0x25b94,Good
0x25b95,Good
0x25b9e,Good
0x25b9f,Good
0x25ba0,Good
0x25ba1,Good
0x25baa,Good
0x25bab,Good
0x25bac,Good
0x25bad,Standard
0x25bb6,Good
0x25bb7,Good
0x25bb8,Good
0x25bb9,Good
0x25bc2,Good
0x25bc3,Good
0x25bc4,Good
0x25bc5,Good
0x25bce,Poor
0x25bcf,Standard
0x25bd0,Standard
0x25bd1,Poor
0x25bda,Good
0x25bdb,Good
0x25bdc,Good
0x25bdd,Good
0x25be6,Good
0x25be7,Good
0x25be8,Good
0x25be9,Good
0x25bf2,Standard
0x25bf3,Standard
0x25bf4,Standard
0x25bf5,Standard
0x25bfe,Good
0x25bff,Standard
0x25c00,Standard
0x25c01,Standard
0x25c0a,Standard
0x25c0b,Standard
0x25c0c,Standard
0x25c0d,Standard
0x25c16,Good
0x25c17,Good
0x25c18,Standard
0x25c19,Good
0x25c22,Good
0x25c23,Good
0x25c24,Good
0x25c25,Good
0x25c2e,Standard
0x25c2f,Standard
0x25c30,Standard
0x25c31,Standard
0x25c3a,Standard
0x25c3b,Standard
0x25c3c,Standard
0x25c3d,Standard
0x25c46,Good
0x25c47,Good
0x25c48,Good
0x25c49,Good
0x25c52,Poor
0x25c53,Poor
0x25c54,Poor
0x25c55,Poor
0x25c5e,Good
0x25c5f,Good
0x25c60,Good
0x25c61,Good
0x25c6a,Standard
0x25c6b,Standard
0x25c6c,Standard
0x25c6d,Standard
0x25c76,Poor
0x25c77,Poor
0x25c78,Poor
0x25c79,Poor
0x25c82,Poor
0x25c83,Poor
0x25c84,Poor
0x25c85,Poor
0x25c8e,Poor
0x25c8f,Poor
0x25c90,Poor
0x25c91,Poor
0x25c9a,Poor
0x25c9b,Poor
0x25c9c,Poor
0x25c9d,Poor
0x25ca6,Poor
0x25ca7,Poor
0x25ca8,Poor
0x25ca9,Poor
0x25cb2,Good
0x25cb3,Good
0x25cb4,Good
0x25cb5,Good
0x25cbe,Poor
0x25cbf,Poor
0x25cc0,Poor
0x25cc1,Poor
0x25cca,Good
0x25ccb,Good
0x25ccc,Good
0x25ccd,Good
0x25cd6,Poor
0x25cd7,Poor
0x25cd8,Poor
0x25cd9,Poor
0x25ce2,Good
0x25ce3,Good
0x25ce4,Good
0x25ce5,Good
0x25cee,Good
0x25cef,Good
0x25cf0,Standard
0x25cf1,Good
0x25cfa,Poor
0x25cfb,Poor
0x25cfc,Poor
0x25cfd,Poor
0x25d06,Good
0x25d07,Good
0x25d08,Good
0x25d09,Good
0x25d12,Standard
0x25d13,Standard
0x25d14,Standard
0x25d15,Standard
0x25d1e,Good
0x25d1f,Good
0x25d20,Good
0x25d21,Good
0x25d2a,Poor
0x25d2b,Poor
0x25d2c,Poor
0x25d2d,Poor
0x25d36,Poor
0x25d37,Poor
0x25d38,Poor
0x25d39,Poor
0x25d42,Standard
0x25d43,Poor
0x25d44,Standard
0x25d45,Standard
0x25d4e,Poor
0x25d4f,Poor
0x25d50,Poor
0x25d51,Standard
0x25d5a,Poor
0x25d5b,Poor
0x25d5c,Poor
0x25d5d,Poor
0x25d66,Good
0x25d67,Good
0x25d68,Good
0x25d69,Good
0x25d72,Good
0x25d73,Good
0x25d74,Good
0x25d75,Good
0x25d7e,Standard
0x25d7f,Standard
0x25d80,Standard
0x25d81,Standard
0x25d8a,Standard
0x25d8b,Standard
0x25d8c,Standard
0x25d8d,Standard
0x25d96,Poor
0x25d97,Standard
0x25d98,Standard
0x25d99,Standard
0x25da2,Good
0x25da3,Good
0x25da4,Good
0x25da5,Good
0x25dae,Good
0x25daf,Good
0x25db0,Good
0x25db1,Good
0x25dba,Good
0x25dbb,Good
0x25dbc,Good
0x25dbd,Good
0x25dc6,Good
0x25dc7,Good
0x25dc8,Good
0x25dc9,Good
0x25dd2,Good
0x25dd3,Good
0x25dd4,Good
0x25dd5,Good
0x25dde,Good
0x25ddf,Good
0x25de0,Good
0x25de1,Good
0x25dea,Good
0x25deb,Good
0x25dec,Good
0x25ded,Good
0x25df6,Good
0x25df7,Good
0x25df8,Good
0x25df9,Good
0x25e02,Good
0x25e03,Good
0x25e04,Good
0x25e05,Good
0x25e0e,Good
0x25e0f,Good
0x25e10,Good
0x25e11,Good
0x25e1a,Good
0x25e1b,Standard
0x25e1c,Good
0x25e1d,Good
0x25e26,Standard
0x25e27,Standard
0x25e28,Standard
0x25e29,Poor
0x25e32,Good
0x25e33,Good
0x25e34,Standard
0x25e35,Good
0x25e3e,Good
0x25e3f,Good
0x25e40,Good
0x25e41,Good
0x25e4a,Good
0x25e4b,Good
0x25e4c,Good
0x25e4d,Good
0x25e56,Standard
0x25e57,Standard
0x25e58,Standard
0x25e59,Standard
0x25e62,Standard
0x25e63,Good
0x25e64,Standard
0x25e65,Standard
0x25e6e,Poor
0x25e6f,Poor
0x25e70,Poor
0x25e71,Poor
0x25e7a,Poor
0x25e7b,Poor
0x25e7c,Poor
0x25e7d,Poor
0x25e86,Poor
0x25e87,Poor
0x25e88,Poor
0x25e89,Poor
0x25e92,Good
0x25e93,Good
0x25e94,Good
0x25e95,Good
0x25e9e,Poor
0x25e9f,Standard
0x25ea0,Standard
0x25ea1,Standard
0x25eaa,Poor
0x25eab,Poor
0x25eac,Poor
0x25ead,Poor
0x25eb6,Good
0x25eb7,Good
0x25eb8,Good
0x25eb9,Good
0x25ec2,Standard
0x25ec3,Standard
0x25ec4,Standard
0x25ec5,Standard
0x25ece,Poor
0x25ecf,Poor
0x25ed0,Poor
0x25ed1,Poor
0x25eda,Good
0x25edb,Good
0x25edc,Good
0x25edd,Good
0x25ee6,Poor
0x25ee7,Poor
0x25ee8,Poor
0x25ee9,Poor
0x25ef2,Good
0x25ef3,Good
0x25ef4,Good
0x25ef5,Good
0x25efe,Poor
0x25eff,Poor
0x25f00,Poor
0x25f01,Poor
0x25f0a,Poor
0x25f0b,Poor
0x25f0c,Poor
0x25f0d,Poor
0x25f16,Poor
0x25f17,Poor
0x25f18,Poor
0x25f19,Poor
0x25f22,Standard
0x25f23,Standard
0x25f24,Standard
0x25f25,Standard
0x25f2e,Good
0x25f2f,Good
0x25f30,Good
0x25f31,Standard
0x25f3a,Good
0x25f3b,Good
0x25f3c,Good
0x25f3d,Good
0x25f46,Good
0x25f47,Good
0x25f48,Good
0x25f49,Good
0x25f52,Good
0x25f53,Good
0x25f54,Good
0x25f55,Good
0x25f5e,Standard
0x25f5f,Standard
0x25f60,Standard
0x25f61,Standard
0x25f6a,Good
0x25f6b,Good
0x25f6c,Good
0x25f6d,Good
0x25f76,Standard
0x25f77,Standard
0x25f78,Standard
0x25f79,Standard
0x25f82,Good
0x25f83,Good
0x25f84,Good
0x25f85,Good
0x25f8e,Poor
0x25f8f,Poor
0x25f90,Poor
0x25f91,Poor
0x25f9a,Good
0x25f9b,Good
0x25f9c,Good
0x25f9d,Good
0x25fa6,Good
0x25fa7,Good
0x25fa8,Good
0x25fa9,Good
0x25fb2,Good
0x25fb3,Good
0x25fb4,Good
0x25fb5,Standard
0x25fbe,Standard
0x25fbf,Standard
0x25fc0,Standard
0x25fc1,Standard
0x25fca,Standard
0x25fcb,Standard
0x25fcc,Standard
0x25fcd,Standard
0x25fd6,Good
0x25fd7,Good
0x25fd8,Good
0x25fd9,Good
0x25fe2,Poor
0x25fe3,Poor
0x25fe4,Poor
0x25fe5,Poor
0x25fee,Good
0x25fef,Good
0x25ff0,Good
0x25ff1,Good
